batch_no,relative_path,product_type,product_name,brand,model,main_category,sub_category,part_info,image_type,status,reason,unreadable_info
1,-0000063-PHOTO-2026-05-13-16-20-01.jpg,tencere,Tencere seti,vestel,E63,Mutfak gereçleri,Tencere seti,5 adet,belirlenemedi,net,OCR metni üzerinden net görüldü.,Marka/model/özellikler belirlenemedi
1,00000033-PHOTO-2026-09-11-22-08-38.jpg,belirlenemedi,DN ségp 1 \S,belirlenemedi,belirlenemedi,Belirlenemedi,Belirlenemedi,belirlenemedi,belirlenemedi,belirsiz,Ürün tipi ve/veya tanımlayıcı metinler net okunamadı.,Marka/model/özellikler belirlenemedi
1,00000034-PHOTO-2026-09-11-22-08-38.jpg,belirlenemedi,FE @ 1 as i & co a ‘| ' | yt om } oe - _. Hy a /& z | 4 «#2 ,belirlenemedi,belirlenemedi,Belirlenemedi,Belirlenemedi,belirlenemedi,belirlenemedi,belirsiz,Ürün tipi ve/veya tanımlayıcı metinler net okunamadı.,Marka/model/özellikler belirlenemedi
1,00000035-PHOTO-2026-09-11-22-08-39.jpg,belirlenemedi,on NO \ae 2 ' : F i me ¢ _ Bes,belirlenemedi,belirlenemedi,Belirlenemedi,Belirlenemedi,belirlenemedi,belirlenemedi,belirsiz,Ürün tipi ve/veya tanımlayıcı metinler net okunamadı.,Marka/model/özellikler belirlenemedi
1,00000036-PHOTO-2026-09-11-22-08-39.jpg,mini fırın,45 Litre Midi Fırın,simfer,SS 4,Elektrikli ev aleti,Mini fırın,belirlenemedi,ürün,net,Marka ve ürün tipi belirgin şekilde okunuyor; kategori netleşti.,Marka/model/özellikler belirlenemedi
1,00000037-PHOTO-2026-09-11-22-08-39.jpg,belirlenemedi,"Sun ay it. : eee 2 + * , i eases? ~ a f tan vi) M - HH cd : ",belirlenemedi,belirlenemedi,Belirlenemedi,Belirlenemedi,belirlenemedi,belirlenemedi,belirsiz,Ürün tipi ve/veya tanımlayıcı metinler net okunamadı.,Marka/model/özellikler belirlenemedi
1,00000038-PHOTO-2026-09-11-22-08-39.jpg,belirlenemedi,Pe...,belirlenemedi,belirlenemedi,Belirlenemedi,Belirlenemedi,belirlenemedi,belirlenemedi,belirsiz,Ürün tipi ve/veya tanımlayıcı metinler net okunamadı.,Marka/model/özellikler belirlenemedi
1,00000039-PHOTO-2026-09-11-22-08-39.jpg,belirlenemedi,wemoay 3 S90 ‘ ‘ $ Vetacicras J | f yf J i eens! Py Oh z Pah,belirlenemedi,S90,Belirlenemedi,Belirlenemedi,belirlenemedi,belirlenemedi,belirsiz,Ürün tipi ve/veya tanımlayıcı metinler net okunamadı.,Marka/model/özellikler belirlenemedi
1,00000040-PHOTO-2026-09-11-22-08-38.jpg,belirlenemedi,= —e & o vient aan i} Pm fine c . om “ Ley one ' at | Zs y a,belirlenemedi,belirlenemedi,Belirlenemedi,Belirlenemedi,belirlenemedi,belirlenemedi,belirsiz,Ürün tipi ve/veya tanımlayıcı metinler net okunamadı.,Marka/model/özellikler belirlenemedi
1,00000041-PHOTO-2026-09-11-22-08-38.jpg,belirlenemedi,S?S Piranlech rs | BUHARLI =F 3; MOP « —_,belirlenemedi,F 3,Belirlenemedi,Belirlenemedi,belirlenemedi,belirlenemedi,belirsiz,Ürün tipi ve/veya tanımlayıcı metinler net okunamadı.,Marka/model/özellikler belirlenemedi
1,00000042-PHOTO-2026-09-11-22-08-38.jpg,belirlenemedi,"P21 Prrantecy, BED Pian | ES-998 BUHARL oh, 1 th _ Ae",belirlenemedi,belirlenemedi,Belirlenemedi,Belirlenemedi,belirlenemedi,belirlenemedi,belirsiz,Ürün tipi ve/veya tanımlayıcı metinler net okunamadı.,Marka/model/özellikler belirlenemedi
1,00000043-PHOTO-2026-09-11-22-08-37.jpg,belirlenemedi,a a! ‘yomey ¢ ‘ w . fume | i Ly =. i = < a,belirlenemedi,belirlenemedi,Belirlenemedi,Belirlenemedi,belirlenemedi,belirlenemedi,belirsiz,Ürün tipi ve/veya tanımlayıcı metinler net okunamadı.,Marka/model/özellikler belirlenemedi
1,00000044-PHOTO-2026-09-11-22-08-37.jpg,belirlenemedi,7 7 vas,belirlenemedi,belirlenemedi,Belirlenemedi,Belirlenemedi,belirlenemedi,belirlenemedi,belirsiz,Ürün tipi ve/veya tanımlayıcı metinler net okunamadı.,Marka/model/özellikler belirlenemedi
1,00000045-PHOTO-2026-09-11-22-08-38.jpg,belirlenemedi,"zy : — GR, Qs ace it ie) 3 Af f a) a — le a ua — at a = = ee",belirlenemedi,belirlenemedi,Belirlenemedi,Belirlenemedi,belirlenemedi,belirlenemedi,belirsiz,Ürün tipi ve/veya tanımlayıcı metinler net okunamadı.,Marka/model/özellikler belirlenemedi
1,00000046-PHOTO-2026-09-11-22-08-38.jpg,belirlenemedi,"Far pera a Si Oi-48 Loam a ] -™ 3 ""29% —— —_ et - =) Py - — ",belirlenemedi,belirlenemedi,Belirlenemedi,Belirlenemedi,belirlenemedi,belirlenemedi,belirsiz,Ürün tipi ve/veya tanımlayıcı metinler net okunamadı.,Marka/model/özellikler belirlenemedi
1,00000047-PHOTO-2026-09-11-22-08-39.jpg,belirlenemedi,i. Fa a — 100.45 | Ang | ' X-FORCE a — j pe ; a ; 3 45 60 if,belirlenemedi,belirlenemedi,Belirlenemedi,Belirlenemedi,belirlenemedi,belirlenemedi,belirsiz,Ürün tipi ve/veya tanımlayıcı metinler net okunamadı.,Marka/model/özellikler belirlenemedi
1,00000048-PHOTO-2026-09-11-22-08-40.jpg,belirlenemedi,T°. Cc | an Wan ae | B - Ff goog,belirlenemedi,belirlenemedi,Belirlenemedi,Belirlenemedi,belirlenemedi,belirlenemedi,belirsiz,Ürün tipi ve/veya tanımlayıcı metinler net okunamadı.,Marka/model/özellikler belirlenemedi
1,00000049-PHOTO-2026-09-11-22-08-40.jpg,belirlenemedi,"9int * / a : LIN ONE fil A | / 9in4 | yi : 7"" 2 3 a ALL IN O",belirlenemedi,belirlenemedi,Belirlenemedi,Belirlenemedi,belirlenemedi,belirlenemedi,belirsiz,Ürün tipi ve/veya tanımlayıcı metinler net okunamadı.,Marka/model/özellikler belirlenemedi
1,00000050-PHOTO-2026-09-11-22-08-40.jpg,belirlenemedi,"= fi lvoe ' = , oy ; ELE",belirlenemedi,belirlenemedi,Belirlenemedi,Belirlenemedi,belirlenemedi,belirlenemedi,belirsiz,Ürün tipi ve/veya tanımlayıcı metinler net okunamadı.,Marka/model/özellikler belirlenemedi
1,00000051-PHOTO-2026-09-11-22-08-40.jpg,belirlenemedi,| | yew | ” ',belirlenemedi,belirlenemedi,Belirlenemedi,Belirlenemedi,belirlenemedi,belirlenemedi,belirsiz,Ürün tipi ve/veya tanımlayıcı metinler net okunamadı.,Marka/model/özellikler belirlenemedi
2,00000052-PHOTO-2026-09-11-22-08-40.jpg,belirlenemedi,13:30 a 5G 1 LY | yu == = ie eS ; VAN ll nt a Fy) be mi! j (,belirlenemedi,belirlenemedi,Belirlenemedi,Belirlenemedi,belirlenemedi,belirlenemedi,belirsiz,Ürün tipi ve/veya tanımlayıcı metinler net okunamadı.,Marka/model/özellikler belirlenemedi
2,00000053-PHOTO-2026-09-11-22-08-39.jpg,belirlenemedi,sen al 5G ED ae) |) 1. : . \ | | abet | G Pe «cae ¢ Bays ee ,belirlenemedi,belirlenemedi,Belirlenemedi,Belirlenemedi,belirlenemedi,belirlenemedi,belirsiz,Ürün tipi ve/veya tanımlayıcı metinler net okunamadı.,Marka/model/özellikler belirlenemedi
2,00000054-PHOTO-2026-09-11-22-08-39.jpg,belirlenemedi,"é aa mere $ = oy Sa oe e- . = | , 7 = L al ane 4",belirlenemedi,belirlenemedi,Belirlenemedi,Belirlenemedi,belirlenemedi,belirlenemedi,belirsiz,Ürün tipi ve/veya tanımlayıcı metinler net okunamadı.,Marka/model/özellikler belirlenemedi
2,00000055-PHOTO-2026-09-11-22-08-40.jpg,belirlenemedi,a 2 3 Hi | 7 ~ — t y PR \ a Ey i] 4,belirlenemedi,belirlenemedi,Belirlenemedi,Belirlenemedi,belirlenemedi,belirlenemedi,belirsiz,Ürün tipi ve/veya tanımlayıcı metinler net okunamadı.,Marka/model/özellikler belirlenemedi
2,00000056-PHOTO-2026-09-11-22-08-41.jpg,belirlenemedi,"‘ ; eb. , 2» § F - “ie ry > . e ih ae a irae oe 9 Oe Gyo MMA",belirlenemedi,belirlenemedi,Belirlenemedi,Belirlenemedi,belirlenemedi,belirlenemedi,belirsiz,Ürün tipi ve/veya tanımlayıcı metinler net okunamadı.,Marka/model/özellikler belirlenemedi
2,00000057-PHOTO-2026-09-11-22-08-40.jpg,belirlenemedi,“ oe mulls \ & 4 = a ; 3 ‘ ie . ;,belirlenemedi,belirlenemedi,Belirlenemedi,Belirlenemedi,belirlenemedi,belirlenemedi,belirsiz,Ürün tipi ve/veya tanımlayıcı metinler net okunamadı.,Marka/model/özellikler belirlenemedi
2,00000058-PHOTO-2026-09-11-22-08-41.jpg,belirlenemedi,"ee : ua = ; — : i “ é : ; La. "" | es ty. Mebe-ce: F £1 @ tee",belirlenemedi,P 4,Belirlenemedi,Belirlenemedi,belirlenemedi,belirlenemedi,belirsiz,Ürün tipi ve/veya tanımlayıcı metinler net okunamadı.,Marka/model/özellikler belirlenemedi
2,00000059-PHOTO-2026-09-11-22-08-41.jpg,belirlenemedi,"he : J ' iF Pp Te B wo, ke ’ sal e ""t] “ i “ ‘ x Pot » [i ‘ ",belirlenemedi,belirlenemedi,Belirlenemedi,Belirlenemedi,belirlenemedi,belirlenemedi,belirsiz,Ürün tipi ve/veya tanımlayıcı metinler net okunamadı.,Marka/model/özellikler belirlenemedi
2,00000060-PHOTO-2026-09-11-22-08-41.jpg,belirlenemedi,"= ei | ee 4 2 a* > a | | 2 — . 52 | : 4 i, ‘ee \ 4 A As eS \",belirlenemedi,belirlenemedi,Belirlenemedi,Belirlenemedi,belirlenemedi,belirlenemedi,belirsiz,Ürün tipi ve/veya tanımlayıcı metinler net okunamadı.,Marka/model/özellikler belirlenemedi
2,00000061-PHOTO-2026-09-11-22-08-41.jpg,belirlenemedi,7 Parca Se’ ‘eM =| 3 a = ai,belirlenemedi,belirlenemedi,Belirlenemedi,Belirlenemedi,belirlenemedi,belirlenemedi,belirsiz,Ürün tipi ve/veya tanımlayıcı metinler net okunamadı.,Marka/model/özellikler belirlenemedi
2,00000062-PHOTO-2026-09-11-22-08-41.jpg,belirlenemedi,"oe ' , F * > hh e —_— b .o. So a a ors tang FRE CO Se oe ee ",belirlenemedi,belirlenemedi,Belirlenemedi,Belirlenemedi,belirlenemedi,belirlenemedi,belirsiz,Ürün tipi ve/veya tanımlayıcı metinler net okunamadı.,Marka/model/özellikler belirlenemedi
2,00000063-PHOTO-2026-09-11-22-08-41.jpg,belirlenemedi,eS... q\ — ‘ ' Pes a. am % * Pe A’ FA a,belirlenemedi,belirlenemedi,Belirlenemedi,Belirlenemedi,belirlenemedi,belirlenemedi,belirsiz,Ürün tipi ve/veya tanımlayıcı metinler net okunamadı.,Marka/model/özellikler belirlenemedi
2,00000064-PHOTO-2026-09-11-22-08-42.jpg,belirlenemedi,Se,belirlenemedi,belirlenemedi,Belirlenemedi,Belirlenemedi,belirlenemedi,belirlenemedi,belirsiz,Ürün tipi ve/veya tanımlayıcı metinler net okunamadı.,Marka/model/özellikler belirlenemedi
2,00000065-PHOTO-2026-09-11-22-08-42.jpg,belirlenemedi,"Fakir 1G : , -_ \ . =) | 2 = i o ‘ ‘",belirlenemedi,belirlenemedi,Belirlenemedi,Belirlenemedi,belirlenemedi,belirlenemedi,belirsiz,Ürün tipi ve/veya tanımlayıcı metinler net okunamadı.,Marka/model/özellikler belirlenemedi
2,00000066-PHOTO-2026-09-11-22-08-42.jpg,belirlenemedi,o~™ = 16:01 ¢ © OS 4.48%73 < R i eels Arkadaslar €93.¥ ——\ “,belirlenemedi,belirlenemedi,Belirlenemedi,Belirlenemedi,belirlenemedi,belirlenemedi,belirsiz,Ürün tipi ve/veya tanımlayıcı metinler net okunamadı.,Marka/model/özellikler belirlenemedi
2,00000067-PHOTO-2026-09-11-22-08-42.jpg,steam,| VY Oe 7 Steamer,belirlenemedi,belirlenemedi,Elektrikli ev aleti,Ütü,belirlenemedi,belirlenemedi,net,OCR metni üzerinden net görüldü.,Marka/model/özellikler belirlenemedi
2,00000068-PHOTO-2026-09-11-22-08-42.jpg,belirlenemedi,VO~@ e BI = kiING 7 0 0 @ » king Y Qo? ae,belirlenemedi,belirlenemedi,Belirlenemedi,Belirlenemedi,belirlenemedi,belirlenemedi,belirsiz,Ürün tipi ve/veya tanımlayıcı metinler net okunamadı.,Marka/model/özellikler belirlenemedi
2,00000069-PHOTO-2026-09-11-22-08-42.jpg,belirlenemedi,Kir it | WARS ny | : | ee ai + 4&Y¥ Evinizin King! wm 4] 00°,belirlenemedi,belirlenemedi,Belirlenemedi,Belirlenemedi,belirlenemedi,belirlenemedi,belirsiz,Ürün tipi ve/veya tanımlayıcı metinler net okunamadı.,Marka/model/özellikler belirlenemedi
2,00000070-PHOTO-2026-09-11-22-08-43.jpg,belirlenemedi,", f - i 4 ; s% é 1 4 ' 7 tt F — ene : a | aft*® ; | a hone —",belirlenemedi,belirlenemedi,Belirlenemedi,Belirlenemedi,belirlenemedi,belirlenemedi,belirsiz,Ürün tipi ve/veya tanımlayıcı metinler net okunamadı.,Marka/model/özellikler belirlenemedi
2,00000071-PHOTO-2026-09-11-22-08-43.jpg,belirlenemedi,= Jopitif r ary if J Tt —_— ~ . Z “4 5 al al sd (AM WI LLL P,belirlenemedi,belirlenemedi,Belirlenemedi,Belirlenemedi,belirlenemedi,belirlenemedi,belirsiz,Ürün tipi ve/veya tanımlayıcı metinler net okunamadı.,Marka/model/özellikler belirlenemedi
3,00000072-PHOTO-2026-09-11-22-08-43.jpg,belirlenemedi,~ il Pex,belirlenemedi,belirlenemedi,Belirlenemedi,Belirlenemedi,belirlenemedi,belirlenemedi,belirsiz,Ürün tipi ve/veya tanımlayıcı metinler net okunamadı.,Marka/model/özellikler belirlenemedi
3,00000073-PHOTO-2026-09-11-22-08-43.jpg,belirlenemedi,"<n : => ’ a é , . : . ‘] 4 tg ‘ ) OE isu, — ) é 3 , : : « “Z",belirlenemedi,belirlenemedi,Belirlenemedi,Belirlenemedi,belirlenemedi,belirlenemedi,belirsiz,Ürün tipi ve/veya tanımlayıcı metinler net okunamadı.,Marka/model/özellikler belirlenemedi
3,00000074-PHOTO-2026-09-11-22-08-43.jpg,belirlenemedi,"DOT aSUe \NS 7 ALBERTO ’ wet , mn ge : , At BERT’ iP) t . ‘i",belirlenemedi,NS 7,Belirlenemedi,Belirlenemedi,belirlenemedi,belirlenemedi,belirsiz,Ürün tipi ve/veya tanımlayıcı metinler net okunamadı.,Marka/model/özellikler belirlenemedi
3,00000075-PHOTO-2026-09-11-22-08-43.jpg,belirlenemedi,"3ERTO | i ; fe uf qr , ' of ill —BERTO Am Jal < ” "" P i. ve ",belirlenemedi,belirlenemedi,Belirlenemedi,Belirlenemedi,belirlenemedi,belirlenemedi,belirsiz,Ürün tipi ve/veya tanımlayıcı metinler net okunamadı.,Marka/model/özellikler belirlenemedi
3,00000076-PHOTO-2026-09-11-22-08-44.jpg,belirlenemedi,"° | % F | i i, ies sr f FIRU, r | a="" | ¢ ; 5 | pind",belirlenemedi,belirlenemedi,Belirlenemedi,Belirlenemedi,belirlenemedi,belirlenemedi,belirsiz,Ürün tipi ve/veya tanımlayıcı metinler net okunamadı.,Marka/model/özellikler belirlenemedi
3,00000077-PHOTO-2026-09-11-22-08-44.jpg,belirlenemedi,"j . om i. } i ke : a levia, = rt ; xy | [levia l a a A a evi",belirlenemedi,belirlenemedi,Belirlenemedi,Belirlenemedi,belirlenemedi,belirlenemedi,belirsiz,Ürün tipi ve/veya tanımlayıcı metinler net okunamadı.,Marka/model/özellikler belirlenemedi
3,00000078-PHOTO-2026-09-11-22-08-44.jpg,belirlenemedi,4 C) V0 ®@ cena ’ ; \ratl t ' Ye \ VO @ —l In King’ AY marl ,belirlenemedi,V0,Belirlenemedi,Belirlenemedi,belirlenemedi,belirlenemedi,belirsiz,Ürün tipi ve/veya tanımlayıcı metinler net okunamadı.,Marka/model/özellikler belirlenemedi
3,00000079-PHOTO-2026-09-11-22-08-44.jpg,belirlenemedi,fat a iy ‘ Tad = se e “ nie ; q + Tefal — : = 2 1 & == — ( n,belirlenemedi,belirlenemedi,Belirlenemedi,Belirlenemedi,belirlenemedi,belirlenemedi,belirsiz,Ürün tipi ve/veya tanımlayıcı metinler net okunamadı.,Marka/model/özellikler belirlenemedi
3,00000080-PHOTO-2026-09-11-22-08-44.jpg,belirlenemedi,"- —"" "" ™ | ] ‘ ET. | 4 f ali H > II rr git! ——_ Vs G | &y dk",belirlenemedi,belirlenemedi,Belirlenemedi,Belirlenemedi,belirlenemedi,belirlenemedi,belirsiz,Ürün tipi ve/veya tanımlayıcı metinler net okunamadı.,Marka/model/özellikler belirlenemedi
3,00000081-PHOTO-2026-09-11-22-08-46.jpg,belirlenemedi,") ih , feng SS",belirlenemedi,belirlenemedi,Belirlenemedi,Belirlenemedi,belirlenemedi,belirlenemedi,belirsiz,Ürün tipi ve/veya tanımlayıcı metinler net okunamadı.,Marka/model/özellikler belirlenemedi
3,00000082-PHOTO-2026-09-11-22-08-44.jpg,belirlenemedi,belirlenemedi,belirlenemedi,belirlenemedi,Belirlenemedi,Belirlenemedi,belirlenemedi,belirlenemedi,açılamadı,OCR metni alınamadı; dosya görsel olarak da net okunamadı.,Marka/model/özellikler belirlenemedi
3,00000083-PHOTO-2026-09-11-22-08-45.jpg,belirlenemedi,| {ef2 wa) 0 PLUS - “ie ri-CALG ny is sponyrenoero HP” ta / ,belirlenemedi,belirlenemedi,Belirlenemedi,Belirlenemedi,belirlenemedi,belirlenemedi,belirsiz,Ürün tipi ve/veya tanımlayıcı metinler net okunamadı.,Marka/model/özellikler belirlenemedi
3,00000084-PHOTO-2026-09-11-22-08-45.jpg,steam,"_ ;TEAM* se - EASIER IRO i Nan } 4 : , MORE STEAM * - 2 ia T",belirlenemedi,belirlenemedi,Elektrikli ev aleti,Ütü,belirlenemedi,belirlenemedi,net,OCR metni üzerinden net görüldü.,Marka/model/özellikler belirlenemedi
3,00000085-PHOTO-2026-09-11-22-08-45.jpg,iron,Buharlı ütü,belirlenemedi,belirlenemedi,Elektrikli ev aleti,Ütü,belirlenemedi,ürün,net,OCR metni üzerinden net görüldü.,Marka/model/özellikler belirlenemedi
3,00000086-PHOTO-2026-09-11-22-08-46.jpg,belirlenemedi,": y : £ \ = , — r e ~ i , eS PD Simnmt} 9 wa * , eof Pee af ",belirlenemedi,belirlenemedi,Belirlenemedi,Belirlenemedi,belirlenemedi,belirlenemedi,belirsiz,Ürün tipi ve/veya tanımlayıcı metinler net okunamadı.,Marka/model/özellikler belirlenemedi
3,00000087-PHOTO-2026-09-11-22-08-45.jpg,belirlenemedi,F - (a Polen ' 3200 W of pure power / seal pe Bee | Seam pow,belirlenemedi,belirlenemedi,Belirlenemedi,Belirlenemedi,belirlenemedi,belirlenemedi,belirsiz,Ürün tipi ve/veya tanımlayıcı metinler net okunamadı.,Marka/model/özellikler belirlenemedi
3,00000088-PHOTO-2026-09-11-22-08-45.jpg,belirlenemedi,are Buharh Oté rome . 3000 60 180 % Her zaman ED re “wales M,belirlenemedi,belirlenemedi,Belirlenemedi,Belirlenemedi,belirlenemedi,belirlenemedi,belirsiz,Ürün tipi ve/veya tanımlayıcı metinler net okunamadı.,Marka/model/özellikler belirlenemedi
3,00000089-PHOTO-2026-09-11-22-08-45.jpg,belirlenemedi,"a 2 7 in ~ 7 . —— Vy 2 a u | CY) , oe a —r-7——— Fata: Gn mas",belirlenemedi,belirlenemedi,Belirlenemedi,Belirlenemedi,belirlenemedi,belirlenemedi,belirsiz,Ürün tipi ve/veya tanımlayıcı metinler net okunamadı.,Marka/model/özellikler belirlenemedi
3,00000090-PHOTO-2026-09-11-22-08-46.jpg,belirlenemedi,® nn 3 i Se un a \3 a pi Bip,belirlenemedi,belirlenemedi,Belirlenemedi,Belirlenemedi,belirlenemedi,belirlenemedi,belirsiz,Ürün tipi ve/veya tanımlayıcı metinler net okunamadı.,Marka/model/özellikler belirlenemedi
3,00000091-PHOTO-2026-09-11-22-08-46.jpg,belirlenemedi,"RRR HH ¥ a |. Pree Bana 4 ‘ VAIOK POLORANS hy) . ji ( , \ ay",belirlenemedi,belirlenemedi,Belirlenemedi,Belirlenemedi,belirlenemedi,belirlenemedi,belirsiz,Ürün tipi ve/veya tanımlayıcı metinler net okunamadı.,Marka/model/özellikler belirlenemedi
4,00000092-PHOTO-2026-09-11-22-08-46.jpg,belirlenemedi,philips,philips,SB 7,Belirlenemedi,Belirlenemedi,belirlenemedi,belirlenemedi,belirsiz,Ürün tipi ve/veya tanımlayıcı metinler net okunamadı.,Marka/model/özellikler belirlenemedi
4,00000093-PHOTO-2026-09-11-22-08-46.jpg,belirlenemedi,— ir” J) 4 7 ~ ) Talo “a / th =>,belirlenemedi,belirlenemedi,Belirlenemedi,Belirlenemedi,belirlenemedi,belirlenemedi,belirsiz,Ürün tipi ve/veya tanımlayıcı metinler net okunamadı.,Marka/model/özellikler belirlenemedi
4,00000094-PHOTO-2026-09-11-22-08-47.jpg,belirlenemedi,"i) Perf me f | ect result ""W | ne § ‘ Mm ee Wi results je 2 ",belirlenemedi,belirlenemedi,Belirlenemedi,Belirlenemedi,belirlenemedi,belirlenemedi,belirsiz,Ürün tipi ve/veya tanımlayıcı metinler net okunamadı.,Marka/model/özellikler belirlenemedi
4,00000095-PHOTO-2026-09-11-22-08-47.jpg,belirlenemedi,"= ! y j 4 Epilaté A orien Ba . ia +. <a a a ; 01ay ee) ae, >",belirlenemedi,belirlenemedi,Belirlenemedi,Belirlenemedi,belirlenemedi,belirlenemedi,belirsiz,Ürün tipi ve/veya tanımlayıcı metinler net okunamadı.,Marka/model/özellikler belirlenemedi
4,00000096-PHOTO-2026-09-11-22-08-47.jpg,belirlenemedi,| : ; a eal : ri ‘ a ie a y 4 & s a Sa Se eS,belirlenemedi,belirlenemedi,Belirlenemedi,Belirlenemedi,belirlenemedi,belirlenemedi,belirsiz,Ürün tipi ve/veya tanımlayıcı metinler net okunamadı.,Marka/model/özellikler belirlenemedi
4,00000097-PHOTO-2026-09-11-22-08-47.jpg,belirlenemedi,"t - # Sy , ie » si sos, Dy pam, “ch * PORE i an $ <0 ey hs —",belirlenemedi,belirlenemedi,Belirlenemedi,Belirlenemedi,belirlenemedi,belirlenemedi,belirsiz,Ürün tipi ve/veya tanımlayıcı metinler net okunamadı.,Marka/model/özellikler belirlenemedi
4,00000098-PHOTO-2026-09-11-22-08-47.jpg,belirlenemedi,"La ae ol = 1?) f o d : \ ast! _ ¥ mt i —s . gi } BC ( \ \, j",belirlenemedi,belirlenemedi,Belirlenemedi,Belirlenemedi,belirlenemedi,belirlenemedi,belirsiz,Ürün tipi ve/veya tanımlayıcı metinler net okunamadı.,Marka/model/özellikler belirlenemedi
4,00000099-PHOTO-2026-09-11-22-08-48.jpg,belirlenemedi,") 25LLARCE ny, foi Us TANK The it ELECTRONIC At 12m | & DN P",belirlenemedi,belirlenemedi,Belirlenemedi,Belirlenemedi,belirlenemedi,belirlenemedi,belirsiz,Ürün tipi ve/veya tanımlayıcı metinler net okunamadı.,Marka/model/özellikler belirlenemedi
4,00000100-PHOTO-2026-09-11-22-08-48.jpg,belirlenemedi,A Goldmaster m=,belirlenemedi,belirlenemedi,Belirlenemedi,Belirlenemedi,belirlenemedi,belirlenemedi,belirsiz,Ürün tipi ve/veya tanımlayıcı metinler net okunamadı.,Marka/model/özellikler belirlenemedi
4,00000101-PHOTO-2026-09-11-22-08-48.jpg,belirlenemedi,"» \ | IRaldm- ‘ i if é i ca j cae / Peboged ‘ | ce , acca G ",belirlenemedi,H 9,Belirlenemedi,Belirlenemedi,belirlenemedi,belirlenemedi,belirsiz,Ürün tipi ve/veya tanımlayıcı metinler net okunamadı.,Marka/model/özellikler belirlenemedi
4,00000102-PHOTO-2026-09-11-22-08-48.jpg,belirlenemedi,". : + a ’ tay ‘i * Be “> “ * ri 7 ¢ Y id oe 5 4» i? te. » , ",belirlenemedi,belirlenemedi,Belirlenemedi,Belirlenemedi,belirlenemedi,belirlenemedi,belirsiz,Ürün tipi ve/veya tanımlayıcı metinler net okunamadı.,Marka/model/özellikler belirlenemedi
4,00000103-PHOTO-2026-09-11-22-08-48.jpg,belirlenemedi,ay ] AA = Vom) { = Nn 4,belirlenemedi,belirlenemedi,Belirlenemedi,Belirlenemedi,belirlenemedi,belirlenemedi,belirsiz,Ürün tipi ve/veya tanımlayıcı metinler net okunamadı.,Marka/model/özellikler belirlenemedi
4,00000104-PHOTO-2026-09-11-22-08-48.jpg,tencere,Tencere seti,belirlenemedi,belirlenemedi,Mutfak gereçleri,Tencere seti,set,belirlenemedi,net,OCR metni üzerinden net görüldü.,Marka/model/özellikler belirlenemedi
4,00000105-PHOTO-2026-09-11-22-08-48.jpg,belirlenemedi,"asi Ph pe ie as oe a, Se aaa. 2 i ” 4 se ? = = — > *, Ca : 2",belirlenemedi,belirlenemedi,Belirlenemedi,Belirlenemedi,belirlenemedi,belirlenemedi,belirsiz,Ürün tipi ve/veya tanımlayıcı metinler net okunamadı.,Marka/model/özellikler belirlenemedi
4,00000106-PHOTO-2026-09-11-22-08-49.jpg,belirlenemedi,LA FE i - a + ua & iil,belirlenemedi,belirlenemedi,Belirlenemedi,Belirlenemedi,belirlenemedi,belirlenemedi,belirsiz,Ürün tipi ve/veya tanımlayıcı metinler net okunamadı.,Marka/model/özellikler belirlenemedi
4,00000107-PHOTO-2026-09-11-22-08-49.jpg,belirlenemedi,| a ™~=,belirlenemedi,belirlenemedi,Belirlenemedi,Belirlenemedi,belirlenemedi,belirlenemedi,belirsiz,Ürün tipi ve/veya tanımlayıcı metinler net okunamadı.,Marka/model/özellikler belirlenemedi
4,00000108-PHOTO-2026-09-11-22-08-49.jpg,belirlenemedi,"IN Nt Yh NY, \Y\y y NN \ NN) \, \y \ \\ \y \",belirlenemedi,belirlenemedi,Belirlenemedi,Belirlenemedi,belirlenemedi,belirlenemedi,belirsiz,Ürün tipi ve/veya tanımlayıcı metinler net okunamadı.,Marka/model/özellikler belirlenemedi
4,00000109-PHOTO-2026-09-11-22-08-49.jpg,belirlenemedi,ms aaa,belirlenemedi,belirlenemedi,Belirlenemedi,Belirlenemedi,belirlenemedi,belirlenemedi,belirsiz,Ürün tipi ve/veya tanımlayıcı metinler net okunamadı.,Marka/model/özellikler belirlenemedi
4,00000110-PHOTO-2026-09-11-22-08-49.jpg,belirlenemedi,""" A : . “ mF Q és r| 1 a ~ ; ar a i Be — = 4 | a ""a "" eh \ y",belirlenemedi,Y 2,Belirlenemedi,Belirlenemedi,belirlenemedi,belirlenemedi,belirsiz,Ürün tipi ve/veya tanımlayıcı metinler net okunamadı.,Marka/model/özellikler belirlenemedi
4,00000111-PHOTO-2026-09-11-22-08-49.jpg,belirlenemedi,6 We a: vy 1) (A),belirlenemedi,belirlenemedi,Belirlenemedi,Belirlenemedi,belirlenemedi,belirlenemedi,belirsiz,Ürün tipi ve/veya tanımlayıcı metinler net okunamadı.,Marka/model/özellikler belirlenemedi
5,00000112-PHOTO-2026-09-11-22-08-50.jpg,belirlenemedi,a wats i ‘la 4 ' i a | BH! 2 al oo / a m4 i) | Va ‘ia % { — ,belirlenemedi,belirlenemedi,Belirlenemedi,Belirlenemedi,belirlenemedi,belirlenemedi,belirsiz,Ürün tipi ve/veya tanımlayıcı metinler net okunamadı.,Marka/model/özellikler belirlenemedi
5,00000113-PHOTO-2026-09-11-22-08-50.jpg,belirlenemedi,"ay y — eae! , w uy) : = ‘er | < ite ie s ee F r we OZ 2 ae E",belirlenemedi,OZ 2,Belirlenemedi,Belirlenemedi,belirlenemedi,belirlenemedi,belirsiz,Ürün tipi ve/veya tanımlayıcı metinler net okunamadı.,Marka/model/özellikler belirlenemedi
5,00000114-PHOTO-2026-09-11-22-08-50.jpg,belirlenemedi,"| SIRMA KAHRAMANLAR Shi » iN ; Se WARE.S ET 5 : é ae , at Se",belirlenemedi,ET 5,Belirlenemedi,Belirlenemedi,belirlenemedi,belirlenemedi,belirsiz,Ürün tipi ve/veya tanımlayıcı metinler net okunamadı.,Marka/model/özellikler belirlenemedi
5,00000115-PHOTO-2026-09-11-22-08-50.jpg,belirlenemedi,"| PTOMBIK Ye é, ' € COOKWARE SET Lash 4 HBB | catercnve | ~ ",belirlenemedi,belirlenemedi,Belirlenemedi,Belirlenemedi,belirlenemedi,belirlenemedi,belirsiz,Ürün tipi ve/veya tanımlayıcı metinler net okunamadı.,Marka/model/özellikler belirlenemedi
5,00000116-PHOTO-2026-09-11-22-08-50.jpg,belirlenemedi,eee SOHN eee ns = _ Sou — : t. iis i — | - ei — 5S =,belirlenemedi,belirlenemedi,Belirlenemedi,Belirlenemedi,belirlenemedi,belirlenemedi,belirsiz,Ürün tipi ve/veya tanımlayıcı metinler net okunamadı.,Marka/model/özellikler belirlenemedi
5,00000117-PHOTO-2026-09-11-22-08-51.jpg,belirlenemedi,B\ yKAVANS “ a — A ( OZKEP i ae . 7 ' a kkk 5 ) | GURME : ny,belirlenemedi,belirlenemedi,Belirlenemedi,Belirlenemedi,6 pcs,belirlenemedi,belirsiz,Ürün tipi ve/veya tanımlayıcı metinler net okunamadı.,Marka/model/özellikler belirlenemedi
5,00000118-PHOTO-2026-09-11-22-08-51.jpg,belirlenemedi,"NOR 2 ‘ get SURME 4 i, Can, . Tmt, ieee joacee —_ | = a! LL ",belirlenemedi,NOR 2,Belirlenemedi,Belirlenemedi,belirlenemedi,belirlenemedi,belirsiz,Ürün tipi ve/veya tanımlayıcı metinler net okunamadı.,Marka/model/özellikler belirlenemedi
5,00000119-PHOTO-2026-09-11-22-08-50.jpg,tencere,Tencere seti,belirlenemedi,SETI 7,Mutfak gereçleri,Tencere seti,set,belirlenemedi,net,OCR metni üzerinden net görüldü.,Marka/model/özellikler belirlenemedi
5,00000120-PHOTO-2026-09-11-22-08-51.jpg,belirlenemedi,Maré’ a aa i F i ‘- a bas | . ' % 1 == “ey Bee hs ea Goldmas,belirlenemedi,belirlenemedi,Belirlenemedi,Belirlenemedi,belirlenemedi,belirlenemedi,belirsiz,Ürün tipi ve/veya tanımlayıcı metinler net okunamadı.,Marka/model/özellikler belirlenemedi
5,00000121-PHOTO-2026-09-11-22-08-51.jpg,vacuum,| SAMSUNG -— VACUUM > CLEANER a,belirlenemedi,belirlenemedi,Elektrikli ev aleti,Süpürge,belirlenemedi,belirlenemedi,net,OCR metni üzerinden net görüldü.,Marka/model/özellikler belirlenemedi
5,00000122-PHOTO-2026-09-11-22-08-51.jpg,belirlenemedi,“glad p encase the viK — 2 ‘ | a a * bu L ; Lie a oe 35 ae y,belirlenemedi,belirlenemedi,Belirlenemedi,Belirlenemedi,belirlenemedi,belirlenemedi,belirsiz,Ürün tipi ve/veya tanımlayıcı metinler net okunamadı.,Marka/model/özellikler belirlenemedi
5,00000124-PHOTO-2026-09-11-22-08-51.jpg,belirlenemedi,PS ae eis et ie ul t i se . Df a — call 7 <=,belirlenemedi,belirlenemedi,Belirlenemedi,Belirlenemedi,belirlenemedi,belirlenemedi,belirsiz,Ürün tipi ve/veya tanımlayıcı metinler net okunamadı.,Marka/model/özellikler belirlenemedi
5,00000125-PHOTO-2026-09-11-22-08-52.jpg,belirlenemedi,"ie fat 3 a's ry il ve sen ; (fee : "" co” — . Ea 1 ia parca C",belirlenemedi,belirlenemedi,Belirlenemedi,Belirlenemedi,set,belirlenemedi,belirsiz,Ürün tipi ve/veya tanımlayıcı metinler net okunamadı.,Marka/model/özellikler belirlenemedi
5,00000126-PHOTO-2026-09-11-22-08-52.jpg,belirlenemedi,| ee | gerarea Set 1,belirlenemedi,belirlenemedi,Belirlenemedi,Belirlenemedi,belirlenemedi,belirlenemedi,belirsiz,Ürün tipi ve/veya tanımlayıcı metinler net okunamadı.,Marka/model/özellikler belirlenemedi
5,00000127-PHOTO-2026-09-11-22-08-52.jpg,belirlenemedi,"> p 2 x : ut “So ® — i Ni t e'\ YE =m | < ; , & al a: e ym -",belirlenemedi,belirlenemedi,Belirlenemedi,Belirlenemedi,belirlenemedi,belirlenemedi,belirsiz,Ürün tipi ve/veya tanımlayıcı metinler net okunamadı.,Marka/model/özellikler belirlenemedi
5,00000128-PHOTO-2026-09-11-22-08-52.jpg,belirlenemedi,adh) sf j if,belirlenemedi,belirlenemedi,Belirlenemedi,Belirlenemedi,belirlenemedi,belirlenemedi,belirsiz,Ürün tipi ve/veya tanımlayıcı metinler net okunamadı.,Marka/model/özellikler belirlenemedi
5,00000129-PHOTO-2026-09-11-22-08-52.jpg,belirlenemedi,". ""be. bs 4",belirlenemedi,belirlenemedi,Belirlenemedi,Belirlenemedi,belirlenemedi,belirlenemedi,belirsiz,Ürün tipi ve/veya tanımlayıcı metinler net okunamadı.,Marka/model/özellikler belirlenemedi
5,00000131-PHOTO-2026-09-11-22-08-52.jpg,belirlenemedi,ime 2,belirlenemedi,belirlenemedi,Belirlenemedi,Belirlenemedi,belirlenemedi,belirlenemedi,belirsiz,Ürün tipi ve/veya tanımlayıcı metinler net okunamadı.,Marka/model/özellikler belirlenemedi
5,00000132-PHOTO-2026-09-11-22-08-53.jpg,belirlenemedi,"a: — —"""" = ~ a aS oa re * ——_————- “> — — « = se ce",belirlenemedi,belirlenemedi,Belirlenemedi,Belirlenemedi,belirlenemedi,belirlenemedi,belirsiz,Ürün tipi ve/veya tanımlayıcı metinler net okunamadı.,Marka/model/özellikler belirlenemedi
5,00000133-PHOTO-2026-09-11-22-08-53.jpg,belirlenemedi,00:44 all > » leminorperdebeyoglu (3) | : leminorperdebeyogl,belirlenemedi,belirlenemedi,Belirlenemedi,Belirlenemedi,belirlenemedi,belirlenemedi,belirsiz,Ürün tipi ve/veya tanımlayıcı metinler net okunamadı.,Marka/model/özellikler belirlenemedi
6,00000135-PHOTO-2026-09-11-22-08-53.jpg,belirlenemedi,"Yeni model SOUNDBAR, Hediyes! ile geldi. BU KAMPANYA KAGMAZ!",belirlenemedi,O27,Belirlenemedi,Belirlenemedi,belirlenemedi,belirlenemedi,belirsiz,Ürün tipi ve/veya tanımlayıcı metinler net okunamadı.,Marka/model/özellikler belirlenemedi
6,00000136-PHOTO-2026-09-11-22-08-53.jpg,belirlenemedi,"Bs . LEADER’ - a, v i fh oS STeTeN ERENT TeeE Tene rETe rye ",belirlenemedi,belirlenemedi,Belirlenemedi,Belirlenemedi,belirlenemedi,belirlenemedi,belirsiz,Ürün tipi ve/veya tanımlayıcı metinler net okunamadı.,Marka/model/özellikler belirlenemedi
6,00000137-PHOTO-2026-09-11-22-08-53.jpg,belirlenemedi,LEADER),belirlenemedi,belirlenemedi,Belirlenemedi,Belirlenemedi,belirlenemedi,belirlenemedi,belirsiz,Ürün tipi ve/veya tanımlayıcı metinler net okunamadı.,Marka/model/özellikler belirlenemedi
6,00000138-PHOTO-2026-09-11-22-08-54.jpg,belirlenemedi,ad PrN ies * o - 4 \ \ eo .9 Sy | ¢ ‘ . Soe > =. Sail . 4 4 ,belirlenemedi,belirlenemedi,Belirlenemedi,Belirlenemedi,belirlenemedi,belirlenemedi,belirsiz,Ürün tipi ve/veya tanımlayıcı metinler net okunamadı.,Marka/model/özellikler belirlenemedi
6,00000139-PHOTO-2026-09-11-22-08-54.jpg,belirlenemedi,| i a aie yo - | By | 1 an < rg? ay Se - “gs ae 3 = \ y : ( ,belirlenemedi,belirlenemedi,Belirlenemedi,Belirlenemedi,belirlenemedi,belirlenemedi,belirsiz,Ürün tipi ve/veya tanımlayıcı metinler net okunamadı.,Marka/model/özellikler belirlenemedi
6,00000140-PHOTO-2026-09-11-22-08-54.jpg,belirlenemedi,"=~ g | ¥ ae = | B67 &, Nw Se Ly ~ << tt — ALG re. ‘ a” YA Y ",belirlenemedi,B67,Belirlenemedi,Belirlenemedi,belirlenemedi,belirlenemedi,belirsiz,Ürün tipi ve/veya tanımlayıcı metinler net okunamadı.,Marka/model/özellikler belirlenemedi
6,00000141-PHOTO-2026-09-11-22-08-54.jpg,belirlenemedi,ae satallites:W95xH vandal ae 2205024090238 a yww.leader.com,belirlenemedi,belirlenemedi,Belirlenemedi,Belirlenemedi,belirlenemedi,belirlenemedi,belirsiz,Ürün tipi ve/veya tanımlayıcı metinler net okunamadı.,Marka/model/özellikler belirlenemedi
6,00000142-PHOTO-2026-09-11-22-08-54.jpg,heater,Elektrikli ısıtıcı,belirlenemedi,belirlenemedi,Elektrikli ev aleti,Isıtıcı,belirlenemedi,ürün,net,OCR metni üzerinden net görüldü.,Marka/model/özellikler belirlenemedi
6,00000143-PHOTO-2026-09-11-22-08-55.jpg,belirlenemedi,| 3 Lhe ¥,belirlenemedi,belirlenemedi,Belirlenemedi,Belirlenemedi,belirlenemedi,belirlenemedi,belirsiz,Ürün tipi ve/veya tanımlayıcı metinler net okunamadı.,Marka/model/özellikler belirlenemedi
6,00000144-PHOTO-2026-09-11-22-08-55.jpg,belirlenemedi,5 ‘ | a 4,belirlenemedi,belirlenemedi,Belirlenemedi,Belirlenemedi,belirlenemedi,belirlenemedi,belirsiz,Ürün tipi ve/veya tanımlayıcı metinler net okunamadı.,Marka/model/özellikler belirlenemedi
6,00000145-PHOTO-2026-09-11-22-08-54.jpg,belirlenemedi,: Wi ais il ll ! 1 AA ES,belirlenemedi,belirlenemedi,Belirlenemedi,Belirlenemedi,belirlenemedi,belirlenemedi,belirsiz,Ürün tipi ve/veya tanımlayıcı metinler net okunamadı.,Marka/model/özellikler belirlenemedi
6,00000146-PHOTO-2026-09-11-22-08-55.jpg,belirlenemedi,Durumum : € e Diin 23:14 ® © Hikayesi ° ~aY j \ ¥ © 104 ®,belirlenemedi,belirlenemedi,Belirlenemedi,Belirlenemedi,belirlenemedi,belirlenemedi,belirsiz,Ürün tipi ve/veya tanımlayıcı metinler net okunamadı.,Marka/model/özellikler belirlenemedi
6,00000147-PHOTO-2026-09-11-22-08-55.jpg,belirlenemedi,is wa) io “i - “SCHAFER \eitma Gici «<,belirlenemedi,belirlenemedi,Belirlenemedi,Belirlenemedi,belirlenemedi,belirlenemedi,belirsiz,Ürün tipi ve/veya tanımlayıcı metinler net okunamadı.,Marka/model/özellikler belirlenemedi
6,00000148-PHOTO-2026-09-11-22-08-55.jpg,belirlenemedi,"Vital eee | ia r @ ymin i 1 J y300W "" fi j",belirlenemedi,belirlenemedi,Belirlenemedi,Belirlenemedi,belirlenemedi,belirlenemedi,belirsiz,Ürün tipi ve/veya tanımlayıcı metinler net okunamadı.,Marka/model/özellikler belirlenemedi
6,00000149-PHOTO-2026-09-11-22-08-55.jpg,belirlenemedi,ee : — sae tect eae al ‘ — <anneens J sf,belirlenemedi,belirlenemedi,Belirlenemedi,Belirlenemedi,belirlenemedi,belirlenemedi,belirsiz,Ürün tipi ve/veya tanımlayıcı metinler net okunamadı.,Marka/model/özellikler belirlenemedi
6,00000150-PHOTO-2026-09-11-22-08-56.jpg,belirlenemedi,13:23 G8) © HD Ae %48 x “A mn “A e (Ou v @,belirlenemedi,G8,Belirlenemedi,Belirlenemedi,belirlenemedi,belirlenemedi,belirsiz,Ürün tipi ve/veya tanımlayıcı metinler net okunamadı.,Marka/model/özellikler belirlenemedi
6,00000151-PHOTO-2026-09-11-22-08-56.jpg,belirlenemedi,"- = —s: 9 ae ‘nr 4 hd 3 7 O z ne ; ‘te as = elope, \ ve 2 | ",belirlenemedi,belirlenemedi,Belirlenemedi,Belirlenemedi,belirlenemedi,belirlenemedi,belirsiz,Ürün tipi ve/veya tanımlayıcı metinler net okunamadı.,Marka/model/özellikler belirlenemedi
6,00000152-PHOTO-2026-09-11-22-08-56.jpg,seti,‘ - os tom ={7.3:* +s : . oe . we ® a m : a 7 . | ‘a a a ete,belirlenemedi,belirlenemedi,Mutfak gereçleri,Tencere seti,set,belirlenemedi,net,OCR metni üzerinden net görüldü.,Marka/model/özellikler belirlenemedi
6,00000153-PHOTO-2026-09-11-22-08-56.jpg,belirlenemedi,Va — 7,belirlenemedi,belirlenemedi,Belirlenemedi,Belirlenemedi,belirlenemedi,belirlenemedi,belirsiz,Ürün tipi ve/veya tanımlayıcı metinler net okunamadı.,Marka/model/özellikler belirlenemedi
6,00000154-PHOTO-2026-09-11-22-08-56.jpg,belirlenemedi,"eer ee q on oi 4 ‘ - , a= a * My * we 4 ? ; % y J . ya , aat",belirlenemedi,belirlenemedi,Belirlenemedi,Belirlenemedi,belirlenemedi,belirlenemedi,belirsiz,Ürün tipi ve/veya tanımlayıcı metinler net okunamadı.,Marka/model/özellikler belirlenemedi
7,00000155-PHOTO-2026-09-11-22-08-56.jpg,belirlenemedi,& a + 4 4 ‘ . } | | | Me og = ail v = / urn eal UMN ih . “yf,belirlenemedi,belirlenemedi,Belirlenemedi,Belirlenemedi,belirlenemedi,belirlenemedi,belirsiz,Ürün tipi ve/veya tanımlayıcı metinler net okunamadı.,Marka/model/özellikler belirlenemedi
7,00000156-PHOTO-2026-09-11-22-08-56.jpg,belirlenemedi,"iar =. a ro » a * ae 4 A J 4 Ad 7 Pe. 7 rr, |",belirlenemedi,J 4,Belirlenemedi,Belirlenemedi,belirlenemedi,belirlenemedi,belirsiz,Ürün tipi ve/veya tanımlayıcı metinler net okunamadı.,Marka/model/özellikler belirlenemedi
7,00000157-PHOTO-2026-09-11-22-08-57.jpg,belirlenemedi,- : s |,belirlenemedi,belirlenemedi,Belirlenemedi,Belirlenemedi,belirlenemedi,belirlenemedi,belirsiz,Ürün tipi ve/veya tanımlayıcı metinler net okunamadı.,Marka/model/özellikler belirlenemedi
7,00000158-PHOTO-2026-09-11-22-08-57.jpg,belirlenemedi,= - > aol Sy tyr F_ * j ee 7 mn,belirlenemedi,belirlenemedi,Belirlenemedi,Belirlenemedi,belirlenemedi,belirlenemedi,belirsiz,Ürün tipi ve/veya tanımlayıcı metinler net okunamadı.,Marka/model/özellikler belirlenemedi
7,00000159-PHOTO-2026-09-11-22-08-57.jpg,belirlenemedi,"1 { ree? s ’ m3 ; Ss = . harry a — % », ‘ - er 4 . « m WS se",belirlenemedi,CI 4,Belirlenemedi,Belirlenemedi,belirlenemedi,belirlenemedi,belirsiz,Ürün tipi ve/veya tanımlayıcı metinler net okunamadı.,Marka/model/özellikler belirlenemedi
7,00000160-PHOTO-2026-09-11-22-08-57.jpg,belirlenemedi,"SE . ae : | r - | -_ =e ""7 iHeey \ sein es . = y",belirlenemedi,belirlenemedi,Belirlenemedi,Belirlenemedi,belirlenemedi,belirlenemedi,belirsiz,Ürün tipi ve/veya tanımlayıcı metinler net okunamadı.,Marka/model/özellikler belirlenemedi
7,00000161-PHOTO-2026-09-11-22-08-57.jpg,belirlenemedi,"ee a) = 7. f Y — | Sef Prof. \ "" \ i + ¢cirpma i ¢ 4 Karigti",belirlenemedi,WS 5,Belirlenemedi,Belirlenemedi,belirlenemedi,belirlenemedi,belirsiz,Ürün tipi ve/veya tanımlayıcı metinler net okunamadı.,Marka/model/özellikler belirlenemedi
7,00000162-PHOTO-2026-09-11-22-08-57.jpg,belirlenemedi,SILVER CREST — | SCU-15 a2 ES al EE a ‘ me - ‘,belirlenemedi,belirlenemedi,Belirlenemedi,Belirlenemedi,belirlenemedi,belirlenemedi,belirsiz,Ürün tipi ve/veya tanımlayıcı metinler net okunamadı.,Marka/model/özellikler belirlenemedi
7,00000163-PHOTO-2026-09-11-22-08-58.jpg,belirlenemedi,ALTINBASAK FR a Mitel oT enue i ” : 3 a TT - : a Bs 8 ta 1 °,belirlenemedi,belirlenemedi,Belirlenemedi,Belirlenemedi,belirlenemedi,belirlenemedi,belirsiz,Ürün tipi ve/veya tanımlayıcı metinler net okunamadı.,Marka/model/özellikler belirlenemedi
7,00000164-PHOTO-2026-09-11-22-08-58.jpg,belirlenemedi,"= = , 4 it 2 1 alae Suis >. “ot ot, Pesci —y Rial mate ) cS ",belirlenemedi,belirlenemedi,Belirlenemedi,Belirlenemedi,belirlenemedi,belirlenemedi,belirsiz,Ürün tipi ve/veya tanımlayıcı metinler net okunamadı.,Marka/model/özellikler belirlenemedi
7,00000165-PHOTO-2026-09-11-22-08-58.jpg,belirlenemedi,to a ‘> ft é me Ss Pon. 4 ae >. na s ‘ “a . = prety ——_ nee ,belirlenemedi,belirlenemedi,Belirlenemedi,Belirlenemedi,belirlenemedi,belirlenemedi,belirsiz,Ürün tipi ve/veya tanımlayıcı metinler net okunamadı.,Marka/model/özellikler belirlenemedi
7,00000166-PHOTO-2026-09-11-22-08-58.jpg,belirlenemedi,"eS! . ae | a Fa \* a Yo \ ; — | « = WS 1 iy % A LS sa , a ; ",belirlenemedi,WS 1,Belirlenemedi,Belirlenemedi,belirlenemedi,belirlenemedi,belirsiz,Ürün tipi ve/veya tanımlayıcı metinler net okunamadı.,Marka/model/özellikler belirlenemedi
7,00000167-PHOTO-2026-09-11-22-08-58.jpg,belirlenemedi,oe va ee ceeae dg <i | VAss vA - ; e) farkt olabilir ‘,belirlenemedi,belirlenemedi,Belirlenemedi,Belirlenemedi,belirlenemedi,belirlenemedi,belirsiz,Ürün tipi ve/veya tanımlayıcı metinler net okunamadı.,Marka/model/özellikler belirlenemedi
7,00000168-PHOTO-2026-09-11-22-08-58.jpg,belirlenemedi,aide - 4% / er . \ j — Ae a “Lt,belirlenemedi,belirlenemedi,Belirlenemedi,Belirlenemedi,belirlenemedi,belirlenemedi,belirsiz,Ürün tipi ve/veya tanımlayıcı metinler net okunamadı.,Marka/model/özellikler belirlenemedi
7,00000169-PHOTO-2026-09-11-22-08-59.jpg,belirlenemedi,"” ea,",belirlenemedi,belirlenemedi,Belirlenemedi,Belirlenemedi,belirlenemedi,belirlenemedi,belirsiz,Ürün tipi ve/veya tanımlayıcı metinler net okunamadı.,Marka/model/özellikler belirlenemedi
7,00000170-PHOTO-2026-09-11-22-08-59.jpg,belirlenemedi,"4 \ & RANFORCE zz, 4 _ , EEE",belirlenemedi,belirlenemedi,Belirlenemedi,Belirlenemedi,belirlenemedi,belirlenemedi,belirsiz,Ürün tipi ve/veya tanımlayıcı metinler net okunamadı.,Marka/model/özellikler belirlenemedi
7,00000171-PHOTO-2026-09-11-22-08-59.jpg,belirlenemedi,J wr a i i dbs F { @ rod me — j { ol Py . a a ’ cm ‘ ie aa a,belirlenemedi,belirlenemedi,Belirlenemedi,Belirlenemedi,set,belirlenemedi,belirsiz,Ürün tipi ve/veya tanımlayıcı metinler net okunamadı.,Marka/model/özellikler belirlenemedi
7,00000172-PHOTO-2026-09-11-22-08-59.jpg,belirlenemedi,% : ‘ ee fe Bema es > 13 Ree z 2 Ds hgne Oo tee PE id 6 4) t,belirlenemedi,BS 4,Belirlenemedi,Belirlenemedi,belirlenemedi,belirlenemedi,belirsiz,Ürün tipi ve/veya tanımlayıcı metinler net okunamadı.,Marka/model/özellikler belirlenemedi
7,00000173-PHOTO-2026-09-11-22-08-59.jpg,belirlenemedi,"a» ~ ‘ fe | a, aos P q ~ ; } . , \ é ow SS ee en, es aa EA. ",belirlenemedi,belirlenemedi,Belirlenemedi,Belirlenemedi,belirlenemedi,belirlenemedi,belirsiz,Ürün tipi ve/veya tanımlayıcı metinler net okunamadı.,Marka/model/özellikler belirlenemedi
7,00000174-PHOTO-2026-09-11-22-09-00.jpg,belirlenemedi,| a By = : * j = Mt ie Pr a a yar a Gi D4 Z | ” fa flees ‘Ae,belirlenemedi,D4,Belirlenemedi,Belirlenemedi,belirlenemedi,belirlenemedi,belirsiz,Ürün tipi ve/veya tanımlayıcı metinler net okunamadı.,Marka/model/özellikler belirlenemedi
8,00000175-PHOTO-2026-09-11-22-08-59.jpg,belirlenemedi,* 7 “iS = A Z A #G ® ea >< Z wil ; = : 5 3 ee > = BIS yee eS,belirlenemedi,J 2,Belirlenemedi,Belirlenemedi,belirlenemedi,belirlenemedi,belirsiz,Ürün tipi ve/veya tanımlayıcı metinler net okunamadı.,Marka/model/özellikler belirlenemedi
8,00000176-PHOTO-2026-09-11-22-08-59.jpg,belirlenemedi,aide - 4% / er . \ j — Ae a “Lt,belirlenemedi,belirlenemedi,Belirlenemedi,Belirlenemedi,belirlenemedi,belirlenemedi,belirsiz,Ürün tipi ve/veya tanımlayıcı metinler net okunamadı.,Marka/model/özellikler belirlenemedi
8,00000177-PHOTO-2026-09-11-22-09-00.jpg,belirlenemedi,".. = 2 om i. = i r pai ii 1 SOK uf os ""TT BL",belirlenemedi,belirlenemedi,Belirlenemedi,Belirlenemedi,belirlenemedi,belirlenemedi,belirsiz,Ürün tipi ve/veya tanımlayıcı metinler net okunamadı.,Marka/model/özellikler belirlenemedi
8,00000178-PHOTO-2026-09-11-22-09-00.jpg,belirlenemedi,"; RRR R= iano : SRA PE ; = *, i wy q ¢ G re im a % } e NM si",belirlenemedi,belirlenemedi,Belirlenemedi,Belirlenemedi,belirlenemedi,belirlenemedi,belirsiz,Ürün tipi ve/veya tanımlayıcı metinler net okunamadı.,Marka/model/özellikler belirlenemedi
8,00000179-PHOTO-2026-09-11-22-09-00.jpg,belirlenemedi,"Say — = % , '",belirlenemedi,belirlenemedi,Belirlenemedi,Belirlenemedi,belirlenemedi,belirlenemedi,belirsiz,Ürün tipi ve/veya tanımlayıcı metinler net okunamadı.,Marka/model/özellikler belirlenemedi
8,00000180-PHOTO-2026-09-11-22-09-00.jpg,belirlenemedi,<> <= 4 : | <P )\ ~/ 5 aa,belirlenemedi,belirlenemedi,Belirlenemedi,Belirlenemedi,belirlenemedi,belirlenemedi,belirsiz,Ürün tipi ve/veya tanımlayıcı metinler net okunamadı.,Marka/model/özellikler belirlenemedi
8,00000181-PHOTO-2026-09-11-22-09-00.jpg,belirlenemedi,| : } 7,belirlenemedi,belirlenemedi,Belirlenemedi,Belirlenemedi,belirlenemedi,belirlenemedi,belirsiz,Ürün tipi ve/veya tanımlayıcı metinler net okunamadı.,Marka/model/özellikler belirlenemedi
8,00000182-PHOTO-2026-09-11-22-09-00.jpg,belirlenemedi,", Pan | 4 FIULTER , ft Muy % Seay ""> 4 Na GE ™ \ ” i Fi ; 4 ",belirlenemedi,P24,Belirlenemedi,Belirlenemedi,belirlenemedi,belirlenemedi,belirsiz,Ürün tipi ve/veya tanımlayıcı metinler net okunamadı.,Marka/model/özellikler belirlenemedi
8,00000183-PHOTO-2026-09-11-22-09-01.jpg,belirlenemedi,4&4 j,belirlenemedi,belirlenemedi,Belirlenemedi,Belirlenemedi,belirlenemedi,belirlenemedi,belirsiz,Ürün tipi ve/veya tanımlayıcı metinler net okunamadı.,Marka/model/özellikler belirlenemedi
8,00000184-PHOTO-2026-09-11-22-09-01.jpg,belirlenemedi,"5 Ts ay j | ; | TSW rT j ‘ a HY b , fl +f . “ f Bm ON S482 -",belirlenemedi,S482,Belirlenemedi,Belirlenemedi,belirlenemedi,belirlenemedi,belirsiz,Ürün tipi ve/veya tanımlayıcı metinler net okunamadı.,Marka/model/özellikler belirlenemedi
8,00000185-PHOTO-2026-09-11-22-09-01.jpg,belirlenemedi,; era | Hs cut Calpe o / 2400W | 7 . 4 | Fr ACE: | castes **,belirlenemedi,belirlenemedi,Belirlenemedi,Belirlenemedi,belirlenemedi,belirlenemedi,belirsiz,Ürün tipi ve/veya tanımlayıcı metinler net okunamadı.,Marka/model/özellikler belirlenemedi
8,00000186-PHOTO-2026-09-11-22-09-01.jpg,kahve,Kahve makinesi,belirlenemedi,belirlenemedi,Elektrikli ev aleti,Kahve makinesi,belirlenemedi,belirlenemedi,net,OCR metni üzerinden net görüldü.,Marka/model/özellikler belirlenemedi
8,00000187-PHOTO-2026-09-11-22-09-01.jpg,belirlenemedi,"TA4: AS 4 ) oe +"" : t hvat a ; 7 \ \ Cdn HM D Arne PEM LANL)",belirlenemedi,belirlenemedi,Belirlenemedi,Belirlenemedi,belirlenemedi,belirlenemedi,belirsiz,Ürün tipi ve/veya tanımlayıcı metinler net okunamadı.,Marka/model/özellikler belirlenemedi
8,00000188-PHOTO-2026-09-11-22-09-02.jpg,belirlenemedi,"| OKKA, iE _ MINIO™ | , | fe | f = = n = ; p be",belirlenemedi,belirlenemedi,Belirlenemedi,Belirlenemedi,belirlenemedi,belirlenemedi,belirsiz,Ürün tipi ve/veya tanımlayıcı metinler net okunamadı.,Marka/model/özellikler belirlenemedi
8,00000189-PHOTO-2026-09-11-22-09-01.jpg,belirlenemedi,": + = 1S get fs ’ tee f ee seh pee hae ae a Be ae "" i Ba oh ",belirlenemedi,belirlenemedi,Belirlenemedi,Belirlenemedi,belirlenemedi,belirlenemedi,belirsiz,Ürün tipi ve/veya tanımlayıcı metinler net okunamadı.,Marka/model/özellikler belirlenemedi
8,00000190-PHOTO-2026-09-11-22-09-02.jpg,belirlenemedi,ND es,belirlenemedi,belirlenemedi,Belirlenemedi,Belirlenemedi,belirlenemedi,belirlenemedi,belirsiz,Ürün tipi ve/veya tanımlayıcı metinler net okunamadı.,Marka/model/özellikler belirlenemedi
8,00000191-PHOTO-2026-09-11-22-09-02.jpg,belirlenemedi,i | | | J a | d SH ae . — 7 | | \ ; a.,belirlenemedi,belirlenemedi,Belirlenemedi,Belirlenemedi,belirlenemedi,belirlenemedi,belirsiz,Ürün tipi ve/veya tanımlayıcı metinler net okunamadı.,Marka/model/özellikler belirlenemedi
8,00000192-PHOTO-2026-09-11-22-09-02.jpg,belirlenemedi,\ 5 ed i 70 2 em * Hie: 4 evimsaray” “Don : \etanianay oli d,belirlenemedi,belirlenemedi,Belirlenemedi,Belirlenemedi,belirlenemedi,belirlenemedi,belirsiz,Ürün tipi ve/veya tanımlayıcı metinler net okunamadı.,Marka/model/özellikler belirlenemedi
8,00000193-PHOTO-2026-09-11-22-09-03.jpg,belirlenemedi,é ©) FAZILET CEYIZ Eyup Abi : oe e _._-_-—sSOLEADER = y bk |,belirlenemedi,RRS 4,Belirlenemedi,Belirlenemedi,belirlenemedi,belirlenemedi,belirsiz,Ürün tipi ve/veya tanımlayıcı metinler net okunamadı.,Marka/model/özellikler belirlenemedi
8,00000194-PHOTO-2026-09-11-22-09-03.jpg,belirlenemedi,"10:35 N\ all > &) < Q Marka, iiriin veya katego... © W hy = ",arzum,AR4087,Belirlenemedi,Belirlenemedi,belirlenemedi,belirlenemedi,belirsiz,Ürün tipi ve/veya tanımlayıcı metinler net okunamadı.,Marka/model/özellikler belirlenemedi
9,00000195-PHOTO-2026-09-11-22-09-04.jpg,belirlenemedi,"i i ak , | Al abd ay ia Bec | oS . Ss 'NSLMINGTON MN ; - shi",belirlenemedi,belirlenemedi,Belirlenemedi,Belirlenemedi,belirlenemedi,belirlenemedi,belirsiz,Ürün tipi ve/veya tanımlayıcı metinler net okunamadı.,Marka/model/özellikler belirlenemedi
9,00000196-PHOTO-2026-09-11-22-09-03.jpg,belirlenemedi,: aa age hraiink ny S=_= ——— —— EN AT cooler - ” SS. FR ie C,belirlenemedi,belirlenemedi,Belirlenemedi,Belirlenemedi,belirlenemedi,belirlenemedi,belirsiz,Ürün tipi ve/veya tanımlayıcı metinler net okunamadı.,Marka/model/özellikler belirlenemedi
9,00000197-PHOTO-2026-09-11-22-09-04.jpg,belirlenemedi,4 Lh — a ee : « = —— . = on : RR © Se : o 2 . |i — =O = = : ,belirlenemedi,belirlenemedi,Belirlenemedi,Belirlenemedi,belirlenemedi,belirlenemedi,belirsiz,Ürün tipi ve/veya tanımlayıcı metinler net okunamadı.,Marka/model/özellikler belirlenemedi
9,00000198-PHOTO-2026-09-11-22-09-04.jpg,belirlenemedi,"J — [om aw venlON 4 Tree I =) ‘ ra) "" ; vk f \. * 7 No, dry ",belirlenemedi,belirlenemedi,Belirlenemedi,Belirlenemedi,belirlenemedi,belirlenemedi,belirsiz,Ürün tipi ve/veya tanımlayıcı metinler net okunamadı.,Marka/model/özellikler belirlenemedi
9,00000199-PHOTO-2026-09-11-22-09-04.jpg,belirlenemedi,"COOK TOF vedic. een a oo 3002 MIDI OVEN ~< ="" (3002) <I > | ",belirlenemedi,belirlenemedi,Belirlenemedi,Belirlenemedi,belirlenemedi,belirlenemedi,belirsiz,Ürün tipi ve/veya tanımlayıcı metinler net okunamadı.,Marka/model/özellikler belirlenemedi
9,00000200-PHOTO-2026-09-11-22-09-04.jpg,belirlenemedi,as pa’ . |e,belirlenemedi,belirlenemedi,Belirlenemedi,Belirlenemedi,belirlenemedi,belirlenemedi,belirsiz,Ürün tipi ve/veya tanımlayıcı metinler net okunamadı.,Marka/model/özellikler belirlenemedi
9,00000201-PHOTO-2026-09-11-22-09-04.jpg,belirlenemedi,"""Rf ’ ® i a “a j , i ; —__ =z e ' q Tames LL = i ZAMAN AYARL",belirlenemedi,belirlenemedi,Belirlenemedi,Belirlenemedi,belirlenemedi,belirlenemedi,belirsiz,Ürün tipi ve/veya tanımlayıcı metinler net okunamadı.,Marka/model/özellikler belirlenemedi
9,00000202-PHOTO-2026-09-11-22-09-05.jpg,belirlenemedi,| NS 7 p ) chee Leo 3) <4 GENIS — | ¥ isc Pn pier areal SW =,belirlenemedi,NS 7,Belirlenemedi,Belirlenemedi,belirlenemedi,belirlenemedi,belirsiz,Ürün tipi ve/veya tanımlayıcı metinler net okunamadı.,Marka/model/özellikler belirlenemedi
9,00000203-PHOTO-2026-09-11-22-09-04.jpg,belirlenemedi,) aun oN _ Se DO@®@ OOL8-d1 } . eludadvatd ! i] A DED ® ® ( ,belirlenemedi,OOL8-,Belirlenemedi,Belirlenemedi,belirlenemedi,belirlenemedi,belirsiz,Ürün tipi ve/veya tanımlayıcı metinler net okunamadı.,Marka/model/özellikler belirlenemedi
9,00000204-PHOTO-2026-09-11-22-09-05.jpg,belirlenemedi,". y ‘. , “ ‘ . cam aN ’ 25 z SSE py 82 f See, sc eS ve f voo",belirlenemedi,SS 3,Belirlenemedi,Belirlenemedi,belirlenemedi,belirlenemedi,belirsiz,Ürün tipi ve/veya tanımlayıcı metinler net okunamadı.,Marka/model/özellikler belirlenemedi
9,00000205-PHOTO-2026-09-11-22-09-05.jpg,belirlenemedi,"""i i % |",belirlenemedi,belirlenemedi,Belirlenemedi,Belirlenemedi,belirlenemedi,belirlenemedi,belirsiz,Ürün tipi ve/veya tanımlayıcı metinler net okunamadı.,Marka/model/özellikler belirlenemedi
9,00000206-PHOTO-2026-09-11-22-09-05.jpg,belirlenemedi,"2 : c a5 é : go E ag ae Et , < Ee a 280 “ we 3 ge age zz 3 f",belirlenemedi,belirlenemedi,Belirlenemedi,Belirlenemedi,belirlenemedi,belirlenemedi,belirsiz,Ürün tipi ve/veya tanımlayıcı metinler net okunamadı.,Marka/model/özellikler belirlenemedi
9,00000207-PHOTO-2026-09-11-22-09-05.jpg,belirlenemedi,(®) LEADER giipersonik Hizlt Sag Kurutma Makinesi | ‘e. F 3 ,belirlenemedi,F 3,Belirlenemedi,Belirlenemedi,belirlenemedi,belirlenemedi,belirsiz,Ürün tipi ve/veya tanımlayıcı metinler net okunamadı.,Marka/model/özellikler belirlenemedi
9,00000208-PHOTO-2026-09-11-22-09-05.jpg,belirlenemedi,"N t a ae"". * . a a7 » : ow * 4 } sh. aa Cea ee eae a a = 2” ",belirlenemedi,belirlenemedi,Belirlenemedi,Belirlenemedi,set,belirlenemedi,belirsiz,Ürün tipi ve/veya tanımlayıcı metinler net okunamadı.,Marka/model/özellikler belirlenemedi
9,00000209-PHOTO-2026-09-11-22-09-05.jpg,belirlenemedi,=F || oe,belirlenemedi,belirlenemedi,Belirlenemedi,Belirlenemedi,belirlenemedi,belirlenemedi,belirsiz,Ürün tipi ve/veya tanımlayıcı metinler net okunamadı.,Marka/model/özellikler belirlenemedi
9,00000210-PHOTO-2026-09-11-22-09-06.jpg,belirlenemedi,"= a. ~ , ———eS i —————_ a —— _—— i= ‘ v ‘ae b ! Fa | N War i",belirlenemedi,belirlenemedi,Belirlenemedi,Belirlenemedi,belirlenemedi,belirlenemedi,belirsiz,Ürün tipi ve/veya tanımlayıcı metinler net okunamadı.,Marka/model/özellikler belirlenemedi
9,00000211-PHOTO-2026-09-11-22-09-06.jpg,belirlenemedi,tion OP Ari PO nevnesie ower co “ay oo we BF we * HAVAI,belirlenemedi,belirlenemedi,Belirlenemedi,Belirlenemedi,belirlenemedi,belirlenemedi,belirsiz,Ürün tipi ve/veya tanımlayıcı metinler net okunamadı.,Marka/model/özellikler belirlenemedi
9,00000212-PHOTO-2026-09-11-22-09-06.jpg,belirlenemedi,"a | . 2 iFT KiSiLiK CARSAF / FLAT: STANDART YAS rs » « ®,",belirlenemedi,belirlenemedi,Belirlenemedi,Belirlenemedi,belirlenemedi,belirlenemedi,belirsiz,Ürün tipi ve/veya tanımlayıcı metinler net okunamadı.,Marka/model/özellikler belirlenemedi
9,00000213-PHOTO-2026-09-11-22-09-06.jpg,belirlenemedi,~ wx 4 . a | oe my * a * hia 4 > 4 *~ . > ma <.,belirlenemedi,belirlenemedi,Belirlenemedi,Belirlenemedi,belirlenemedi,belirlenemedi,belirsiz,Ürün tipi ve/veya tanımlayıcı metinler net okunamadı.,Marka/model/özellikler belirlenemedi
9,00000214-PHOTO-2026-09-11-22-09-07.jpg,belirlenemedi,« & ee,belirlenemedi,belirlenemedi,Belirlenemedi,Belirlenemedi,belirlenemedi,belirlenemedi,belirsiz,Ürün tipi ve/veya tanımlayıcı metinler net okunamadı.,Marka/model/özellikler belirlenemedi
10,00000215-PHOTO-2026-09-11-22-09-06.jpg,belirlenemedi,"tion Oy Ari, PO nevnesie ower co “ay oo we BF we * HAVAI",belirlenemedi,belirlenemedi,Belirlenemedi,Belirlenemedi,belirlenemedi,belirlenemedi,belirsiz,Ürün tipi ve/veya tanımlayıcı metinler net okunamadı.,Marka/model/özellikler belirlenemedi
10,00000216-PHOTO-2026-09-11-22-09-06.jpg,belirlenemedi,"¥ t 5 a, ClF 7 KISILIK NEV - — NEVRESIM / DUVE - CARSAF / FL",belirlenemedi,belirlenemedi,Belirlenemedi,Belirlenemedi,belirlenemedi,belirlenemedi,belirsiz,Ürün tipi ve/veya tanımlayıcı metinler net okunamadı.,Marka/model/özellikler belirlenemedi
10,00000217-PHOTO-2026-09-11-22-09-07.jpg,belirlenemedi,ee,belirlenemedi,belirlenemedi,Belirlenemedi,Belirlenemedi,belirlenemedi,belirlenemedi,belirsiz,Ürün tipi ve/veya tanımlayıcı metinler net okunamadı.,Marka/model/özellikler belirlenemedi
10,00000218-PHOTO-2026-09-11-22-09-07.jpg,belirlenemedi,"i es) > ‘ y ¥,. f i Lea if a \ r A § > ry y! 7 ° oe ve y ipa",belirlenemedi,belirlenemedi,Belirlenemedi,Belirlenemedi,belirlenemedi,belirlenemedi,belirsiz,Ürün tipi ve/veya tanımlayıcı metinler net okunamadı.,Marka/model/özellikler belirlenemedi
10,00000219-PHOTO-2026-09-11-22-09-07.jpg,belirlenemedi,"a | . 2 iFT KiSiLiK CARSAF / FLAT: STANDART YAS rs » « ®,",belirlenemedi,belirlenemedi,Belirlenemedi,Belirlenemedi,belirlenemedi,belirlenemedi,belirsiz,Ürün tipi ve/veya tanımlayıcı metinler net okunamadı.,Marka/model/özellikler belirlenemedi
10,00000220-PHOTO-2026-09-11-22-09-07.jpg,belirlenemedi,[/,belirlenemedi,belirlenemedi,Belirlenemedi,Belirlenemedi,belirlenemedi,belirlenemedi,belirsiz,Ürün tipi ve/veya tanımlayıcı metinler net okunamadı.,Marka/model/özellikler belirlenemedi
10,00000221-PHOTO-2026-09-11-22-09-07.jpg,belirlenemedi,re: Se . & x ney ~ MS : - — ~ —— : : re = i _ ~ | * J) Taga ,belirlenemedi,SAN 2,Belirlenemedi,Belirlenemedi,set,belirlenemedi,belirsiz,Ürün tipi ve/veya tanımlayıcı metinler net okunamadı.,Marka/model/özellikler belirlenemedi
10,00000222-PHOTO-2026-09-11-22-09-07.jpg,belirlenemedi,"2: \ > ae a . | ‘ , VS, wo 4 4 ; a, koi fy, ™, 7 . sien, iy ",belirlenemedi,belirlenemedi,Belirlenemedi,Belirlenemedi,belirlenemedi,belirlenemedi,belirsiz,Ürün tipi ve/veya tanımlayıcı metinler net okunamadı.,Marka/model/özellikler belirlenemedi
10,00000223-PHOTO-2026-09-11-22-09-08.jpg,belirlenemedi,‘ i -_ ao i ss we if 3 y | _ r “ al P . ],belirlenemedi,belirlenemedi,Belirlenemedi,Belirlenemedi,belirlenemedi,belirlenemedi,belirsiz,Ürün tipi ve/veya tanımlayıcı metinler net okunamadı.,Marka/model/özellikler belirlenemedi
10,00000225-PHOTO-2026-09-11-22-07-42.jpg,belirlenemedi,"PORTATIF AKTIF SES SiSTEMi R | oa 255mm ? LP-6540 n Hl 4, Gi",belirlenemedi,belirlenemedi,Belirlenemedi,Belirlenemedi,belirlenemedi,belirlenemedi,belirsiz,Ürün tipi ve/veya tanımlayıcı metinler net okunamadı.,Marka/model/özellikler belirlenemedi
10,00000226-PHOTO-2026-09-11-22-07-43.jpg,belirlenemedi,":| i. , “a > a PVA! one \4 oc We - Cevapla @ @ a WY)",belirlenemedi,belirlenemedi,Belirlenemedi,Belirlenemedi,belirlenemedi,belirlenemedi,belirsiz,Ürün tipi ve/veya tanımlayıcı metinler net okunamadı.,Marka/model/özellikler belirlenemedi
10,00000227-PHOTO-2026-09-11-22-07-43.jpg,belirlenemedi,"H '"" ntom > ary 4 ’ = @ Fanton)- =z ——— CExici : ‘Contam nd ",belirlenemedi,belirlenemedi,Belirlenemedi,Belirlenemedi,belirlenemedi,belirlenemedi,belirsiz,Ürün tipi ve/veya tanımlayıcı metinler net okunamadı.,Marka/model/özellikler belirlenemedi
10,00000228-PHOTO-2026-09-11-22-07-43.jpg,belirlenemedi,"%35. 00 2 as eS vt, P. ‘7 a a \\ Ypy, \ T fi \ ZED iets ra |",belirlenemedi,belirlenemedi,Belirlenemedi,Belirlenemedi,belirlenemedi,belirlenemedi,belirsiz,Ürün tipi ve/veya tanımlayıcı metinler net okunamadı.,Marka/model/özellikler belirlenemedi
10,00000229-PHOTO-2026-09-11-22-07-43.jpg,belirlenemedi,” oe ; 4 | : aa,belirlenemedi,belirlenemedi,Belirlenemedi,Belirlenemedi,belirlenemedi,belirlenemedi,belirsiz,Ürün tipi ve/veya tanımlayıcı metinler net okunamadı.,Marka/model/özellikler belirlenemedi
10,00000230-PHOTO-2026-09-11-22-07-43.jpg,belirlenemedi,j= Us . =) - Uettrort seer Tos Torbas | | 3 vert! :,belirlenemedi,belirlenemedi,Belirlenemedi,Belirlenemedi,belirlenemedi,belirlenemedi,belirsiz,Ürün tipi ve/veya tanımlayıcı metinler net okunamadı.,Marka/model/özellikler belirlenemedi
10,00000231-PHOTO-2026-09-11-22-07-44.jpg,belirlenemedi,i! x £ ‘ Pratik Harno Toz 1 lik vam Sim VEmniyet Kiligi Sape,belirlenemedi,belirlenemedi,Belirlenemedi,Belirlenemedi,belirlenemedi,belirlenemedi,belirsiz,Ürün tipi ve/veya tanımlayıcı metinler net okunamadı.,Marka/model/özellikler belirlenemedi
10,00000232-PHOTO-2026-09-11-22-07-44.jpg,belirlenemedi,Musullu 4 GPasi-cycione aie 5. - “aa m esis 3:,belirlenemedi,belirlenemedi,Belirlenemedi,Belirlenemedi,belirlenemedi,belirlenemedi,belirsiz,Ürün tipi ve/veya tanımlayıcı metinler net okunamadı.,Marka/model/özellikler belirlenemedi
10,00000234-PHOTO-2026-09-11-22-07-44.jpg,belirlenemedi,| (A § = ; yh,belirlenemedi,belirlenemedi,Belirlenemedi,Belirlenemedi,belirlenemedi,belirlenemedi,belirsiz,Ürün tipi ve/veya tanımlayıcı metinler net okunamadı.,Marka/model/özellikler belirlenemedi
10,00000235-PHOTO-2026-09-11-22-07-44.jpg,belirlenemedi,"| 9 stRoNG cYCLone te ei, PERFORMANCE yw J tem i | FILTER T ",belirlenemedi,belirlenemedi,Belirlenemedi,Belirlenemedi,belirlenemedi,belirlenemedi,belirsiz,Ürün tipi ve/veya tanımlayıcı metinler net okunamadı.,Marka/model/özellikler belirlenemedi
10,00000236-PHOTO-2026-09-11-22-07-44.jpg,belirlenemedi,ary 34 rs rT vy { MIM ee AL 606 SG - AL 606 sT 4 =s cam | AL,belirlenemedi,belirlenemedi,Belirlenemedi,Belirlenemedi,belirlenemedi,belirlenemedi,belirsiz,Ürün tipi ve/veya tanımlayıcı metinler net okunamadı.,Marka/model/özellikler belirlenemedi
11,00000237-PHOTO-2026-09-11-22-07-45.jpg,belirlenemedi,uw > S pe a ~ Bivens | -_—,belirlenemedi,belirlenemedi,Belirlenemedi,Belirlenemedi,belirlenemedi,belirlenemedi,belirsiz,Ürün tipi ve/veya tanımlayıcı metinler net okunamadı.,Marka/model/özellikler belirlenemedi
11,00000238-PHOTO-2026-09-11-22-07-45.jpg,belirlenemedi,i ° @ \eaPro ‘ORG ) ei 7 walannaene 4 ress: ta Twi ass a KAW,belirlenemedi,belirlenemedi,Belirlenemedi,Belirlenemedi,belirlenemedi,belirlenemedi,belirsiz,Ürün tipi ve/veya tanımlayıcı metinler net okunamadı.,Marka/model/özellikler belirlenemedi
11,00000239-PHOTO-2026-09-11-22-07-45.jpg,belirlenemedi,"™ Sinbo. ) jee > ip cient aol "" ee L y a> P if { i co oa",belirlenemedi,belirlenemedi,Belirlenemedi,Belirlenemedi,belirlenemedi,belirlenemedi,belirsiz,Ürün tipi ve/veya tanımlayıcı metinler net okunamadı.,Marka/model/özellikler belirlenemedi
11,00000240-PHOTO-2026-09-11-22-07-45.jpg,belirlenemedi,.|% j ee j 5 DM \667 - (OH WA ULE ALL,belirlenemedi,belirlenemedi,Belirlenemedi,Belirlenemedi,belirlenemedi,belirlenemedi,belirsiz,Ürün tipi ve/veya tanımlayıcı metinler net okunamadı.,Marka/model/özellikler belirlenemedi
11,00000242-PHOTO-2026-09-11-22-07-45.jpg,belirlenemedi,"a i =, _@ | 2 kING 4 YEAR WARRANTY Re el a » ; aRRANTY ¥ F m",belirlenemedi,belirlenemedi,Belirlenemedi,Belirlenemedi,belirlenemedi,belirlenemedi,belirsiz,Ürün tipi ve/veya tanımlayıcı metinler net okunamadı.,Marka/model/özellikler belirlenemedi
11,00000243-PHOTO-2026-09-11-22-07-46.jpg,belirlenemedi,— | Bking - | “Dp - a Lridnc,belirlenemedi,belirlenemedi,Belirlenemedi,Belirlenemedi,belirlenemedi,belirlenemedi,belirsiz,Ürün tipi ve/veya tanımlayıcı metinler net okunamadı.,Marka/model/özellikler belirlenemedi
11,00000245-PHOTO-2026-09-11-22-07-46.jpg,belirlenemedi,VOI agtio: | Yan ——— Ye ens ',belirlenemedi,belirlenemedi,Belirlenemedi,Belirlenemedi,belirlenemedi,belirlenemedi,belirsiz,Ürün tipi ve/veya tanımlayıcı metinler net okunamadı.,Marka/model/özellikler belirlenemedi
11,00000246-PHOTO-2026-09-11-22-07-46.jpg,belirlenemedi,"| ee Goldn OM= 739) ) . =~ * Watt | Ey , sinbo.",belirlenemedi,belirlenemedi,Belirlenemedi,Belirlenemedi,belirlenemedi,belirlenemedi,belirsiz,Ürün tipi ve/veya tanımlayıcı metinler net okunamadı.,Marka/model/özellikler belirlenemedi
11,00000247-PHOTO-2026-09-11-22-07-46.jpg,belirlenemedi,s|2 ; ii ail = gr,belirlenemedi,belirlenemedi,Belirlenemedi,Belirlenemedi,belirlenemedi,belirlenemedi,belirsiz,Ürün tipi ve/veya tanımlayıcı metinler net okunamadı.,Marka/model/özellikler belirlenemedi
11,00000248-PHOTO-2026-09-11-22-07-46.jpg,belirlenemedi,| Gurme NEEL |,belirlenemedi,belirlenemedi,Belirlenemedi,Belirlenemedi,belirlenemedi,belirlenemedi,belirsiz,Ürün tipi ve/veya tanımlayıcı metinler net okunamadı.,Marka/model/özellikler belirlenemedi
11,00000249-PHOTO-2026-09-11-22-07-47.jpg,belirlenemedi,~ . —— a | x ’ i s Sasos de guna + 1 oo adconat eres ne dent,belirlenemedi,belirlenemedi,Belirlenemedi,Belirlenemedi,belirlenemedi,belirlenemedi,belirsiz,Ürün tipi ve/veya tanımlayıcı metinler net okunamadı.,Marka/model/özellikler belirlenemedi
11,00000250-PHOTO-2026-09-11-22-07-47.jpg,belirlenemedi,"- ae 3 . pa A = | i a ie @""",belirlenemedi,belirlenemedi,Belirlenemedi,Belirlenemedi,belirlenemedi,belirlenemedi,belirsiz,Ürün tipi ve/veya tanımlayıcı metinler net okunamadı.,Marka/model/özellikler belirlenemedi
11,00000251-PHOTO-2026-09-11-22-07-47.jpg,vacuum,"| CELIK TERMO oy SS VACUUM FLA . = y. a. ay “ ; , A \\ i Pp ",belirlenemedi,belirlenemedi,Elektrikli ev aleti,Süpürge,belirlenemedi,belirlenemedi,net,OCR metni üzerinden net görüldü.,Marka/model/özellikler belirlenemedi
11,00000252-PHOTO-2026-09-11-22-07-47.jpg,belirlenemedi,:,belirlenemedi,belirlenemedi,Belirlenemedi,Belirlenemedi,belirlenemedi,belirlenemedi,belirsiz,Ürün tipi ve/veya tanımlayıcı metinler net okunamadı.,Marka/model/özellikler belirlenemedi
11,00000254-PHOTO-2026-09-11-22-07-47.jpg,belirlenemedi,YIN * Kablolu&Kablosuz kullanirr * Lion batarya q Features »,belirlenemedi,belirlenemedi,Belirlenemedi,Belirlenemedi,belirlenemedi,belirlenemedi,belirsiz,Ürün tipi ve/veya tanımlayıcı metinler net okunamadı.,Marka/model/özellikler belirlenemedi
11,00000255-PHOTO-2026-09-11-22-07-48.jpg,belirlenemedi,"[rser 7 r9eE i f 7 ol. AO 51 ol LO 5 : j ad Blu hg rea 2,1 4",belirlenemedi,AO 51,Belirlenemedi,Belirlenemedi,belirlenemedi,belirlenemedi,belirsiz,Ürün tipi ve/veya tanımlayıcı metinler net okunamadı.,Marka/model/özellikler belirlenemedi
11,00000256-PHOTO-2026-09-11-22-07-48.jpg,belirlenemedi,S0ldmaster an - bd — = eye § aa product introduction Video 4,belirlenemedi,belirlenemedi,Belirlenemedi,Belirlenemedi,belirlenemedi,ürün,belirsiz,Ürün tipi ve/veya tanımlayıcı metinler net okunamadı.,Marka/model/özellikler belirlenemedi
11,00000257-PHOTO-2026-09-11-22-07-48.jpg,belirlenemedi,~ - | . : ¢ i ‘ ‘ :,belirlenemedi,belirlenemedi,Belirlenemedi,Belirlenemedi,belirlenemedi,belirlenemedi,belirsiz,Ürün tipi ve/veya tanımlayıcı metinler net okunamadı.,Marka/model/özellikler belirlenemedi
11,00000258-PHOTO-2026-09-11-22-07-48.jpg,belirlenemedi,"! L Veadeammami | i ~~ ‘ / ith. ns at @ lad . », i a a ‘a Py",belirlenemedi,belirlenemedi,Belirlenemedi,Belirlenemedi,belirlenemedi,belirlenemedi,belirsiz,Ürün tipi ve/veya tanımlayıcı metinler net okunamadı.,Marka/model/özellikler belirlenemedi
11,00000259-PHOTO-2026-09-11-22-07-48.jpg,belirlenemedi,' A - / 4 y A,belirlenemedi,belirlenemedi,Belirlenemedi,Belirlenemedi,belirlenemedi,belirlenemedi,belirsiz,Ürün tipi ve/veya tanımlayıcı metinler net okunamadı.,Marka/model/özellikler belirlenemedi
12,00000260-PHOTO-2026-09-11-22-07-48.jpg,belirlenemedi,"Pm ue 7 aa gh ¢ * 5, Pia 3 : ee = _ 7 7 3 them ones ~ = « al",belirlenemedi,belirlenemedi,Belirlenemedi,Belirlenemedi,belirlenemedi,belirlenemedi,belirsiz,Ürün tipi ve/veya tanımlayıcı metinler net okunamadı.,Marka/model/özellikler belirlenemedi
12,00000261-PHOTO-2026-09-11-22-07-48.jpg,belirlenemedi,"il SS ANNUM Nira x * i, X ———>-— = . | | _ = ae a. | — a ae ",belirlenemedi,belirlenemedi,Belirlenemedi,Belirlenemedi,belirlenemedi,belirlenemedi,belirsiz,Ürün tipi ve/veya tanımlayıcı metinler net okunamadı.,Marka/model/özellikler belirlenemedi
12,00000262-PHOTO-2026-09-11-22-07-49.jpg,belirlenemedi,PORTATIF AKTIF SES SISTEMI £R | | S bales 2 LEADER i | | | S,belirlenemedi,belirlenemedi,Belirlenemedi,Belirlenemedi,belirlenemedi,belirlenemedi,belirsiz,Ürün tipi ve/veya tanımlayıcı metinler net okunamadı.,Marka/model/özellikler belirlenemedi
12,00000263-PHOTO-2026-09-11-22-07-49.jpg,belirlenemedi,CY SR - ——== $4 * S| ee i | | ee SIESEEENSSEEEE EEE Wi Aaa t,belirlenemedi,belirlenemedi,Belirlenemedi,Belirlenemedi,belirlenemedi,belirlenemedi,belirsiz,Ürün tipi ve/veya tanımlayıcı metinler net okunamadı.,Marka/model/özellikler belirlenemedi
12,00000264-PHOTO-2026-09-11-22-07-49.jpg,belirlenemedi,Pea N eae LPO i ll FAL aEy A Se Bee SE Py Ce DY aati ai ee P,belirlenemedi,belirlenemedi,Belirlenemedi,Belirlenemedi,belirlenemedi,belirlenemedi,belirsiz,Ürün tipi ve/veya tanımlayıcı metinler net okunamadı.,Marka/model/özellikler belirlenemedi
12,00000265-PHOTO-2026-09-11-22-07-49.jpg,belirlenemedi,17:34 8 Bul & GO @ Akakce : x > = Fakir Spring 2600 W Buharl,belirlenemedi,belirlenemedi,Belirlenemedi,Belirlenemedi,belirlenemedi,belirlenemedi,belirsiz,Ürün tipi ve/veya tanımlayıcı metinler net okunamadı.,Marka/model/özellikler belirlenemedi
12,00000266-PHOTO-2026-09-11-22-07-49.jpg,belirlenemedi,{ ore ™ | } | WA abe ',belirlenemedi,belirlenemedi,Belirlenemedi,Belirlenemedi,belirlenemedi,belirlenemedi,belirsiz,Ürün tipi ve/veya tanımlayıcı metinler net okunamadı.,Marka/model/özellikler belirlenemedi
12,00000267-PHOTO-2026-09-11-22-07-49.jpg,belirlenemedi,tad es % a mix “ue “i [ J “(EOS wes { 3300 series =: Aa ee e,belirlenemedi,belirlenemedi,Belirlenemedi,Belirlenemedi,set,belirlenemedi,belirsiz,Ürün tipi ve/veya tanımlayıcı metinler net okunamadı.,Marka/model/özellikler belirlenemedi
12,00000268-PHOTO-2026-09-11-22-07-50.jpg,belirlenemedi,LS {&4 PORTATIF AKTIF SES SISTEMI a ] : } | @ 255mm ¥ LP-654,belirlenemedi,belirlenemedi,Belirlenemedi,Belirlenemedi,belirlenemedi,belirlenemedi,belirsiz,Ürün tipi ve/veya tanımlayıcı metinler net okunamadı.,Marka/model/özellikler belirlenemedi
12,00000269-PHOTO-2026-09-11-22-07-50.jpg,belirlenemedi,PORTATIF AKTIF SES SISTEMI £4 Dp LR* ; | eo = Say § : Vi LP-,belirlenemedi,belirlenemedi,Belirlenemedi,Belirlenemedi,2 adet,belirlenemedi,belirsiz,Ürün tipi ve/veya tanımlayıcı metinler net okunamadı.,Marka/model/özellikler belirlenemedi
12,00000270-PHOTO-2026-09-11-22-07-50.jpg,belirlenemedi,A frost a ee 4 4 r PES ad Il LF peak a i ’,belirlenemedi,belirlenemedi,Belirlenemedi,Belirlenemedi,belirlenemedi,belirlenemedi,belirsiz,Ürün tipi ve/veya tanımlayıcı metinler net okunamadı.,Marka/model/özellikler belirlenemedi
12,00000271-PHOTO-2026-09-11-22-07-50.jpg,belirlenemedi,"a aan . A . ’ Slee y : , nS } q % ‘ C)s x Mo . > . o q it it",belirlenemedi,OLD 3,Belirlenemedi,Belirlenemedi,belirlenemedi,belirlenemedi,belirsiz,Ürün tipi ve/veya tanımlayıcı metinler net okunamadı.,Marka/model/özellikler belirlenemedi
12,00000272-PHOTO-2026-09-11-22-07-50.jpg,belirlenemedi,"“"" ————Ea—a——————_—_E_~-r* | eo i ; s, # * yi ' | im se, = }",belirlenemedi,belirlenemedi,Belirlenemedi,Belirlenemedi,belirlenemedi,belirlenemedi,belirsiz,Ürün tipi ve/veya tanımlayıcı metinler net okunamadı.,Marka/model/özellikler belirlenemedi
12,00000273-PHOTO-2026-09-11-22-07-51.jpg,belirlenemedi,": + ; i ial { , - A eR { ee an ae, é a ig = s4 w i, ¥ . ct —",belirlenemedi,belirlenemedi,Belirlenemedi,Belirlenemedi,belirlenemedi,belirlenemedi,belirsiz,Ürün tipi ve/veya tanımlayıcı metinler net okunamadı.,Marka/model/özellikler belirlenemedi
12,00000274-PHOTO-2026-09-11-22-07-51.jpg,belirlenemedi,| RAPD | | Falez “+5. RAPID i Te E= —_t ea RAPID,belirlenemedi,belirlenemedi,Belirlenemedi,Belirlenemedi,belirlenemedi,belirlenemedi,belirsiz,Ürün tipi ve/veya tanımlayıcı metinler net okunamadı.,Marka/model/özellikler belirlenemedi
12,00000275-PHOTO-2026-09-11-22-07-51.jpg,belirlenemedi,"3300 series mm , mic ol alae __ a ? . : i eel "" The easiest ",belirlenemedi,belirlenemedi,Belirlenemedi,Belirlenemedi,belirlenemedi,belirlenemedi,belirsiz,Ürün tipi ve/veya tanımlayıcı metinler net okunamadı.,Marka/model/özellikler belirlenemedi
12,00000276-PHOTO-2026-09-11-22-07-51.jpg,belirlenemedi,"se fi Bly) toe oa heen age 7! | Fe ‘ . i | F = +t . Tan, i i",belirlenemedi,O 2,Belirlenemedi,Belirlenemedi,belirlenemedi,belirlenemedi,belirsiz,Ürün tipi ve/veya tanımlayıcı metinler net okunamadı.,Marka/model/özellikler belirlenemedi
12,00000277-PHOTO-2026-09-11-22-07-51.jpg,belirlenemedi,1 ra - oan | ~ = re i | sound FAN 2 0”u y { 4 SOGUTMA PoweR ,belirlenemedi,FAN 2,Belirlenemedi,Belirlenemedi,belirlenemedi,belirlenemedi,belirsiz,Ürün tipi ve/veya tanımlayıcı metinler net okunamadı.,Marka/model/özellikler belirlenemedi
12,00000278-PHOTO-2026-09-11-22-07-52.jpg,belirlenemedi,nw eal | S&S GRunbDic Pt CZS Cooker jsoray? Premium Aile Cay,belirlenemedi,belirlenemedi,Belirlenemedi,Belirlenemedi,belirlenemedi,belirlenemedi,belirsiz,Ürün tipi ve/veya tanımlayıcı metinler net okunamadı.,Marka/model/özellikler belirlenemedi
12,00000279-PHOTO-2026-09-11-22-07-52.jpg,belirlenemedi,"| , ONE ) = ELEKTROA |",belirlenemedi,belirlenemedi,Belirlenemedi,Belirlenemedi,belirlenemedi,belirlenemedi,belirsiz,Ürün tipi ve/veya tanımlayıcı metinler net okunamadı.,Marka/model/özellikler belirlenemedi
13,00000280-PHOTO-2026-09-11-22-07-52.jpg,belirlenemedi,08:26 8 ull 5G Gd a = wn | a ii : i),belirlenemedi,belirlenemedi,Belirlenemedi,Belirlenemedi,belirlenemedi,belirlenemedi,belirsiz,Ürün tipi ve/veya tanımlayıcı metinler net okunamadı.,Marka/model/özellikler belirlenemedi
13,00000281-PHOTO-2026-09-11-22-07-52.jpg,belirlenemedi,"eet ’ aa ANN : a x Bans } : fy ‘ ""0 ae alae Oh al ‘",belirlenemedi,belirlenemedi,Belirlenemedi,Belirlenemedi,belirlenemedi,belirlenemedi,belirsiz,Ürün tipi ve/veya tanımlayıcı metinler net okunamadı.,Marka/model/özellikler belirlenemedi
13,00000282-PHOTO-2026-09-11-22-07-52.jpg,belirlenemedi,(\ 5 LEADER Sipersonik Hizli Sag Kurutma Makinest 6 a 6) SF ,belirlenemedi,belirlenemedi,Belirlenemedi,Belirlenemedi,belirlenemedi,belirlenemedi,belirsiz,Ürün tipi ve/veya tanımlayıcı metinler net okunamadı.,Marka/model/özellikler belirlenemedi
13,00000283-PHOTO-2026-09-11-22-07-53.jpg,belirlenemedi,"| , ONE ) = ELEKTROA |",belirlenemedi,belirlenemedi,Belirlenemedi,Belirlenemedi,belirlenemedi,belirlenemedi,belirsiz,Ürün tipi ve/veya tanımlayıcı metinler net okunamadı.,Marka/model/özellikler belirlenemedi
13,00000284-PHOTO-2026-09-11-22-07-53.jpg,belirlenemedi,€ Fazilet ceyiz ceyiz : 35d + ©) Kanali goriintiile > ° resp,belirlenemedi,belirlenemedi,Belirlenemedi,Belirlenemedi,belirlenemedi,belirlenemedi,belirsiz,Ürün tipi ve/veya tanımlayıcı metinler net okunamadı.,Marka/model/özellikler belirlenemedi
13,00000285-PHOTO-2026-09-11-22-07-53.jpg,belirlenemedi,"L — * wa f. f . _—_, y | ; —T-= = a ———— —— y",belirlenemedi,belirlenemedi,Belirlenemedi,Belirlenemedi,belirlenemedi,belirlenemedi,belirsiz,Ürün tipi ve/veya tanımlayıcı metinler net okunamadı.,Marka/model/özellikler belirlenemedi
13,00000286-PHOTO-2026-09-11-22-07-53.jpg,belirlenemedi,Hava Sogutucu Air Cooler Diigtik Gig Serin ve konforlu kalin,belirlenemedi,belirlenemedi,Belirlenemedi,Belirlenemedi,belirlenemedi,belirlenemedi,belirsiz,Ürün tipi ve/veya tanımlayıcı metinler net okunamadı.,Marka/model/özellikler belirlenemedi
13,00000287-PHOTO-2026-09-11-22-07-53.jpg,belirlenemedi,€ Fazilet geyiz ceyiz : 5s + ©) Kanali goriintiile > ° iapex,belirlenemedi,belirlenemedi,Belirlenemedi,Belirlenemedi,belirlenemedi,belirlenemedi,belirsiz,Ürün tipi ve/veya tanımlayıcı metinler net okunamadı.,Marka/model/özellikler belirlenemedi
13,00000288-PHOTO-2026-09-11-22-07-53.jpg,belirlenemedi,"Gi ‘ . * of . 4a at eS "" ~~) |) la Nae y \\ x 4 + X,' ~ ————",belirlenemedi,belirlenemedi,Belirlenemedi,Belirlenemedi,belirlenemedi,belirlenemedi,belirsiz,Ürün tipi ve/veya tanımlayıcı metinler net okunamadı.,Marka/model/özellikler belirlenemedi
13,00000289-PHOTO-2026-09-11-22-07-53.jpg,belirlenemedi,"With . 5011019 7 . ua Qiang Bey Ra, fe ae ai AT ONE TIME = 4",belirlenemedi,belirlenemedi,Belirlenemedi,Belirlenemedi,belirlenemedi,belirlenemedi,belirsiz,Ürün tipi ve/veya tanımlayıcı metinler net okunamadı.,Marka/model/özellikler belirlenemedi
13,00000290-PHOTO-2026-09-11-22-07-54.jpg,belirlenemedi,SE ur: & ; ‘ | 4 ‘ - {Nl,belirlenemedi,belirlenemedi,Belirlenemedi,Belirlenemedi,belirlenemedi,belirlenemedi,belirsiz,Ürün tipi ve/veya tanımlayıcı metinler net okunamadı.,Marka/model/özellikler belirlenemedi
13,00000291-PHOTO-2026-09-11-22-07-54.jpg,belirlenemedi,rad oe ol El a El oe s } < yh fay eeu gy : Sen a Pi ; a - : ,belirlenemedi,belirlenemedi,Belirlenemedi,Belirlenemedi,belirlenemedi,belirlenemedi,belirsiz,Ürün tipi ve/veya tanımlayıcı metinler net okunamadı.,Marka/model/özellikler belirlenemedi
13,00000292-PHOTO-2026-09-11-22-07-54.jpg,belirlenemedi,Fos if rm fe j 2 —s i | i | {i an ving Pepa Restn See Se pai,belirlenemedi,belirlenemedi,Belirlenemedi,Belirlenemedi,belirlenemedi,belirlenemedi,belirsiz,Ürün tipi ve/veya tanımlayıcı metinler net okunamadı.,Marka/model/özellikler belirlenemedi
13,00000293-PHOTO-2026-09-11-22-07-54.jpg,belirlenemedi,—— 8€3XO —) Tana,belirlenemedi,belirlenemedi,Belirlenemedi,Belirlenemedi,belirlenemedi,belirlenemedi,belirsiz,Ürün tipi ve/veya tanımlayıcı metinler net okunamadı.,Marka/model/özellikler belirlenemedi
13,00000294-PHOTO-2026-09-11-22-07-54.jpg,belirlenemedi,‘ —<«,belirlenemedi,belirlenemedi,Belirlenemedi,Belirlenemedi,belirlenemedi,belirlenemedi,belirsiz,Ürün tipi ve/veya tanımlayıcı metinler net okunamadı.,Marka/model/özellikler belirlenemedi
13,00000295-PHOTO-2026-09-11-22-07-54.jpg,belirlenemedi,"600 cee poe ines hare Phe g 3 a ‘, nh A 5 + et PO ct Newt “S",belirlenemedi,belirlenemedi,Belirlenemedi,Belirlenemedi,belirlenemedi,belirlenemedi,belirsiz,Ürün tipi ve/veya tanımlayıcı metinler net okunamadı.,Marka/model/özellikler belirlenemedi
13,00000296-PHOTO-2026-09-11-22-07-55.jpg,steam,| a 7 + i y “ / . ; =m ¢ nw I Tefat |. a . | EXPRESS STEAM+ ,belirlenemedi,belirlenemedi,Elektrikli ev aleti,Ütü,belirlenemedi,belirlenemedi,net,OCR metni üzerinden net görüldü.,Marka/model/özellikler belirlenemedi
13,00000297-PHOTO-2026-09-11-22-07-55.jpg,belirlenemedi,ait i 7 a iz mm. KRISTAL 2 a | ' PIKE TAKIMI . S Je aS = @zo,belirlenemedi,A 4,Belirlenemedi,Belirlenemedi,belirlenemedi,belirlenemedi,belirsiz,Ürün tipi ve/veya tanımlayıcı metinler net okunamadı.,Marka/model/özellikler belirlenemedi
13,00000298-PHOTO-2026-09-11-22-07-55.jpg,belirlenemedi,‘e = m ag Dosya No: zon6rTa Esas,belirlenemedi,belirlenemedi,Belirlenemedi,Belirlenemedi,belirlenemedi,belirlenemedi,belirsiz,Ürün tipi ve/veya tanımlayıcı metinler net okunamadı.,Marka/model/özellikler belirlenemedi
13,00000299-PHOTO-2026-09-11-22-07-55.jpg,belirlenemedi,", | = f | at ails",belirlenemedi,belirlenemedi,Belirlenemedi,Belirlenemedi,belirlenemedi,belirlenemedi,belirsiz,Ürün tipi ve/veya tanımlayıcı metinler net okunamadı.,Marka/model/özellikler belirlenemedi
14,00000300-PHOTO-2026-09-11-22-07-55.jpg,belirlenemedi,"sinbo. , © ‘ 7 rs) "" J ‘om | A .. as",belirlenemedi,belirlenemedi,Belirlenemedi,Belirlenemedi,belirlenemedi,belirlenemedi,belirsiz,Ürün tipi ve/veya tanımlayıcı metinler net okunamadı.,Marka/model/özellikler belirlenemedi
14,00000301-PHOTO-2026-09-11-22-07-55.jpg,belirlenemedi,; ene ee |. - .,belirlenemedi,belirlenemedi,Belirlenemedi,Belirlenemedi,belirlenemedi,belirlenemedi,belirsiz,Ürün tipi ve/veya tanımlayıcı metinler net okunamadı.,Marka/model/özellikler belirlenemedi
14,00000302-PHOTO-2026-09-11-22-07-56.jpg,belirlenemedi,"! ll 4 600, Ai —_ TOR a Atte. ! - ern & - | 7 ~ (3 ia",belirlenemedi,belirlenemedi,Belirlenemedi,Belirlenemedi,belirlenemedi,belirlenemedi,belirsiz,Ürün tipi ve/veya tanımlayıcı metinler net okunamadı.,Marka/model/özellikler belirlenemedi
14,00000303-PHOTO-2026-09-11-22-07-56.jpg,belirlenemedi,"ee ’ = t =e = —_— = ""¢ \ Us 7 y ;",belirlenemedi,belirlenemedi,Belirlenemedi,Belirlenemedi,belirlenemedi,belirlenemedi,belirsiz,Ürün tipi ve/veya tanımlayıcı metinler net okunamadı.,Marka/model/özellikler belirlenemedi
14,00000304-PHOTO-2026-09-11-22-07-56.jpg,belirlenemedi,ae: “aie a b ; mip For straightener b A @ ~~ — = - - ~ 7 J :,belirlenemedi,belirlenemedi,Belirlenemedi,Belirlenemedi,belirlenemedi,belirlenemedi,belirsiz,Ürün tipi ve/veya tanımlayıcı metinler net okunamadı.,Marka/model/özellikler belirlenemedi
14,00000305-PHOTO-2026-09-11-22-07-56.jpg,belirlenemedi,— s ug ad _ J. e ASI i 4 Ty : i - Food : - “ - ad wee ne = ',belirlenemedi,F 7,Belirlenemedi,Belirlenemedi,belirlenemedi,belirlenemedi,belirsiz,Ürün tipi ve/veya tanımlayıcı metinler net okunamadı.,Marka/model/özellikler belirlenemedi
14,00000306-PHOTO-2026-09-11-22-07-57.jpg,belirlenemedi,"6% = - « * S . 3 hae f > A Ae) r ae 4 7 \ ae | | ES > oi ey,",belirlenemedi,belirlenemedi,Belirlenemedi,Belirlenemedi,belirlenemedi,belirlenemedi,belirsiz,Ürün tipi ve/veya tanımlayıcı metinler net okunamadı.,Marka/model/özellikler belirlenemedi
14,00000307-PHOTO-2026-09-11-22-07-57.jpg,belirlenemedi,belirlenemedi,belirlenemedi,belirlenemedi,Belirlenemedi,Belirlenemedi,belirlenemedi,belirlenemedi,açılamadı,OCR metni alınamadı; dosya görsel olarak da net okunamadı.,Marka/model/özellikler belirlenemedi
14,00000308-PHOTO-2026-09-11-22-07-57.jpg,belirlenemedi,"aw \ <a , -¥ ¥ = : ¢ a | | 3) eit rN. Vw bs\\ CO",belirlenemedi,belirlenemedi,Belirlenemedi,Belirlenemedi,belirlenemedi,belirlenemedi,belirsiz,Ürün tipi ve/veya tanımlayıcı metinler net okunamadı.,Marka/model/özellikler belirlenemedi
14,00000309-PHOTO-2026-09-11-22-07-57.jpg,belirlenemedi,€ ’ Se Durumum : @® Diin 23:14 © Hikayesi ° NU a r i @ © 105,belirlenemedi,belirlenemedi,Belirlenemedi,Belirlenemedi,belirlenemedi,belirlenemedi,belirsiz,Ürün tipi ve/veya tanımlayıcı metinler net okunamadı.,Marka/model/özellikler belirlenemedi
14,00000310-PHOTO-2026-09-11-22-07-57.jpg,belirlenemedi,"oi """,belirlenemedi,belirlenemedi,Belirlenemedi,Belirlenemedi,belirlenemedi,belirlenemedi,belirsiz,Ürün tipi ve/veya tanımlayıcı metinler net okunamadı.,Marka/model/özellikler belirlenemedi
14,00000311-PHOTO-2026-09-11-22-07-57.jpg,belirlenemedi,"< rel Durumum , © @® Din 23:14+ @ © Hikayesi ° @ 104 @",belirlenemedi,belirlenemedi,Belirlenemedi,Belirlenemedi,belirlenemedi,belirlenemedi,belirsiz,Ürün tipi ve/veya tanımlayıcı metinler net okunamadı.,Marka/model/özellikler belirlenemedi
14,00000312-PHOTO-2026-09-11-22-07-58.jpg,belirlenemedi,‘ POWERTEC ae,belirlenemedi,belirlenemedi,Belirlenemedi,Belirlenemedi,belirlenemedi,belirlenemedi,belirsiz,Ürün tipi ve/veya tanımlayıcı metinler net okunamadı.,Marka/model/özellikler belirlenemedi
14,00000313-PHOTO-2026-09-11-22-07-58.jpg,belirlenemedi,:: 2a a Se a YS | Create a ix S » PU hax (ere: ~~ \ i 3 Mode,belirlenemedi,belirlenemedi,Belirlenemedi,Belirlenemedi,belirlenemedi,belirlenemedi,belirsiz,Ürün tipi ve/veya tanımlayıcı metinler net okunamadı.,Marka/model/özellikler belirlenemedi
14,00000314-PHOTO-2026-09-11-22-07-58.jpg,belirlenemedi,: a EPILASYON Ch jrantlech ‘ ae ea ex os .,belirlenemedi,belirlenemedi,Belirlenemedi,Belirlenemedi,belirlenemedi,belirlenemedi,belirsiz,Ürün tipi ve/veya tanımlayıcı metinler net okunamadı.,Marka/model/özellikler belirlenemedi
14,00000315-PHOTO-2026-09-11-22-07-58.jpg,belirlenemedi,"A ff Pirantech | a“ \ \ , | )—) | SLU rrontecr a oJ YS J BHR",belirlenemedi,belirlenemedi,Belirlenemedi,Belirlenemedi,belirlenemedi,belirlenemedi,belirsiz,Ürün tipi ve/veya tanımlayıcı metinler net okunamadı.,Marka/model/özellikler belirlenemedi
14,00000316-PHOTO-2026-09-11-22-07-58.jpg,belirlenemedi,", 7 j / 4 F ; / i : / a",belirlenemedi,belirlenemedi,Belirlenemedi,Belirlenemedi,belirlenemedi,belirlenemedi,belirsiz,Ürün tipi ve/veya tanımlayıcı metinler net okunamadı.,Marka/model/özellikler belirlenemedi
14,00000317-PHOTO-2026-09-11-22-07-58.jpg,belirlenemedi,; $s oii) 7 fi 1 (a,belirlenemedi,belirlenemedi,Belirlenemedi,Belirlenemedi,belirlenemedi,belirlenemedi,belirsiz,Ürün tipi ve/veya tanımlayıcı metinler net okunamadı.,Marka/model/özellikler belirlenemedi
14,00000318-PHOTO-2026-09-11-22-07-59.jpg,belirlenemedi,1,belirlenemedi,belirlenemedi,Belirlenemedi,Belirlenemedi,belirlenemedi,belirlenemedi,belirsiz,Ürün tipi ve/veya tanımlayıcı metinler net okunamadı.,Marka/model/özellikler belirlenemedi
14,00000319-PHOTO-2026-09-11-22-07-59.jpg,belirlenemedi,"< ve ee <a 4, co P we a : I ‘ i"" 4 \ ; ts ‘ : “ i = = fer = ",belirlenemedi,belirlenemedi,Belirlenemedi,Belirlenemedi,belirlenemedi,belirlenemedi,belirsiz,Ürün tipi ve/veya tanımlayıcı metinler net okunamadı.,Marka/model/özellikler belirlenemedi
15,00000320-PHOTO-2026-09-11-22-07-59.jpg,belirlenemedi,s ») ae Be} | . g \ W ig : \] ‘ é \ Ni 4 ve i \ : = } > > : ,belirlenemedi,belirlenemedi,Belirlenemedi,Belirlenemedi,belirlenemedi,belirlenemedi,belirsiz,Ürün tipi ve/veya tanımlayıcı metinler net okunamadı.,Marka/model/özellikler belirlenemedi
15,00000321-PHOTO-2026-09-11-22-07-59.jpg,belirlenemedi,a ie a | Ca ee Bee Se fp é % my) ES dg 7 ie P: ba re bth nan,belirlenemedi,belirlenemedi,Belirlenemedi,Belirlenemedi,belirlenemedi,belirlenemedi,belirsiz,Ürün tipi ve/veya tanımlayıcı metinler net okunamadı.,Marka/model/özellikler belirlenemedi
15,00000322-PHOTO-2026-09-11-22-08-00.jpg,belirlenemedi,; RC Sa \ )\ as | i,belirlenemedi,belirlenemedi,Belirlenemedi,Belirlenemedi,belirlenemedi,belirlenemedi,belirsiz,Ürün tipi ve/veya tanımlayıcı metinler net okunamadı.,Marka/model/özellikler belirlenemedi
15,00000323-PHOTO-2026-09-11-22-08-00.jpg,belirlenemedi,"& le | Z#E \ “ ¥ a *%, hi . i = 5 y “",belirlenemedi,belirlenemedi,Belirlenemedi,Belirlenemedi,belirlenemedi,belirlenemedi,belirsiz,Ürün tipi ve/veya tanımlayıcı metinler net okunamadı.,Marka/model/özellikler belirlenemedi
15,00000324-PHOTO-2026-09-11-22-08-00.jpg,belirlenemedi,~ . a - (a a bf = a. ie ©,belirlenemedi,belirlenemedi,Belirlenemedi,Belirlenemedi,belirlenemedi,belirlenemedi,belirsiz,Ürün tipi ve/veya tanımlayıcı metinler net okunamadı.,Marka/model/özellikler belirlenemedi
15,00000326-PHOTO-2026-09-11-22-08-00.jpg,belirlenemedi,TAP = GA — a wT wa,belirlenemedi,belirlenemedi,Belirlenemedi,Belirlenemedi,belirlenemedi,belirlenemedi,belirsiz,Ürün tipi ve/veya tanımlayıcı metinler net okunamadı.,Marka/model/özellikler belirlenemedi
15,00000327-PHOTO-2026-09-11-22-08-01.jpg,belirlenemedi,"7 | <qe0 e- x } = EOE, 4 aD / aes i f ™ a ome J , ff } Ye ' ",belirlenemedi,SS 3,Belirlenemedi,Belirlenemedi,belirlenemedi,belirlenemedi,belirsiz,Ürün tipi ve/veya tanımlayıcı metinler net okunamadı.,Marka/model/özellikler belirlenemedi
15,00000328-PHOTO-2026-09-11-22-08-01.jpg,belirlenemedi,— oa) wae = B-: ‘ ae,belirlenemedi,belirlenemedi,Belirlenemedi,Belirlenemedi,belirlenemedi,belirlenemedi,belirsiz,Ürün tipi ve/veya tanımlayıcı metinler net okunamadı.,Marka/model/özellikler belirlenemedi
15,00000329-PHOTO-2026-09-11-22-08-01.jpg,belirlenemedi,* _———_ oe % 7 A,belirlenemedi,belirlenemedi,Belirlenemedi,Belirlenemedi,belirlenemedi,belirlenemedi,belirsiz,Ürün tipi ve/veya tanımlayıcı metinler net okunamadı.,Marka/model/özellikler belirlenemedi
15,00000330-PHOTO-2026-09-11-22-08-01.jpg,belirlenemedi,", ty _ ve, “ik , A aN * Bia bo ae i | Le 7 ‘ : \ “e » y 8 Q ",belirlenemedi,belirlenemedi,Belirlenemedi,Belirlenemedi,belirlenemedi,belirlenemedi,belirsiz,Ürün tipi ve/veya tanımlayıcı metinler net okunamadı.,Marka/model/özellikler belirlenemedi
15,00000331-PHOTO-2026-09-11-22-08-01.jpg,belirlenemedi,~ . a - (a a bf = a. ie ©,belirlenemedi,belirlenemedi,Belirlenemedi,Belirlenemedi,belirlenemedi,belirlenemedi,belirsiz,Ürün tipi ve/veya tanımlayıcı metinler net okunamadı.,Marka/model/özellikler belirlenemedi
15,00000332-PHOTO-2026-09-11-22-08-01.jpg,belirlenemedi,. : _ A ‘ila,belirlenemedi,belirlenemedi,Belirlenemedi,Belirlenemedi,belirlenemedi,belirlenemedi,belirsiz,Ürün tipi ve/veya tanımlayıcı metinler net okunamadı.,Marka/model/özellikler belirlenemedi
15,00000333-PHOTO-2026-09-11-22-08-02.jpg,belirlenemedi,"=| Pie £. i a, , ; (Ee ts @ Sy ms —~"" y LEADER MN . NSS ) x",belirlenemedi,belirlenemedi,Belirlenemedi,Belirlenemedi,belirlenemedi,belirlenemedi,belirsiz,Ürün tipi ve/veya tanımlayıcı metinler net okunamadı.,Marka/model/özellikler belirlenemedi
15,00000334-PHOTO-2026-09-11-22-08-02.jpg,belirlenemedi,4 g Se ee i ee 7) a eee | J heed ee ee - ° : ° . j — ; 7 WSS,belirlenemedi,belirlenemedi,Belirlenemedi,Belirlenemedi,belirlenemedi,belirlenemedi,belirsiz,Ürün tipi ve/veya tanımlayıcı metinler net okunamadı.,Marka/model/özellikler belirlenemedi
15,00000335-PHOTO-2026-09-11-22-08-02.jpg,belirlenemedi,Fazilet Abinin . € Bugiin 08:03 ° = = 4 Som — __ gr - aw = =,belirlenemedi,belirlenemedi,Belirlenemedi,Belirlenemedi,belirlenemedi,belirlenemedi,belirsiz,Ürün tipi ve/veya tanımlayıcı metinler net okunamadı.,Marka/model/özellikler belirlenemedi
15,00000337-PHOTO-2026-09-11-22-08-02.jpg,belirlenemedi,"La ae ol = 1?) f o d : \ ast! _ ¥ mt i —s . gi } BC ( \ \, j",belirlenemedi,belirlenemedi,Belirlenemedi,Belirlenemedi,belirlenemedi,belirlenemedi,belirsiz,Ürün tipi ve/veya tanımlayıcı metinler net okunamadı.,Marka/model/özellikler belirlenemedi
15,00000338-PHOTO-2026-09-11-22-08-03.jpg,belirlenemedi,"Br wy .</ i aie) = WR "" m8 i) | Se nO OY re Ne ae ‘ we Se sf",belirlenemedi,belirlenemedi,Belirlenemedi,Belirlenemedi,belirlenemedi,belirlenemedi,belirsiz,Ürün tipi ve/veya tanımlayıcı metinler net okunamadı.,Marka/model/özellikler belirlenemedi
15,00000339-PHOTO-2026-09-11-22-08-03.jpg,belirlenemedi,22:09 © -- all & GD Fazilet Geyiz : < Bugiin 21:02 4 i ° ™ |,belirlenemedi,belirlenemedi,Belirlenemedi,Belirlenemedi,belirlenemedi,belirlenemedi,belirsiz,Ürün tipi ve/veya tanımlayıcı metinler net okunamadı.,Marka/model/özellikler belirlenemedi
15,00000340-PHOTO-2026-09-11-22-08-03.jpg,belirlenemedi,Cie. mu) BROWN MUTRAGIN KAWRAMANLARI Sere KARE Porselen » of,belirlenemedi,A4,Belirlenemedi,Belirlenemedi,belirlenemedi,belirlenemedi,belirsiz,Ürün tipi ve/veya tanımlayıcı metinler net okunamadı.,Marka/model/özellikler belirlenemedi
15,00000342-PHOTO-2026-09-11-22-08-03.jpg,belirlenemedi,lektrikli Su fener — “ee = dime ™,belirlenemedi,belirlenemedi,Belirlenemedi,Belirlenemedi,belirlenemedi,belirlenemedi,belirsiz,Ürün tipi ve/veya tanımlayıcı metinler net okunamadı.,Marka/model/özellikler belirlenemedi
16,00000343-PHOTO-2026-09-11-22-08-04.jpg,belirlenemedi,< Or : i sot a Tr f) @ ov,belirlenemedi,belirlenemedi,Belirlenemedi,Belirlenemedi,belirlenemedi,belirlenemedi,belirsiz,Ürün tipi ve/veya tanımlayıcı metinler net okunamadı.,Marka/model/özellikler belirlenemedi
16,00000344-PHOTO-2026-09-11-22-08-04.jpg,belirlenemedi,. 12.1% 7 2 J ; =e boo — o x be,belirlenemedi,belirlenemedi,Belirlenemedi,Belirlenemedi,belirlenemedi,belirlenemedi,belirsiz,Ürün tipi ve/veya tanımlayıcı metinler net okunamadı.,Marka/model/özellikler belirlenemedi
16,00000345-PHOTO-2026-09-11-22-08-04.jpg,belirlenemedi,fz © zo eS ee > i aan \x a \\/ . } i fy oy \ WA oe ) y \,belirlenemedi,belirlenemedi,Belirlenemedi,Belirlenemedi,belirlenemedi,belirlenemedi,belirsiz,Ürün tipi ve/veya tanımlayıcı metinler net okunamadı.,Marka/model/özellikler belirlenemedi
16,00000346-PHOTO-2026-09-11-22-08-04.jpg,belirlenemedi,"— Zo ’ Pi 4 = Ww | Mee , : ed \ ; a d 2 OSs Ay fi ee ‘ — pe ",belirlenemedi,belirlenemedi,Belirlenemedi,Belirlenemedi,belirlenemedi,belirlenemedi,belirsiz,Ürün tipi ve/veya tanımlayıcı metinler net okunamadı.,Marka/model/özellikler belirlenemedi
16,00000347-PHOTO-2026-09-11-22-08-04.jpg,belirlenemedi,| Za ” : * : ig PHILIE SS ; 4,belirlenemedi,belirlenemedi,Belirlenemedi,Belirlenemedi,belirlenemedi,belirlenemedi,belirsiz,Ürün tipi ve/veya tanımlayıcı metinler net okunamadı.,Marka/model/özellikler belirlenemedi
16,00000348-PHOTO-2026-09-11-22-08-04.jpg,belirlenemedi,— == (a wa ae i Bs JA),belirlenemedi,belirlenemedi,Belirlenemedi,Belirlenemedi,belirlenemedi,belirlenemedi,belirsiz,Ürün tipi ve/veya tanımlayıcı metinler net okunamadı.,Marka/model/özellikler belirlenemedi
16,00000349-PHOTO-2026-09-11-22-08-05.jpg,belirlenemedi,Ss BLDC FON MAKINESI 4 y ines OFp. Yiksek Hizli Sag Kurutma ,belirlenemedi,belirlenemedi,Belirlenemedi,Belirlenemedi,belirlenemedi,belirlenemedi,belirsiz,Ürün tipi ve/veya tanımlayıcı metinler net okunamadı.,Marka/model/özellikler belirlenemedi
16,00000350-PHOTO-2026-09-11-22-08-05.jpg,belirlenemedi,"| os ) . / aa f , | : ¥ | ¥FM304-S FM304 Yiiksek Hizli Sag K",belirlenemedi,FM304-S,Belirlenemedi,Belirlenemedi,belirlenemedi,belirlenemedi,belirsiz,Ürün tipi ve/veya tanımlayıcı metinler net okunamadı.,Marka/model/özellikler belirlenemedi
16,00000351-PHOTO-2026-09-11-22-08-05.jpg,belirlenemedi,"€ (F) FAZILET GEYiZ , 20d.+ ©) Kanali gériintiile > "" ieaper",belirlenemedi,belirlenemedi,Belirlenemedi,Belirlenemedi,belirlenemedi,belirlenemedi,belirsiz,Ürün tipi ve/veya tanımlayıcı metinler net okunamadı.,Marka/model/özellikler belirlenemedi
16,00000352-PHOTO-2026-09-11-22-08-05.jpg,belirlenemedi,\ iw) ©LEADER . » HA Siipersonik Hizli Sag Kurutma Makinesi ,belirlenemedi,belirlenemedi,Belirlenemedi,Belirlenemedi,belirlenemedi,belirlenemedi,belirsiz,Ürün tipi ve/veya tanımlayıcı metinler net okunamadı.,Marka/model/özellikler belirlenemedi
16,00000353-PHOTO-2026-09-11-22-08-05.jpg,belirlenemedi,q-* Burgaz 48 \,belirlenemedi,belirlenemedi,Belirlenemedi,Belirlenemedi,belirlenemedi,belirlenemedi,belirsiz,Ürün tipi ve/veya tanımlayıcı metinler net okunamadı.,Marka/model/özellikler belirlenemedi
16,00000354-PHOTO-2026-09-11-22-08-06.jpg,belirlenemedi,_ sD ~~ : —— =. i : rap = ’ : - =< — € a : — -—- — ) a — — |,belirlenemedi,belirlenemedi,Belirlenemedi,Belirlenemedi,belirlenemedi,belirlenemedi,belirsiz,Ürün tipi ve/veya tanımlayıcı metinler net okunamadı.,Marka/model/özellikler belirlenemedi
16,00000355-PHOTO-2026-09-11-22-08-06.jpg,belirlenemedi,"be _— — / . Ai ‘A, —J : / 7 | mS",belirlenemedi,belirlenemedi,Belirlenemedi,Belirlenemedi,belirlenemedi,belirlenemedi,belirsiz,Ürün tipi ve/veya tanımlayıcı metinler net okunamadı.,Marka/model/özellikler belirlenemedi
16,00000356-PHOTO-2026-09-11-22-08-06.jpg,belirlenemedi,"| e antom f PRATIC aR POWER : oy ne? = : _— . \ - 4 4 , oF ‘",belirlenemedi,belirlenemedi,Belirlenemedi,Belirlenemedi,belirlenemedi,belirlenemedi,belirsiz,Ürün tipi ve/veya tanımlayıcı metinler net okunamadı.,Marka/model/özellikler belirlenemedi
16,00000357-PHOTO-2026-09-11-22-08-06.jpg,belirlenemedi,"( A.C aay — “ J 5 cenkt® ‘Ba, ~*~ * ’ : : . { }",belirlenemedi,J 5,Belirlenemedi,Belirlenemedi,belirlenemedi,belirlenemedi,belirsiz,Ürün tipi ve/veya tanımlayıcı metinler net okunamadı.,Marka/model/özellikler belirlenemedi
16,00000358-PHOTO-2026-09-11-22-08-06.jpg,belirlenemedi,"fay * te on 7] (ia ; *S'arger WATER [| SPENSER VY, | HOT & N",belirlenemedi,belirlenemedi,Belirlenemedi,Belirlenemedi,belirlenemedi,belirlenemedi,belirsiz,Ürün tipi ve/veya tanımlayıcı metinler net okunamadı.,Marka/model/özellikler belirlenemedi
16,00000359-PHOTO-2026-09-11-22-08-07.jpg,belirlenemedi,SICAK & SOGUK | SU SEBILI,belirlenemedi,belirlenemedi,Belirlenemedi,Belirlenemedi,belirlenemedi,belirlenemedi,belirsiz,Ürün tipi ve/veya tanımlayıcı metinler net okunamadı.,Marka/model/özellikler belirlenemedi
16,00000360-PHOTO-2026-09-11-22-08-07.jpg,belirlenemedi,| Pa 3 KOLTUK VE HALI £ ig i” Rh. VIKAMA MAKiNEs| | y es S 2,belirlenemedi,S 2,Belirlenemedi,Belirlenemedi,belirlenemedi,belirlenemedi,belirsiz,Ürün tipi ve/veya tanımlayıcı metinler net okunamadı.,Marka/model/özellikler belirlenemedi
16,00000361-PHOTO-2026-09-11-22-08-07.jpg,belirlenemedi,"are : - » ka ”* A = v rast oe 2 KS ‘ a ‘ A : , in i S Pig . ",belirlenemedi,RS 4,Belirlenemedi,Belirlenemedi,belirlenemedi,belirlenemedi,belirsiz,Ürün tipi ve/veya tanımlayıcı metinler net okunamadı.,Marka/model/özellikler belirlenemedi
16,00000362-PHOTO-2026-09-11-22-08-07.jpg,belirlenemedi,"Ns, eae - 7 ‘cc te he ee + ""ra gaps eR oe sia F + | Ak. - \ ",belirlenemedi,belirlenemedi,Belirlenemedi,Belirlenemedi,belirlenemedi,belirlenemedi,belirsiz,Ürün tipi ve/veya tanımlayıcı metinler net okunamadı.,Marka/model/özellikler belirlenemedi
17,00000363-PHOTO-2026-09-11-22-08-07.jpg,tencere,Tencere seti,belirlenemedi,belirlenemedi,Mutfak gereçleri,Tencere seti,belirlenemedi,belirlenemedi,net,OCR metni üzerinden net görüldü.,Marka/model/özellikler belirlenemedi
17,00000364-PHOTO-2026-09-11-22-08-07.jpg,belirlenemedi,"® _—_ Yitqesen heh ona eia , 2 re BY es. \ \ : 5a",belirlenemedi,belirlenemedi,Belirlenemedi,Belirlenemedi,belirlenemedi,belirlenemedi,belirsiz,Ürün tipi ve/veya tanımlayıcı metinler net okunamadı.,Marka/model/özellikler belirlenemedi
17,00000365-PHOTO-2026-09-11-22-08-08.jpg,belirlenemedi,"So, pra —— Serami 7 STAY ) by 0 , 5 a= » >",belirlenemedi,belirlenemedi,Belirlenemedi,Belirlenemedi,belirlenemedi,belirlenemedi,belirsiz,Ürün tipi ve/veya tanımlayıcı metinler net okunamadı.,Marka/model/özellikler belirlenemedi
17,00000366-PHOTO-2026-09-11-22-08-08.jpg,belirlenemedi,ase vant ™ | = / : vy) ! / d s rn = Fay eld v= i 4 B Jel { e,belirlenemedi,belirlenemedi,Belirlenemedi,Belirlenemedi,belirlenemedi,belirlenemedi,belirsiz,Ürün tipi ve/veya tanımlayıcı metinler net okunamadı.,Marka/model/özellikler belirlenemedi
17,00000367-PHOTO-2026-09-11-22-08-08.jpg,belirlenemedi,"> Nd | 1 a Sey 5 ; , ‘ Fakie =the > — i} igs agi ’ \ ait "" -",belirlenemedi,belirlenemedi,Belirlenemedi,Belirlenemedi,belirlenemedi,belirlenemedi,belirsiz,Ürün tipi ve/veya tanımlayıcı metinler net okunamadı.,Marka/model/özellikler belirlenemedi
17,00000368-PHOTO-2026-09-11-22-08-08.jpg,belirlenemedi,"Mee |_(osinabilir Ses Sisterny)\\ e020 | AY, | A LEADER” I i",belirlenemedi,belirlenemedi,Belirlenemedi,Belirlenemedi,belirlenemedi,belirlenemedi,belirsiz,Ürün tipi ve/veya tanımlayıcı metinler net okunamadı.,Marka/model/özellikler belirlenemedi
17,00000369-PHOTO-2026-09-11-22-08-08.jpg,belirlenemedi,ti} Z pif Aitsp Ly Perm 4 o ‘ | ee m SS | ae = Re i <i — S> ,belirlenemedi,belirlenemedi,Belirlenemedi,Belirlenemedi,belirlenemedi,belirlenemedi,belirsiz,Ürün tipi ve/veya tanımlayıcı metinler net okunamadı.,Marka/model/özellikler belirlenemedi
17,00000370-PHOTO-2026-09-11-22-08-09.jpg,belirlenemedi,e q . c= @) | eR CE Pe,belirlenemedi,belirlenemedi,Belirlenemedi,Belirlenemedi,belirlenemedi,belirlenemedi,belirsiz,Ürün tipi ve/veya tanımlayıcı metinler net okunamadı.,Marka/model/özellikler belirlenemedi
17,00000371-PHOTO-2026-09-11-22-08-09.jpg,belirlenemedi,"%,. 2200 W of pure power : ~ a aes, So ‘ Ep a e # | i de — =",belirlenemedi,belirlenemedi,Belirlenemedi,Belirlenemedi,belirlenemedi,belirlenemedi,belirsiz,Ürün tipi ve/veya tanımlayıcı metinler net okunamadı.,Marka/model/özellikler belirlenemedi
17,00000372-PHOTO-2026-09-11-22-08-09.jpg,belirlenemedi,sl — —y——————————V~XSN”TDLDWDUDUDUWU!UmUUUmUU | a= 3 e Pe / ,belirlenemedi,belirlenemedi,Belirlenemedi,Belirlenemedi,belirlenemedi,belirlenemedi,belirsiz,Ürün tipi ve/veya tanımlayıcı metinler net okunamadı.,Marka/model/özellikler belirlenemedi
17,00000373-PHOTO-2026-09-11-22-08-09.jpg,iron,Buharlı ütü,belirlenemedi,belirlenemedi,Elektrikli ev aleti,Ütü,belirlenemedi,ürün,net,OCR metni üzerinden net görüldü.,Marka/model/özellikler belirlenemedi
17,00000374-PHOTO-2026-09-11-22-08-09.jpg,belirlenemedi,i am = ” Ia =y ay . < i _— - = KWARE SETS =e *; wi Dre a a s,belirlenemedi,belirlenemedi,Belirlenemedi,Belirlenemedi,belirlenemedi,belirlenemedi,belirsiz,Ürün tipi ve/veya tanımlayıcı metinler net okunamadı.,Marka/model/özellikler belirlenemedi
17,00000375-PHOTO-2026-09-11-22-08-10.jpg,belirlenemedi,= Z ae hi = ae panther 4 ye Pree ~~ i iy Wy > — . co’. J MAS,belirlenemedi,C2,Belirlenemedi,Belirlenemedi,belirlenemedi,belirlenemedi,belirsiz,Ürün tipi ve/veya tanımlayıcı metinler net okunamadı.,Marka/model/özellikler belirlenemedi
17,00000376-PHOTO-2026-09-11-22-08-10.jpg,belirlenemedi,", 5 —- —_ —-s-> a 7 ' — & ; Aw ii, Vy ES ON . 16 BUHARLI iy ",belirlenemedi,SE 16,Belirlenemedi,Belirlenemedi,belirlenemedi,belirlenemedi,belirsiz,Ürün tipi ve/veya tanımlayıcı metinler net okunamadı.,Marka/model/özellikler belirlenemedi
17,00000377-PHOTO-2026-09-11-22-08-10.jpg,belirlenemedi,t results . ae = go ae C—O ») ae ; on i Perfect results <= i,belirlenemedi,P 4,Belirlenemedi,Belirlenemedi,belirlenemedi,belirlenemedi,belirsiz,Ürün tipi ve/veya tanımlayıcı metinler net okunamadı.,Marka/model/özellikler belirlenemedi
17,00000378-PHOTO-2026-09-11-22-08-10.jpg,belirlenemedi,Sahl =| fe =. = - ee ie 4 a : Ve eee “i oe I] gs 2 & = _ ‘BP,belirlenemedi,belirlenemedi,Belirlenemedi,Belirlenemedi,belirlenemedi,belirlenemedi,belirsiz,Ürün tipi ve/veya tanımlayıcı metinler net okunamadı.,Marka/model/özellikler belirlenemedi
17,00000379-PHOTO-2026-09-11-22-08-10.jpg,belirlenemedi,"= a { A = 7 - ile, + 7 2 eee. . a Wi Ny et! o > i > . : a ” ",belirlenemedi,belirlenemedi,Belirlenemedi,Belirlenemedi,belirlenemedi,belirlenemedi,belirsiz,Ürün tipi ve/veya tanımlayıcı metinler net okunamadı.,Marka/model/özellikler belirlenemedi
17,00000380-PHOTO-2026-09-11-22-08-11.jpg,belirlenemedi,"ua ¥, ‘ 7 ie } ‘A “en, | AL i ‘ Behe pd ; 7 a i < - c a / ge",belirlenemedi,belirlenemedi,Belirlenemedi,Belirlenemedi,belirlenemedi,belirlenemedi,belirsiz,Ürün tipi ve/veya tanımlayıcı metinler net okunamadı.,Marka/model/özellikler belirlenemedi
17,00000381-PHOTO-2026-09-11-22-08-11.jpg,belirlenemedi,") at ; . xy fe 1 | = — = *: ra , = a a saint ee i 7 a gy i \",belirlenemedi,belirlenemedi,Belirlenemedi,Belirlenemedi,belirlenemedi,belirlenemedi,belirsiz,Ürün tipi ve/veya tanımlayıcı metinler net okunamadı.,Marka/model/özellikler belirlenemedi
17,00000382-PHOTO-2026-09-11-22-08-11.jpg,belirlenemedi,ee i pes Set = | “WS Ea wor sae i wrfis j > Pee | i ae st 3 ,belirlenemedi,belirlenemedi,Belirlenemedi,Belirlenemedi,set,belirlenemedi,belirsiz,Ürün tipi ve/veya tanımlayıcı metinler net okunamadı.,Marka/model/özellikler belirlenemedi
18,00000383-PHOTO-2026-09-11-22-08-11.jpg,belirlenemedi,be my ” . i a_i. oe aim ) é,belirlenemedi,belirlenemedi,Belirlenemedi,Belirlenemedi,belirlenemedi,belirlenemedi,belirsiz,Ürün tipi ve/veya tanımlayıcı metinler net okunamadı.,Marka/model/özellikler belirlenemedi
18,00000384-PHOTO-2026-09-11-22-08-11.jpg,belirlenemedi,"or me ed Gia 26 — — vo” Ue So ee Hes m f, “2 ™ ao a a > . Se",belirlenemedi,F3,Belirlenemedi,Belirlenemedi,belirlenemedi,belirlenemedi,belirsiz,Ürün tipi ve/veya tanımlayıcı metinler net okunamadı.,Marka/model/özellikler belirlenemedi
18,00000385-PHOTO-2026-09-11-22-08-12.jpg,belirlenemedi,"evimsoray | Saray’ ; } \evimsaray""™ y= = “4 P if S rd (2 “e ",belirlenemedi,belirlenemedi,Belirlenemedi,Belirlenemedi,belirlenemedi,belirlenemedi,belirsiz,Ürün tipi ve/veya tanımlayıcı metinler net okunamadı.,Marka/model/özellikler belirlenemedi
18,00000386-PHOTO-2026-09-11-22-08-12.jpg,belirlenemedi,=>e a This 7 ON | | : 7 > lf : — i i = Pad a _ Ni 12 - MASTE,belirlenemedi,belirlenemedi,Belirlenemedi,Belirlenemedi,belirlenemedi,belirlenemedi,belirsiz,Ürün tipi ve/veya tanımlayıcı metinler net okunamadı.,Marka/model/özellikler belirlenemedi
18,00000387-PHOTO-2026-09-11-22-08-12.jpg,belirlenemedi,"Sey iat, ae ee a Bale Yy > / 3",belirlenemedi,belirlenemedi,Belirlenemedi,Belirlenemedi,belirlenemedi,belirlenemedi,belirsiz,Ürün tipi ve/veya tanımlayıcı metinler net okunamadı.,Marka/model/özellikler belirlenemedi
18,00000388-PHOTO-2026-09-11-22-08-12.jpg,belirlenemedi,~~ N Ww a D wo — > : @& < m D an ; 0: Len y a se m,belirlenemedi,belirlenemedi,Belirlenemedi,Belirlenemedi,belirlenemedi,belirlenemedi,belirsiz,Ürün tipi ve/veya tanımlayıcı metinler net okunamadı.,Marka/model/özellikler belirlenemedi
18,00000389-PHOTO-2026-09-11-22-08-12.jpg,belirlenemedi,Bi ti a oo : ee a N x = S c ms be | mn 8 3 \A44 = ° be e) c ,belirlenemedi,A44,Belirlenemedi,Belirlenemedi,belirlenemedi,belirlenemedi,belirsiz,Ürün tipi ve/veya tanımlayıcı metinler net okunamadı.,Marka/model/özellikler belirlenemedi
18,00000390-PHOTO-2026-09-11-22-08-13.jpg,belirlenemedi,"~~ N W a D wo — > : @ < m D an ; 0: Le"" y a -e m",belirlenemedi,belirlenemedi,Belirlenemedi,Belirlenemedi,belirlenemedi,belirlenemedi,belirsiz,Ürün tipi ve/veya tanımlayıcı metinler net okunamadı.,Marka/model/özellikler belirlenemedi
18,00000391-PHOTO-2026-09-11-22-08-13.jpg,belirlenemedi,"j ) /¥ + nil ~~ ' Xe a =y Q » g q el +. age: ee vey, aS ) ‘4",belirlenemedi,belirlenemedi,Belirlenemedi,Belirlenemedi,belirlenemedi,belirlenemedi,belirsiz,Ürün tipi ve/veya tanımlayıcı metinler net okunamadı.,Marka/model/özellikler belirlenemedi
18,00000392-PHOTO-2026-09-11-22-08-13.jpg,belirlenemedi,iis 3 cess Pe f = a - | F i) a i ; | ACTIONS oa i \ FOL SHAV,belirlenemedi,belirlenemedi,Belirlenemedi,Belirlenemedi,belirlenemedi,belirlenemedi,belirsiz,Ürün tipi ve/veya tanımlayıcı metinler net okunamadı.,Marka/model/özellikler belirlenemedi
18,00000393-PHOTO-2026-09-11-22-08-13.jpg,belirlenemedi,fist oe Pie = bes . =. ew a a ee | Dar Ag Fe 9 : | 1-56 — pr,belirlenemedi,belirlenemedi,Belirlenemedi,Belirlenemedi,belirlenemedi,belirlenemedi,belirsiz,Ürün tipi ve/veya tanımlayıcı metinler net okunamadı.,Marka/model/özellikler belirlenemedi
18,00000394-PHOTO-2026-09-11-22-08-14.jpg,belirlenemedi,at ¥ € ~~,belirlenemedi,belirlenemedi,Belirlenemedi,Belirlenemedi,belirlenemedi,belirlenemedi,belirsiz,Ürün tipi ve/veya tanımlayıcı metinler net okunamadı.,Marka/model/özellikler belirlenemedi
18,00000395-PHOTO-2026-09-11-22-08-14.jpg,belirlenemedi,IWERTEC i \ ee,belirlenemedi,belirlenemedi,Belirlenemedi,Belirlenemedi,belirlenemedi,belirlenemedi,belirsiz,Ürün tipi ve/veya tanımlayıcı metinler net okunamadı.,Marka/model/özellikler belirlenemedi
18,00000396-PHOTO-2026-09-11-22-08-14.jpg,belirlenemedi,"g —— he 2 j kc 3 Ty 4 a | y ee “a **. """". ~~ a ‘ “ 4 ™ —_ a)",belirlenemedi,belirlenemedi,Belirlenemedi,Belirlenemedi,belirlenemedi,belirlenemedi,belirsiz,Ürün tipi ve/veya tanımlayıcı metinler net okunamadı.,Marka/model/özellikler belirlenemedi
18,00000397-PHOTO-2026-09-11-22-08-14.jpg,belirlenemedi,| ae Ve,belirlenemedi,belirlenemedi,Belirlenemedi,Belirlenemedi,belirlenemedi,belirlenemedi,belirsiz,Ürün tipi ve/veya tanımlayıcı metinler net okunamadı.,Marka/model/özellikler belirlenemedi
18,00000398-PHOTO-2026-09-11-22-08-14.jpg,belirlenemedi,WwW J Goldmaster a en 4 Orin Tanitim Videosu a 4 4 = 9 Fonks,belirlenemedi,belirlenemedi,Belirlenemedi,Belirlenemedi,belirlenemedi,belirlenemedi,belirsiz,Ürün tipi ve/veya tanımlayıcı metinler net okunamadı.,Marka/model/özellikler belirlenemedi
18,00000399-PHOTO-2026-09-11-22-08-15.jpg,belirlenemedi,Hava Sogutucu | yee & = | I Air Cooler 1 <> a Serin ve konfo,belirlenemedi,WIL 2,Belirlenemedi,Belirlenemedi,belirlenemedi,belirlenemedi,belirsiz,Ürün tipi ve/veya tanımlayıcı metinler net okunamadı.,Marka/model/özellikler belirlenemedi
18,00000400-PHOTO-2026-09-11-22-08-15.jpg,belirlenemedi,~=UNGa! Hava Sodutuc Air Cooler Serin ve konforlu kalin! E —,belirlenemedi,belirlenemedi,Belirlenemedi,Belirlenemedi,belirlenemedi,belirlenemedi,belirsiz,Ürün tipi ve/veya tanımlayıcı metinler net okunamadı.,Marka/model/özellikler belirlenemedi
18,00000401-PHOTO-2026-09-11-22-08-15.jpg,belirlenemedi,"FS Wei ili, } ii = iil: a a : i = = ~ = ow 22 = ~ cS ( o\ | ",belirlenemedi,belirlenemedi,Belirlenemedi,Belirlenemedi,belirlenemedi,belirlenemedi,belirsiz,Ürün tipi ve/veya tanımlayıcı metinler net okunamadı.,Marka/model/özellikler belirlenemedi
18,00000402-PHOTO-2026-09-11-22-08-15.jpg,belirlenemedi,BEECTRO SET nonhWal Lastiligns \\ \\ Bow Bow aw » Ly f \ . —,belirlenemedi,belirlenemedi,Belirlenemedi,Belirlenemedi,belirlenemedi,belirlenemedi,belirsiz,Ürün tipi ve/veya tanımlayıcı metinler net okunamadı.,Marka/model/özellikler belirlenemedi
19,00000403-PHOTO-2026-09-11-22-08-15.jpg,belirlenemedi,a rer J We ie / E.. cnn | eee fx ‘ os ‘ ; - tH | ‘ + Ropes c,belirlenemedi,LEEK 4,Belirlenemedi,Belirlenemedi,belirlenemedi,belirlenemedi,belirsiz,Ürün tipi ve/veya tanımlayıcı metinler net okunamadı.,Marka/model/özellikler belirlenemedi
19,00000404-PHOTO-2026-09-11-22-08-15.jpg,belirlenemedi,"ee e , ; ae a — ‘ } — | 4 | 3 Mi ‘ — \\ 4 4 a",belirlenemedi,belirlenemedi,Belirlenemedi,Belirlenemedi,belirlenemedi,belirlenemedi,belirsiz,Ürün tipi ve/veya tanımlayıcı metinler net okunamadı.,Marka/model/özellikler belirlenemedi
19,00000405-PHOTO-2026-09-11-22-08-16.jpg,belirlenemedi,it rar we @aa f yb,belirlenemedi,belirlenemedi,Belirlenemedi,Belirlenemedi,belirlenemedi,belirlenemedi,belirsiz,Ürün tipi ve/veya tanımlayıcı metinler net okunamadı.,Marka/model/özellikler belirlenemedi
19,00000406-PHOTO-2026-09-11-22-08-16.jpg,belirlenemedi,"! . et r mi] : i if it A, —— Sl | COCO CAMA / : / Uae ¥ aod ",belirlenemedi,belirlenemedi,Belirlenemedi,Belirlenemedi,belirlenemedi,belirlenemedi,belirsiz,Ürün tipi ve/veya tanımlayıcı metinler net okunamadı.,Marka/model/özellikler belirlenemedi
19,00000407-PHOTO-2026-09-11-22-08-16.jpg,belirlenemedi,"= —"" <2",belirlenemedi,belirlenemedi,Belirlenemedi,Belirlenemedi,belirlenemedi,belirlenemedi,belirsiz,Ürün tipi ve/veya tanımlayıcı metinler net okunamadı.,Marka/model/özellikler belirlenemedi
19,00000408-PHOTO-2026-09-11-22-08-16.jpg,belirlenemedi,me ose wt = ji n -? ; ] Pd a 37 5 | 4 KFAN-7429 0) (T) a | -,belirlenemedi,belirlenemedi,Belirlenemedi,Belirlenemedi,belirlenemedi,belirlenemedi,belirsiz,Ürün tipi ve/veya tanımlayıcı metinler net okunamadı.,Marka/model/özellikler belirlenemedi
19,00000409-PHOTO-2026-09-11-22-08-16.jpg,belirlenemedi,i + i { i I,belirlenemedi,belirlenemedi,Belirlenemedi,Belirlenemedi,belirlenemedi,belirlenemedi,belirsiz,Ürün tipi ve/veya tanımlayıcı metinler net okunamadı.,Marka/model/özellikler belirlenemedi
19,00000410-PHOTO-2026-09-11-22-08-17.jpg,belirlenemedi,\ 4 |,belirlenemedi,belirlenemedi,Belirlenemedi,Belirlenemedi,belirlenemedi,belirlenemedi,belirsiz,Ürün tipi ve/veya tanımlayıcı metinler net okunamadı.,Marka/model/özellikler belirlenemedi
19,00000411-PHOTO-2026-09-11-22-08-17.jpg,belirlenemedi,"ae, , A 4 VIL, & Vit. GARANTI © = CC t«~S —",belirlenemedi,A 4,Belirlenemedi,Belirlenemedi,belirlenemedi,belirlenemedi,belirsiz,Ürün tipi ve/veya tanımlayıcı metinler net okunamadı.,Marka/model/özellikler belirlenemedi
19,00000412-PHOTO-2026-09-11-22-08-17.jpg,belirlenemedi,Bi ocmesce DEM >| F,belirlenemedi,belirlenemedi,Belirlenemedi,Belirlenemedi,belirlenemedi,belirlenemedi,belirsiz,Ürün tipi ve/veya tanımlayıcı metinler net okunamadı.,Marka/model/özellikler belirlenemedi
19,00000413-PHOTO-2026-09-11-22-08-17.jpg,belirlenemedi,", i Sa Thee ?. @. § sinbo. eq ==",belirlenemedi,belirlenemedi,Belirlenemedi,Belirlenemedi,belirlenemedi,belirlenemedi,belirsiz,Ürün tipi ve/veya tanımlayıcı metinler net okunamadı.,Marka/model/özellikler belirlenemedi
19,00000414-PHOTO-2026-09-11-22-08-17.jpg,belirlenemedi,ol ‘9 - Ds 4 ] mn : 2 iis P | TER - - ----Seeeee ——naattie 7,belirlenemedi,belirlenemedi,Belirlenemedi,Belirlenemedi,belirlenemedi,belirlenemedi,belirsiz,Ürün tipi ve/veya tanımlayıcı metinler net okunamadı.,Marka/model/özellikler belirlenemedi
19,00000415-PHOTO-2026-09-11-22-08-18.jpg,belirlenemedi,ee . <— oo f -_ = | i a aks . saan Ww sino,belirlenemedi,belirlenemedi,Belirlenemedi,Belirlenemedi,belirlenemedi,belirlenemedi,belirsiz,Ürün tipi ve/veya tanımlayıcı metinler net okunamadı.,Marka/model/özellikler belirlenemedi
19,00000416-PHOTO-2026-09-11-22-08-18.jpg,belirlenemedi,"os 5 wee. -, as ~ ‘oy "" =",belirlenemedi,belirlenemedi,Belirlenemedi,Belirlenemedi,belirlenemedi,belirlenemedi,belirsiz,Ürün tipi ve/veya tanımlayıcı metinler net okunamadı.,Marka/model/özellikler belirlenemedi
19,00000417-PHOTO-2026-09-11-22-08-18.jpg,belirlenemedi,"Q - hu SU Re : \ ""2"" Masa Vantilatord \ V ) i i) \ : } © = S",belirlenemedi,belirlenemedi,Belirlenemedi,Belirlenemedi,belirlenemedi,belirlenemedi,belirsiz,Ürün tipi ve/veya tanımlayıcı metinler net okunamadı.,Marka/model/özellikler belirlenemedi
19,00000418-PHOTO-2026-09-11-22-08-18.jpg,belirlenemedi,"| | = ‘igaeel = | » aa, / Ny",belirlenemedi,belirlenemedi,Belirlenemedi,Belirlenemedi,belirlenemedi,belirlenemedi,belirsiz,Ürün tipi ve/veya tanımlayıcı metinler net okunamadı.,Marka/model/özellikler belirlenemedi
19,00000419-PHOTO-2026-09-11-22-08-18.jpg,belirlenemedi,"4 NGA AA Winn ee | iii on “= HY 2"" 7"" > Hi HN a j",belirlenemedi,HY 2,Belirlenemedi,Belirlenemedi,belirlenemedi,belirlenemedi,belirsiz,Ürün tipi ve/veya tanımlayıcı metinler net okunamadı.,Marka/model/özellikler belirlenemedi
19,00000420-PHOTO-2026-09-11-22-08-18.jpg,belirlenemedi,"| i 4 i J? a ul — y Ss : Be / ‘ Or, j é J RY, |",belirlenemedi,belirlenemedi,Belirlenemedi,Belirlenemedi,belirlenemedi,belirlenemedi,belirsiz,Ürün tipi ve/veya tanımlayıcı metinler net okunamadı.,Marka/model/özellikler belirlenemedi
19,00000421-PHOTO-2026-09-11-22-08-19.jpg,belirlenemedi,"’ : ' ai = jp . 7 », wa a. \ i { {",belirlenemedi,belirlenemedi,Belirlenemedi,Belirlenemedi,belirlenemedi,belirlenemedi,belirsiz,Ürün tipi ve/veya tanımlayıcı metinler net okunamadı.,Marka/model/özellikler belirlenemedi
19,00000422-PHOTO-2026-09-11-22-08-19.jpg,belirlenemedi,Hava Sogut Sa Serin ve konforlu kalin!,belirlenemedi,belirlenemedi,Belirlenemedi,Belirlenemedi,belirlenemedi,belirlenemedi,belirsiz,Ürün tipi ve/veya tanımlayıcı metinler net okunamadı.,Marka/model/özellikler belirlenemedi
20,00000423-PHOTO-2026-09-11-22-08-19.jpg,belirlenemedi,"Turkéy j ower, 5 Te SOtRTA WOR COAT is tenn: a a — A ; I] av",belirlenemedi,belirlenemedi,Belirlenemedi,Belirlenemedi,belirlenemedi,belirlenemedi,belirsiz,Ürün tipi ve/veya tanımlayıcı metinler net okunamadı.,Marka/model/özellikler belirlenemedi
20,00000424-PHOTO-2026-09-11-22-08-19.jpg,belirlenemedi,ee _—— . 56 ’ Bl /2/ Piranjech ai AK . a a,belirlenemedi,belirlenemedi,Belirlenemedi,Belirlenemedi,belirlenemedi,belirlenemedi,belirsiz,Ürün tipi ve/veya tanımlayıcı metinler net okunamadı.,Marka/model/özellikler belirlenemedi
20,00000426-PHOTO-2026-09-11-22-08-20.jpg,belirlenemedi,"yea ¢ ~ Sa Vantilatéri; ts W Le inc Table Fa, d a. of) jj & ",belirlenemedi,belirlenemedi,Belirlenemedi,Belirlenemedi,belirlenemedi,belirlenemedi,belirsiz,Ürün tipi ve/veya tanımlayıcı metinler net okunamadı.,Marka/model/özellikler belirlenemedi
20,00000427-PHOTO-2026-09-11-22-08-20.jpg,belirlenemedi,"; = - . _ Z , \",belirlenemedi,belirlenemedi,Belirlenemedi,Belirlenemedi,belirlenemedi,belirlenemedi,belirsiz,Ürün tipi ve/veya tanımlayıcı metinler net okunamadı.,Marka/model/özellikler belirlenemedi
20,00000428-PHOTO-2026-09-11-22-08-20.jpg,belirlenemedi,4 J | Ff Pirantect | \ aL A IPL Lazer Epilasyon Cihaz ee,belirlenemedi,belirlenemedi,Belirlenemedi,Belirlenemedi,belirlenemedi,belirlenemedi,belirsiz,Ürün tipi ve/veya tanımlayıcı metinler net okunamadı.,Marka/model/özellikler belirlenemedi
20,00000429-PHOTO-2026-09-11-22-08-20.jpg,belirlenemedi,= ff Piran’ a 7 - > 7 ‘ > ys hs 4y LAZ cp LA S {Of + Cc — oe,belirlenemedi,belirlenemedi,Belirlenemedi,Belirlenemedi,belirlenemedi,belirlenemedi,belirsiz,Ürün tipi ve/veya tanımlayıcı metinler net okunamadı.,Marka/model/özellikler belirlenemedi
20,00000430-PHOTO-2026-09-11-22-08-21.jpg,belirlenemedi,Kee . ) a . wa “A Shite S ~s ¢ . im % AgLIk ky 4 b ty \§ . m,belirlenemedi,belirlenemedi,Belirlenemedi,Belirlenemedi,belirlenemedi,belirlenemedi,belirsiz,Ürün tipi ve/veya tanımlayıcı metinler net okunamadı.,Marka/model/özellikler belirlenemedi
20,00000431-PHOTO-2026-09-11-22-08-21.jpg,belirlenemedi,"“oO “ = > \ L « . = ; pI dh, Y ‘ : f | i e e : ; a } PF Stiv",belirlenemedi,belirlenemedi,Belirlenemedi,Belirlenemedi,belirlenemedi,belirlenemedi,belirsiz,Ürün tipi ve/veya tanımlayıcı metinler net okunamadı.,Marka/model/özellikler belirlenemedi
20,00000432-PHOTO-2026-09-11-22-08-21.jpg,belirlenemedi,"J , "" Wher rae Pred be yt ’ ¥ Beets, hair regrowth irene : i",belirlenemedi,belirlenemedi,Belirlenemedi,Belirlenemedi,belirlenemedi,belirlenemedi,belirsiz,Ürün tipi ve/veya tanımlayıcı metinler net okunamadı.,Marka/model/özellikler belirlenemedi
20,00000433-PHOTO-2026-09-11-22-08-21.jpg,belirlenemedi,"Burrs hs : ‘. ; | pe ‘OAMIY ’ if, fy To ' ~ Fa. : r ~ = . e ",belirlenemedi,ARE 4,Belirlenemedi,Belirlenemedi,belirlenemedi,belirlenemedi,belirsiz,Ürün tipi ve/veya tanımlayıcı metinler net okunamadı.,Marka/model/özellikler belirlenemedi
20,00000434-PHOTO-2026-09-11-22-08-21.jpg,belirlenemedi,"es -s= arene Ge : —s oe x : 3 2<gle i, mMBA=8 i manetee Ki w",belirlenemedi,belirlenemedi,Belirlenemedi,Belirlenemedi,belirlenemedi,belirlenemedi,belirsiz,Ürün tipi ve/veya tanımlayıcı metinler net okunamadı.,Marka/model/özellikler belirlenemedi
20,00000435-PHOTO-2026-09-11-22-08-21.jpg,belirlenemedi,: dmaster Goldmaster Goldmaster a ii WINICARE = “=> MINICARE,belirlenemedi,belirlenemedi,Belirlenemedi,Belirlenemedi,belirlenemedi,belirlenemedi,belirsiz,Ürün tipi ve/veya tanımlayıcı metinler net okunamadı.,Marka/model/özellikler belirlenemedi
20,00000437-PHOTO-2026-09-11-22-08-22.jpg,belirlenemedi,Pop an y reeze ry J ie soguk Have 7 — oh a a be. oa St :,belirlenemedi,belirlenemedi,Belirlenemedi,Belirlenemedi,belirlenemedi,belirlenemedi,belirsiz,Ürün tipi ve/veya tanımlayıcı metinler net okunamadı.,Marka/model/özellikler belirlenemedi
20,00000438-PHOTO-2026-09-11-22-08-22.jpg,belirlenemedi,"* 4 . Ld ae * | - ae we "" : 7 ame Beis, , — « . om, - : * a ",belirlenemedi,belirlenemedi,Belirlenemedi,Belirlenemedi,belirlenemedi,belirlenemedi,belirsiz,Ürün tipi ve/veya tanımlayıcı metinler net okunamadı.,Marka/model/özellikler belirlenemedi
20,00000439-PHOTO-2026-09-11-22-08-22.jpg,belirlenemedi,"Satin Hair 7 , Power of active lons aS, boost shine, combat ",belirlenemedi,belirlenemedi,Belirlenemedi,Belirlenemedi,belirlenemedi,belirlenemedi,belirsiz,Ürün tipi ve/veya tanımlayıcı metinler net okunamadı.,Marka/model/özellikler belirlenemedi
20,00000440-PHOTO-2026-09-11-22-08-22.jpg,belirlenemedi,om AUN a itin Hair 7 —_ prAun Satin Hair 7,belirlenemedi,belirlenemedi,Belirlenemedi,Belirlenemedi,belirlenemedi,belirlenemedi,belirsiz,Ürün tipi ve/veya tanımlayıcı metinler net okunamadı.,Marka/model/özellikler belirlenemedi
20,00000442-PHOTO-2026-09-11-22-08-23.jpg,belirlenemedi,"ALL } OPT oe ( RR aI — s EMINGTON § : : = a = ' a | , N ‘ a ",belirlenemedi,belirlenemedi,Belirlenemedi,Belirlenemedi,belirlenemedi,belirlenemedi,belirsiz,Ürün tipi ve/veya tanımlayıcı metinler net okunamadı.,Marka/model/özellikler belirlenemedi
20,00000443-PHOTO-2026-09-11-22-08-23.jpg,belirlenemedi,-_ > 4 ~ - | «* £7 Straight ~~ a ® a -,belirlenemedi,belirlenemedi,Belirlenemedi,Belirlenemedi,belirlenemedi,belirlenemedi,belirsiz,Ürün tipi ve/veya tanımlayıcı metinler net okunamadı.,Marka/model/özellikler belirlenemedi
20,00000444-PHOTO-2026-09-11-22-08-23.jpg,belirlenemedi,"~ s a = pee ; | = aa _— . * : . Be i \ ; - = SS —, ’ 4 | \ é",belirlenemedi,belirlenemedi,Belirlenemedi,Belirlenemedi,belirlenemedi,belirlenemedi,belirsiz,Ürün tipi ve/veya tanımlayıcı metinler net okunamadı.,Marka/model/özellikler belirlenemedi
20,00000445-PHOTO-2026-09-11-22-08-23.jpg,belirlenemedi,; ung abessoyy ai foe es \ jo \ Sarjli Masaj Aleti ( — © Mas,belirlenemedi,belirlenemedi,Belirlenemedi,Belirlenemedi,belirlenemedi,belirlenemedi,belirsiz,Ürün tipi ve/veya tanımlayıcı metinler net okunamadı.,Marka/model/özellikler belirlenemedi
21,00000446-PHOTO-2026-09-11-22-08-23.jpg,belirlenemedi,"ot, { % ‘ . \ ari ii Ee | tL Es THE",belirlenemedi,belirlenemedi,Belirlenemedi,Belirlenemedi,belirlenemedi,belirlenemedi,belirsiz,Ürün tipi ve/veya tanımlayıcı metinler net okunamadı.,Marka/model/özellikler belirlenemedi
21,00000448-PHOTO-2026-09-11-22-08-24.jpg,belirlenemedi,"i ps i} Re, : Bs in the ys Pa 14 A“. | N\A \ ELEKTRO SF eee",belirlenemedi,belirlenemedi,Belirlenemedi,Belirlenemedi,belirlenemedi,belirlenemedi,belirsiz,Ürün tipi ve/veya tanımlayıcı metinler net okunamadı.,Marka/model/özellikler belirlenemedi
21,00000449-PHOTO-2026-09-11-22-08-24.jpg,belirlenemedi,"ELEKTRO SET is ""La . 6 —",belirlenemedi,belirlenemedi,Belirlenemedi,Belirlenemedi,belirlenemedi,belirlenemedi,belirsiz,Ürün tipi ve/veya tanımlayıcı metinler net okunamadı.,Marka/model/özellikler belirlenemedi
21,00000450-PHOTO-2026-09-11-22-08-24.jpg,belirlenemedi,". 2 . ur é 00 Series f a , lite P — | er . BS un, Serven a —",belirlenemedi,belirlenemedi,Belirlenemedi,Belirlenemedi,belirlenemedi,belirlenemedi,belirsiz,Ürün tipi ve/veya tanımlayıcı metinler net okunamadı.,Marka/model/özellikler belirlenemedi
21,00000451-PHOTO-2026-09-11-22-08-24.jpg,belirlenemedi,yi unas | i] ee a — ¢ “ > ‘N | f B ht» é LA te Pa = ae Hue .,belirlenemedi,belirlenemedi,Belirlenemedi,Belirlenemedi,belirlenemedi,belirlenemedi,belirsiz,Ürün tipi ve/veya tanımlayıcı metinler net okunamadı.,Marka/model/özellikler belirlenemedi
21,00000452-PHOTO-2026-09-11-22-08-24.jpg,belirlenemedi,"= ia * a . —_—e <a : ’ ; a a , eos i APEX SMOEK STEAT a = ; ",belirlenemedi,belirlenemedi,Belirlenemedi,Belirlenemedi,belirlenemedi,belirlenemedi,belirsiz,Ürün tipi ve/veya tanımlayıcı metinler net okunamadı.,Marka/model/özellikler belirlenemedi
21,00000453-PHOTO-2026-09-11-22-08-25.jpg,belirlenemedi,"IK f. s “& "" aN it se OY. WSS mT ae yy Vag. PPP er A a ayy P",belirlenemedi,belirlenemedi,Belirlenemedi,Belirlenemedi,belirlenemedi,belirlenemedi,belirsiz,Ürün tipi ve/veya tanımlayıcı metinler net okunamadı.,Marka/model/özellikler belirlenemedi
21,00000454-PHOTO-2026-09-11-22-08-25.jpg,belirlenemedi,ot oe | i ee,belirlenemedi,belirlenemedi,Belirlenemedi,Belirlenemedi,belirlenemedi,belirlenemedi,belirsiz,Ürün tipi ve/veya tanımlayıcı metinler net okunamadı.,Marka/model/özellikler belirlenemedi
21,00000455-PHOTO-2026-09-11-22-08-25.jpg,belirlenemedi,* Re | | ~~,belirlenemedi,belirlenemedi,Belirlenemedi,Belirlenemedi,belirlenemedi,belirlenemedi,belirsiz,Ürün tipi ve/veya tanımlayıcı metinler net okunamadı.,Marka/model/özellikler belirlenemedi
21,00000457-PHOTO-2026-09-11-22-08-25.jpg,seti,“ N X \ = | - EZ KEA 034 IR Multi Blender Seti = W simi | ir,belirlenemedi,belirlenemedi,Mutfak gereçleri,Tencere seti,set,belirlenemedi,net,OCR metni üzerinden net görüldü.,Marka/model/özellikler belirlenemedi
21,00000458-PHOTO-2026-09-11-22-08-25.jpg,belirlenemedi,ot ——e | i ee,belirlenemedi,belirlenemedi,Belirlenemedi,Belirlenemedi,belirlenemedi,belirlenemedi,belirsiz,Ürün tipi ve/veya tanımlayıcı metinler net okunamadı.,Marka/model/özellikler belirlenemedi
21,00000459-PHOTO-2026-09-11-22-08-26.jpg,belirlenemedi,[Vv HAUSGERATE a \ MR CHEF fil j | QUADRO | . | — AL: | e- y,belirlenemedi,belirlenemedi,Belirlenemedi,Belirlenemedi,belirlenemedi,belirlenemedi,belirsiz,Ürün tipi ve/veya tanımlayıcı metinler net okunamadı.,Marka/model/özellikler belirlenemedi
21,00000460-PHOTO-2026-09-11-22-08-26.jpg,seti,RANG: | Blender Seti . J ‘ima,belirlenemedi,belirlenemedi,Mutfak gereçleri,Tencere seti,belirlenemedi,belirlenemedi,net,OCR metni üzerinden net görüldü.,Marka/model/özellikler belirlenemedi
21,00000461-PHOTO-2026-09-11-22-08-26.jpg,belirlenemedi,a i © ; —— oY TA) div 8 @RAKS shied EL BLENDER] )) il PERA a,belirlenemedi,belirlenemedi,Belirlenemedi,Belirlenemedi,belirlenemedi,belirlenemedi,belirsiz,Ürün tipi ve/veya tanımlayıcı metinler net okunamadı.,Marka/model/özellikler belirlenemedi
21,00000462-PHOTO-2026-09-11-22-08-26.jpg,belirlenemedi,(47> 7 4 1800 } WN ; — a ; - ' =,belirlenemedi,belirlenemedi,Belirlenemedi,Belirlenemedi,belirlenemedi,belirlenemedi,belirsiz,Ürün tipi ve/veya tanımlayıcı metinler net okunamadı.,Marka/model/özellikler belirlenemedi
21,00000464-PHOTO-2026-09-11-22-08-26.jpg,belirlenemedi,| | ee e - 0 ef n | j ay 4,belirlenemedi,belirlenemedi,Belirlenemedi,Belirlenemedi,belirlenemedi,belirlenemedi,belirsiz,Ürün tipi ve/veya tanımlayıcı metinler net okunamadı.,Marka/model/özellikler belirlenemedi
21,00000465-PHOTO-2026-09-11-22-08-27.jpg,belirlenemedi,Aye ‘ ke 7 ar ie - a ig a 7 : ae > aa ; % “a | i wd. | | — e,belirlenemedi,belirlenemedi,Belirlenemedi,Belirlenemedi,belirlenemedi,belirlenemedi,belirsiz,Ürün tipi ve/veya tanımlayıcı metinler net okunamadı.,Marka/model/özellikler belirlenemedi
21,00000466-PHOTO-2026-09-11-22-08-27.jpg,belirlenemedi,"i"" Ave NY Tasinabill ses Sistemi —_—LP-5010 | Ne Ce 1. “Tasn",belirlenemedi,belirlenemedi,Belirlenemedi,Belirlenemedi,belirlenemedi,belirlenemedi,belirsiz,Ürün tipi ve/veya tanımlayıcı metinler net okunamadı.,Marka/model/özellikler belirlenemedi
21,00000467-PHOTO-2026-09-11-22-08-27.jpg,belirlenemedi,"‘2.1. EV SINEMA SES SISTEM , 2.1 EVSI ' rans | é i \e CF inn",belirlenemedi,belirlenemedi,Belirlenemedi,Belirlenemedi,belirlenemedi,belirlenemedi,belirsiz,Ürün tipi ve/veya tanımlayıcı metinler net okunamadı.,Marka/model/özellikler belirlenemedi
21,00000468-PHOTO-2026-09-11-22-08-27.jpg,belirlenemedi,"aun. ——_4 Se iy H 1877, Endistriye! Vantilatér fx BS 4 4 te ",belirlenemedi,belirlenemedi,Belirlenemedi,Belirlenemedi,belirlenemedi,belirlenemedi,belirsiz,Ürün tipi ve/veya tanımlayıcı metinler net okunamadı.,Marka/model/özellikler belirlenemedi
22,00000470-PHOTO-2026-09-11-22-08-27.jpg,belirlenemedi,_ / -— | a --- ; yn j : | ‘ | Ayakli Var | ror Wo | é: ¥ Ce ,belirlenemedi,belirlenemedi,Belirlenemedi,Belirlenemedi,belirlenemedi,belirlenemedi,belirsiz,Ürün tipi ve/veya tanımlayıcı metinler net okunamadı.,Marka/model/özellikler belirlenemedi
22,00000471-PHOTO-2026-09-11-22-08-28.jpg,kahve,Kahve makinesi,belirlenemedi,belirlenemedi,Elektrikli ev aleti,Kahve makinesi,belirlenemedi,belirlenemedi,net,OCR metni üzerinden net görüldü.,Marka/model/özellikler belirlenemedi
22,00000472-PHOTO-2026-09-11-22-08-28.jpg,belirlenemedi,"4 > SJ A. 3 ‘ ‘ ‘ > va : , fae > er Be Tee a he AS EAE ; ite",belirlenemedi,belirlenemedi,Belirlenemedi,Belirlenemedi,belirlenemedi,belirlenemedi,belirsiz,Ürün tipi ve/veya tanımlayıcı metinler net okunamadı.,Marka/model/özellikler belirlenemedi
22,00000473-PHOTO-2026-09-11-22-08-28.jpg,belirlenemedi,Te P — “ee a ___—_ a s Py ' 28 Bp pees Mee EAN US. 7 : bay 3,belirlenemedi,belirlenemedi,Belirlenemedi,Belirlenemedi,belirlenemedi,belirlenemedi,belirsiz,Ürün tipi ve/veya tanımlayıcı metinler net okunamadı.,Marka/model/özellikler belirlenemedi
22,00000474-PHOTO-2026-09-11-22-08-28.jpg,belirlenemedi,fee “ : Si { r\,belirlenemedi,belirlenemedi,Belirlenemedi,Belirlenemedi,belirlenemedi,belirlenemedi,belirsiz,Ürün tipi ve/veya tanımlayıcı metinler net okunamadı.,Marka/model/özellikler belirlenemedi
22,00000475-PHOTO-2026-09-11-22-08-28.jpg,mini fırın,Mini fırın,belirlenemedi,CE 5,Elektrikli ev aleti,Mini fırın,belirlenemedi,belirlenemedi,net,OCR metni üzerinden net görüldü.,Marka/model/özellikler belirlenemedi
22,00000477-PHOTO-2026-09-11-22-08-29.jpg,mini fırın,Mini fırın,belirlenemedi,belirlenemedi,Elektrikli ev aleti,Mini fırın,belirlenemedi,belirlenemedi,net,OCR metni üzerinden net görüldü.,Marka/model/özellikler belirlenemedi
22,00000478-PHOTO-2026-09-11-22-08-29.jpg,belirlenemedi,"wr tl ~— | , ! i} 4 + ; ee, ‘ | = ' y fs a > i. - LC BS 5 ih",belirlenemedi,BS 5,Belirlenemedi,Belirlenemedi,belirlenemedi,belirlenemedi,belirsiz,Ürün tipi ve/veya tanımlayıcı metinler net okunamadı.,Marka/model/özellikler belirlenemedi
22,00000479-PHOTO-2026-09-11-22-08-29.jpg,belirlenemedi,"— = ro u AL x as y#s FS | ee = =— MEMere, = ae \ a Z Yi NS a",belirlenemedi,belirlenemedi,Belirlenemedi,Belirlenemedi,belirlenemedi,belirlenemedi,belirsiz,Ürün tipi ve/veya tanımlayıcı metinler net okunamadı.,Marka/model/özellikler belirlenemedi
22,00000480-PHOTO-2026-09-11-22-08-29.jpg,belirlenemedi,= | el,belirlenemedi,belirlenemedi,Belirlenemedi,Belirlenemedi,belirlenemedi,belirlenemedi,belirsiz,Ürün tipi ve/veya tanımlayıcı metinler net okunamadı.,Marka/model/özellikler belirlenemedi
22,00000481-PHOTO-2026-09-11-22-08-29.jpg,belirlenemedi,"me rr 4 € } 4 i aes ' 274 22 2 eS ie \ “a a G , : WLWeenadsi",belirlenemedi,belirlenemedi,Belirlenemedi,Belirlenemedi,belirlenemedi,belirlenemedi,belirsiz,Ürün tipi ve/veya tanımlayıcı metinler net okunamadı.,Marka/model/özellikler belirlenemedi
22,00000482-PHOTO-2026-09-11-22-08-30.jpg,belirlenemedi,<< eae id © GONDERICI TARAFINDAN DOLDURULACAKTIR _ acl 5 31 ,belirlenemedi,belirlenemedi,Belirlenemedi,Belirlenemedi,belirlenemedi,belirlenemedi,belirsiz,Ürün tipi ve/veya tanımlayıcı metinler net okunamadı.,Marka/model/özellikler belirlenemedi
22,00000483-PHOTO-2026-09-11-22-08-30.jpg,belirlenemedi,"a — k , ed ee » ee ; —. Pir, ray 2] a a . (eek & ih BSN i F2",belirlenemedi,F279,Belirlenemedi,Belirlenemedi,belirlenemedi,belirlenemedi,belirsiz,Ürün tipi ve/veya tanımlayıcı metinler net okunamadı.,Marka/model/özellikler belirlenemedi
22,00000484-PHOTO-2026-09-11-22-08-30.jpg,belirlenemedi,_ 1 | U Wh | re eo c \ % — =a 4 r] 9 i n Tr —_— wes * .% 0 J,belirlenemedi,belirlenemedi,Belirlenemedi,Belirlenemedi,belirlenemedi,belirlenemedi,belirsiz,Ürün tipi ve/veya tanımlayıcı metinler net okunamadı.,Marka/model/özellikler belirlenemedi
22,00000485-PHOTO-2026-09-11-22-08-30.jpg,belirlenemedi,a Fe % | % Ha = 2 Om OF =. ames wa 4 See “g XN a » ie 4 a Se,belirlenemedi,EEL 7,Belirlenemedi,Belirlenemedi,belirlenemedi,belirlenemedi,belirsiz,Ürün tipi ve/veya tanımlayıcı metinler net okunamadı.,Marka/model/özellikler belirlenemedi
22,00000487-PHOTO-2026-09-11-22-08-31.jpg,belirlenemedi,"_ — a = a . 2 “ ae , ? be) = 5 4 f cae ee — y ———_—"" | a = =",belirlenemedi,belirlenemedi,Belirlenemedi,Belirlenemedi,belirlenemedi,belirlenemedi,belirsiz,Ürün tipi ve/veya tanımlayıcı metinler net okunamadı.,Marka/model/özellikler belirlenemedi
22,00000488-PHOTO-2026-09-11-22-08-31.jpg,belirlenemedi,a —_ 2 ee c a REMINGTON - EN = E@ “¥ z SS p ARun oe Wet? Str,belirlenemedi,belirlenemedi,Belirlenemedi,Belirlenemedi,belirlenemedi,belirlenemedi,belirsiz,Ürün tipi ve/veya tanımlayıcı metinler net okunamadı.,Marka/model/özellikler belirlenemedi
22,00000489-PHOTO-2026-09-11-22-08-31.jpg,belirlenemedi,Bi « £ Pa P wc - sabia * 4 ! § 4 f — i “~~ ! = e a oh) His -,belirlenemedi,belirlenemedi,Belirlenemedi,Belirlenemedi,belirlenemedi,belirlenemedi,belirsiz,Ürün tipi ve/veya tanımlayıcı metinler net okunamadı.,Marka/model/özellikler belirlenemedi
22,00000490-PHOTO-2026-09-11-22-08-31.jpg,belirlenemedi,"om JAoisnineHy, it |",belirlenemedi,belirlenemedi,Belirlenemedi,Belirlenemedi,belirlenemedi,belirlenemedi,belirsiz,Ürün tipi ve/veya tanımlayıcı metinler net okunamadı.,Marka/model/özellikler belirlenemedi
22,00000491-PHOTO-2026-09-11-22-08-31.jpg,belirlenemedi,"a 4 Votes + | = os ’ as 4 ; i > Sw ~"" ‘ ~ aor q ¢ : Adana cm",belirlenemedi,belirlenemedi,Belirlenemedi,Belirlenemedi,belirlenemedi,belirlenemedi,belirsiz,Ürün tipi ve/veya tanımlayıcı metinler net okunamadı.,Marka/model/özellikler belirlenemedi
23,00000492-PHOTO-2026-09-11-22-08-31.jpg,belirlenemedi,"j 2} j & % j / i Hi aul f Ai —aa S t ! PS > 3 - ""I — j tS ij",belirlenemedi,belirlenemedi,Belirlenemedi,Belirlenemedi,belirlenemedi,belirlenemedi,belirsiz,Ürün tipi ve/veya tanımlayıcı metinler net okunamadı.,Marka/model/özellikler belirlenemedi
23,00000493-PHOTO-2026-09-11-22-08-32.jpg,belirlenemedi,+ — : —_ 2 _ i a me _—eE - gq = Golamaster bs ig H ig gee @ ,belirlenemedi,A 7,Belirlenemedi,Belirlenemedi,belirlenemedi,belirlenemedi,belirsiz,Ürün tipi ve/veya tanımlayıcı metinler net okunamadı.,Marka/model/özellikler belirlenemedi
23,00000494-PHOTO-2026-09-11-22-08-32.jpg,belirlenemedi,ary 34 AL 606 SG - AL 606 sT 4 =s ct AL 606 SR j_ “7 F Torba,belirlenemedi,belirlenemedi,Belirlenemedi,Belirlenemedi,belirlenemedi,belirlenemedi,belirsiz,Ürün tipi ve/veya tanımlayıcı metinler net okunamadı.,Marka/model/özellikler belirlenemedi
23,00000495-PHOTO-2026-09-11-22-08-32.jpg,belirlenemedi,"%35. 00 2 as eS vt, P. ‘7 a a \\ Ypy, \ T fi \ ZED iets ra |",belirlenemedi,belirlenemedi,Belirlenemedi,Belirlenemedi,belirlenemedi,belirlenemedi,belirsiz,Ürün tipi ve/veya tanımlayıcı metinler net okunamadı.,Marka/model/özellikler belirlenemedi
23,00000496-PHOTO-2026-09-11-22-08-32.jpg,belirlenemedi,C werk i 7 \ f =e — = - ~ ? - = sw ee ; % ~~ 2S WN ~ us ‘ g,belirlenemedi,belirlenemedi,Belirlenemedi,Belirlenemedi,belirlenemedi,belirlenemedi,belirsiz,Ürün tipi ve/veya tanımlayıcı metinler net okunamadı.,Marka/model/özellikler belirlenemedi
23,00000497-PHOTO-2026-09-11-22-08-32.jpg,belirlenemedi,"3 = Dampr, » ie { fi 4 Bw Kitts ae 2.29% KARCH ; SEARCHER ee",belirlenemedi,belirlenemedi,Belirlenemedi,Belirlenemedi,belirlenemedi,belirlenemedi,belirsiz,Ürün tipi ve/veya tanımlayıcı metinler net okunamadı.,Marka/model/özellikler belirlenemedi
23,00000498-PHOTO-2026-09-11-22-08-32.jpg,steam,"fad F8 | arin ipa F derj, Steiy, / / a ae ar “a y, ” y. ee \",belirlenemedi,F8,Elektrikli ev aleti,Ütü,belirlenemedi,belirlenemedi,net,OCR metni üzerinden net görüldü.,Marka/model/özellikler belirlenemedi
23,00000499-PHOTO-2026-09-11-22-08-33.jpg,belirlenemedi,4 sinbo.,belirlenemedi,belirlenemedi,Belirlenemedi,Belirlenemedi,belirlenemedi,belirlenemedi,belirsiz,Ürün tipi ve/veya tanımlayıcı metinler net okunamadı.,Marka/model/özellikler belirlenemedi
23,00000500-PHOTO-2026-09-11-22-08-33.jpg,steam,"re ~~ \ ‘ oe q a, 4 | ar | | a z arate — ie j : / { | Desig.",belirlenemedi,belirlenemedi,Elektrikli ev aleti,Ütü,belirlenemedi,belirlenemedi,net,OCR metni üzerinden net görüldü.,Marka/model/özellikler belirlenemedi
23,00000501-PHOTO-2026-09-11-22-08-33.jpg,belirlenemedi,a | ® | \ 7 ZU / | y) ee Se ent eee 8 4 EA 3,belirlenemedi,EA 3,Belirlenemedi,Belirlenemedi,belirlenemedi,belirlenemedi,belirsiz,Ürün tipi ve/veya tanımlayıcı metinler net okunamadı.,Marka/model/özellikler belirlenemedi
23,00000502-PHOTO-2026-09-11-22-08-33.jpg,belirlenemedi,S38 m— q 7 Smome | ~~ fmm | = Ey WsaP ey Fs =a =Gbmy § o 7 =,belirlenemedi,S38,Belirlenemedi,Belirlenemedi,belirlenemedi,belirlenemedi,belirsiz,Ürün tipi ve/veya tanımlayıcı metinler net okunamadı.,Marka/model/özellikler belirlenemedi
23,00000503-PHOTO-2026-09-11-22-08-33.jpg,belirlenemedi,"_ ne St MAX 170°C _ ¥ \ e Capacity watertank: 1,8 (Max i F B",belirlenemedi,belirlenemedi,Belirlenemedi,Belirlenemedi,belirlenemedi,belirlenemedi,belirsiz,Ürün tipi ve/veya tanımlayıcı metinler net okunamadı.,Marka/model/özellikler belirlenemedi
23,00000504-PHOTO-2026-09-11-22-08-33.jpg,steam,7 SS CBro7c Te Multifunction Steam Cleaner ®) BRIGHT y Bye r,belirlenemedi,belirlenemedi,Elektrikli ev aleti,Ütü,belirlenemedi,belirlenemedi,net,OCR metni üzerinden net görüldü.,Marka/model/özellikler belirlenemedi
23,00000505-PHOTO-2026-09-11-22-08-34.jpg,belirlenemedi,{ a r ie : we er _ Saray },belirlenemedi,belirlenemedi,Belirlenemedi,Belirlenemedi,belirlenemedi,belirlenemedi,belirsiz,Ürün tipi ve/veya tanımlayıcı metinler net okunamadı.,Marka/model/özellikler belirlenemedi
23,00000506-PHOTO-2026-09-11-22-08-34.jpg,belirlenemedi,"‘ ao in, Py ‘ @ ! 8a ae, ; a) Pt \, Per cs : = & .— a) Sete ",belirlenemedi,belirlenemedi,Belirlenemedi,Belirlenemedi,belirlenemedi,belirlenemedi,belirsiz,Ürün tipi ve/veya tanımlayıcı metinler net okunamadı.,Marka/model/özellikler belirlenemedi
23,00000507-PHOTO-2026-09-11-22-08-34.jpg,belirlenemedi,Staboy = \ | ® saydanhik [ | ™\ Fee == |,belirlenemedi,belirlenemedi,Belirlenemedi,Belirlenemedi,belirlenemedi,belirlenemedi,belirsiz,Ürün tipi ve/veya tanımlayıcı metinler net okunamadı.,Marka/model/özellikler belirlenemedi
23,00000508-PHOTO-2026-09-11-22-08-34.jpg,belirlenemedi,PE in a gs Ps hn Sahai = } ag =.) 2 sary pith ETA ORES ee et,belirlenemedi,OOS 20,Belirlenemedi,Belirlenemedi,belirlenemedi,belirlenemedi,belirsiz,Ürün tipi ve/veya tanımlayıcı metinler net okunamadı.,Marka/model/özellikler belirlenemedi
23,00000509-PHOTO-2026-09-11-22-08-34.jpg,belirlenemedi,eo Sy wh Oh en © fy Ried = fae NOW Sel (IN > i i IT +f Ms if,belirlenemedi,belirlenemedi,Belirlenemedi,Belirlenemedi,belirlenemedi,belirlenemedi,belirsiz,Ürün tipi ve/veya tanımlayıcı metinler net okunamadı.,Marka/model/özellikler belirlenemedi
23,00000510-PHOTO-2026-09-11-22-08-35.jpg,belirlenemedi,"- 2 =! * . i la % m iy ” “ aa co 2. % ! : we BW,"" ta : Ae “",belirlenemedi,belirlenemedi,Belirlenemedi,Belirlenemedi,belirlenemedi,belirlenemedi,belirsiz,Ürün tipi ve/veya tanımlayıcı metinler net okunamadı.,Marka/model/özellikler belirlenemedi
23,00000511-PHOTO-2026-09-11-22-08-35.jpg,belirlenemedi,si : j Sag : ra a Be a Y Koltuk Ve Hall “ iP 4. 4 s a ig e/ ,belirlenemedi,belirlenemedi,Belirlenemedi,Belirlenemedi,belirlenemedi,belirlenemedi,belirsiz,Ürün tipi ve/veya tanımlayıcı metinler net okunamadı.,Marka/model/özellikler belirlenemedi
24,00000512-PHOTO-2026-09-11-22-08-35.jpg,belirlenemedi,he r — 0 aac em af | poet = a i ame I ae a ~ inca ~~ ioe me,belirlenemedi,belirlenemedi,Belirlenemedi,Belirlenemedi,belirlenemedi,belirlenemedi,belirsiz,Ürün tipi ve/veya tanımlayıcı metinler net okunamadı.,Marka/model/özellikler belirlenemedi
24,00000513-PHOTO-2026-09-11-22-08-35.jpg,belirlenemedi,"Sey iat, ae ee a Bale Yy > / 3",belirlenemedi,belirlenemedi,Belirlenemedi,Belirlenemedi,belirlenemedi,belirlenemedi,belirsiz,Ürün tipi ve/veya tanımlayıcı metinler net okunamadı.,Marka/model/özellikler belirlenemedi
24,00000514-PHOTO-2026-09-11-22-08-35.jpg,belirlenemedi,"es * ney Spee a Vie hh Oe : en, a ae * b wt * 7 SO) | Same |",belirlenemedi,belirlenemedi,Belirlenemedi,Belirlenemedi,belirlenemedi,belirlenemedi,belirsiz,Ürün tipi ve/veya tanımlayıcı metinler net okunamadı.,Marka/model/özellikler belirlenemedi
24,00000515-PHOTO-2026-09-11-22-08-35.jpg,belirlenemedi,"i= e cataimuamenall ™ 7 8 — & , Ca al: fon <r \ ae Z J | ot ",belirlenemedi,belirlenemedi,Belirlenemedi,Belirlenemedi,belirlenemedi,belirlenemedi,belirsiz,Ürün tipi ve/veya tanımlayıcı metinler net okunamadı.,Marka/model/özellikler belirlenemedi
24,00000516-PHOTO-2026-09-11-22-08-36.jpg,belirlenemedi,mare tnt ais . - eee a in ia Neon is; ee Ber 7“ a * +> os we,belirlenemedi,belirlenemedi,Belirlenemedi,Belirlenemedi,belirlenemedi,belirlenemedi,belirsiz,Ürün tipi ve/veya tanımlayıcı metinler net okunamadı.,Marka/model/özellikler belirlenemedi
24,00000517-PHOTO-2026-09-11-22-08-36.jpg,belirlenemedi,"- 2 =! * . i la % m iy ” “ 7 co 2. % ! : we VW,"" te : Ae “",belirlenemedi,belirlenemedi,Belirlenemedi,Belirlenemedi,belirlenemedi,belirlenemedi,belirsiz,Ürün tipi ve/veya tanımlayıcı metinler net okunamadı.,Marka/model/özellikler belirlenemedi
24,00000518-PHOTO-2026-09-11-22-08-36.jpg,belirlenemedi,"Pirant., tt 4 5 i . UERZA Ser amare 2 1 We ! : /. NS = we! ;",belirlenemedi,belirlenemedi,Belirlenemedi,Belirlenemedi,belirlenemedi,belirlenemedi,belirsiz,Ürün tipi ve/veya tanımlayıcı metinler net okunamadı.,Marka/model/özellikler belirlenemedi
24,00000519-PHOTO-2026-09-11-22-08-36.jpg,belirlenemedi,wea | = q £ j Oye 7 j i : ri far ; — wih daa ‘4 ae : } saa e,belirlenemedi,belirlenemedi,Belirlenemedi,Belirlenemedi,belirlenemedi,belirlenemedi,belirsiz,Ürün tipi ve/veya tanımlayıcı metinler net okunamadı.,Marka/model/özellikler belirlenemedi
24,00000520-PHOTO-2026-09-11-22-08-36.jpg,belirlenemedi,philips,philips,belirlenemedi,Belirlenemedi,Belirlenemedi,belirlenemedi,belirlenemedi,belirsiz,Ürün tipi ve/veya tanımlayıcı metinler net okunamadı.,Marka/model/özellikler belirlenemedi
24,00000521-PHOTO-2026-09-11-22-08-36.jpg,belirlenemedi,"; _— eee %) - ‘es i“: - <i... nila fi a ” ey oe ‘CRY, x a F ",belirlenemedi,belirlenemedi,Belirlenemedi,Belirlenemedi,belirlenemedi,belirlenemedi,belirsiz,Ürün tipi ve/veya tanımlayıcı metinler net okunamadı.,Marka/model/özellikler belirlenemedi
24,00000522-PHOTO-2026-09-11-22-08-37.jpg,belirlenemedi,\ * SoS 3 HO) 8 &$0 ees o=Cct= \ i oe = Lie : nm Ss / a | © ,belirlenemedi,belirlenemedi,Belirlenemedi,Belirlenemedi,belirlenemedi,belirlenemedi,belirsiz,Ürün tipi ve/veya tanımlayıcı metinler net okunamadı.,Marka/model/özellikler belirlenemedi
24,00000523-PHOTO-2026-09-11-22-08-37.jpg,belirlenemedi,"Sas cts ———— . \agara ve Tost Makinesi pa , ToasterMax / = i",belirlenemedi,belirlenemedi,Belirlenemedi,Belirlenemedi,belirlenemedi,belirlenemedi,belirsiz,Ürün tipi ve/veya tanımlayıcı metinler net okunamadı.,Marka/model/özellikler belirlenemedi
24,00000524-PHOTO-2026-09-11-22-08-37.jpg,belirlenemedi,"za 5 e ize. © 7, os e e para = “PIN A =~ — Citi aote 1380 p—",belirlenemedi,belirlenemedi,Belirlenemedi,Belirlenemedi,belirlenemedi,belirlenemedi,belirsiz,Ürün tipi ve/veya tanımlayıcı metinler net okunamadı.,Marka/model/özellikler belirlenemedi
24,00000525-PHOTO-2026-09-11-22-08-37.jpg,belirlenemedi,i Py j ) Sah a. = ZB tp P2000 a,belirlenemedi,P2000,Belirlenemedi,Belirlenemedi,belirlenemedi,belirlenemedi,belirsiz,Ürün tipi ve/veya tanımlayıcı metinler net okunamadı.,Marka/model/özellikler belirlenemedi
24,00000536-PHOTO-2026-09-12-14-20-58.jpg,belirlenemedi,LEADER),belirlenemedi,belirlenemedi,Belirlenemedi,Belirlenemedi,belirlenemedi,belirlenemedi,belirsiz,Ürün tipi ve/veya tanımlayıcı metinler net okunamadı.,Marka/model/özellikler belirlenemedi
24,00000545-PHOTO-2026-09-12-14-35-39.jpg,belirlenemedi,"—_— “a "" _ Do ae IPL Technology : ay WI intense Pulsed Light",belirlenemedi,belirlenemedi,Belirlenemedi,Belirlenemedi,belirlenemedi,belirlenemedi,belirsiz,Ürün tipi ve/veya tanımlayıcı metinler net okunamadı.,Marka/model/özellikler belirlenemedi
24,00000559-PHOTO-2026-09-14-18-55-44.jpg,belirlenemedi,» brillife | 5 1) wis S25 % | / = han) ¢ ee if / s: vl I a a,belirlenemedi,S25,Belirlenemedi,Belirlenemedi,belirlenemedi,belirlenemedi,belirsiz,Ürün tipi ve/veya tanımlayıcı metinler net okunamadı.,Marka/model/özellikler belirlenemedi
24,00000560-PHOTO-2026-09-14-18-55-44.jpg,belirlenemedi,"2) | en. , 2% 4 e e oa , a aa i fz Jag N is Z",belirlenemedi,belirlenemedi,Belirlenemedi,Belirlenemedi,belirlenemedi,belirlenemedi,belirsiz,Ürün tipi ve/veya tanımlayıcı metinler net okunamadı.,Marka/model/özellikler belirlenemedi
24,00000561-PHOTO-2026-09-14-18-55-45.jpg,belirlenemedi,"—— , —— ld i? : lel ay ey |",belirlenemedi,belirlenemedi,Belirlenemedi,Belirlenemedi,belirlenemedi,belirlenemedi,belirsiz,Ürün tipi ve/veya tanımlayıcı metinler net okunamadı.,Marka/model/özellikler belirlenemedi
24,00000562-PHOTO-2026-09-14-18-55-45.jpg,belirlenemedi,"(ee, is Br ae Es ; ] pee os ea OR FO Ex ce , i *",belirlenemedi,belirlenemedi,Belirlenemedi,Belirlenemedi,belirlenemedi,belirlenemedi,belirsiz,Ürün tipi ve/veya tanımlayıcı metinler net okunamadı.,Marka/model/özellikler belirlenemedi
25,00000563-PHOTO-2026-09-14-18-55-46.jpg,belirlenemedi,a : 7 a ; 2,belirlenemedi,belirlenemedi,Belirlenemedi,Belirlenemedi,belirlenemedi,belirlenemedi,belirsiz,Ürün tipi ve/veya tanımlayıcı metinler net okunamadı.,Marka/model/özellikler belirlenemedi
25,00000564-PHOTO-2026-09-14-18-55-46.jpg,belirlenemedi,. i < ALTINBASAK = € a :,belirlenemedi,belirlenemedi,Belirlenemedi,Belirlenemedi,belirlenemedi,belirlenemedi,belirsiz,Ürün tipi ve/veya tanımlayıcı metinler net okunamadı.,Marka/model/özellikler belirlenemedi
25,00000565-PHOTO-2026-09-14-18-55-47.jpg,belirlenemedi,belirlenemedi,belirlenemedi,belirlenemedi,Belirlenemedi,Belirlenemedi,belirlenemedi,belirlenemedi,açılamadı,OCR metni alınamadı; dosya görsel olarak da net okunamadı.,Marka/model/özellikler belirlenemedi
25,00000566-PHOTO-2026-09-14-18-55-47.jpg,belirlenemedi,f ' SS ee Bu s — k | in),belirlenemedi,belirlenemedi,Belirlenemedi,Belirlenemedi,belirlenemedi,belirlenemedi,belirsiz,Ürün tipi ve/veya tanımlayıcı metinler net okunamadı.,Marka/model/özellikler belirlenemedi
25,00000567-PHOTO-2026-09-14-18-55-48.jpg,belirlenemedi,»> gj. Bl 3 te / 4 £ == ‘ E,belirlenemedi,belirlenemedi,Belirlenemedi,Belirlenemedi,belirlenemedi,belirlenemedi,belirsiz,Ürün tipi ve/veya tanımlayıcı metinler net okunamadı.,Marka/model/özellikler belirlenemedi
25,00000568-PHOTO-2026-09-14-18-55-48.jpg,belirlenemedi,A o : _® = fl. El ; = - a ao So L 4,belirlenemedi,L 4,Belirlenemedi,Belirlenemedi,belirlenemedi,belirlenemedi,belirsiz,Ürün tipi ve/veya tanımlayıcı metinler net okunamadı.,Marka/model/özellikler belirlenemedi
25,00000569-PHOTO-2026-09-14-18-55-48.jpg,belirlenemedi,"ems e eS eer ini ig a Be en "" - ee : “. a“ eo ‘ ag wee! r wr",belirlenemedi,O 4,Belirlenemedi,Belirlenemedi,belirlenemedi,belirlenemedi,belirsiz,Ürün tipi ve/veya tanımlayıcı metinler net okunamadı.,Marka/model/özellikler belirlenemedi
25,00000572-PHOTO-2026-09-14-18-55-50.jpg,belirlenemedi,mi | P iy ‘ \ \ \\ a = },belirlenemedi,belirlenemedi,Belirlenemedi,Belirlenemedi,belirlenemedi,belirlenemedi,belirsiz,Ürün tipi ve/veya tanımlayıcı metinler net okunamadı.,Marka/model/özellikler belirlenemedi
25,00000573-PHOTO-2026-09-14-18-55-50.jpg,belirlenemedi,"1 "" CLASY = (3)",belirlenemedi,belirlenemedi,Belirlenemedi,Belirlenemedi,belirlenemedi,belirlenemedi,belirsiz,Ürün tipi ve/veya tanımlayıcı metinler net okunamadı.,Marka/model/özellikler belirlenemedi
25,00000575-PHOTO-2026-09-14-18-55-51.jpg,belirlenemedi,ij ti. a = a ay RANFORCE A TAKIN ; a Wes i gt Sree a AD Ia o,belirlenemedi,A 62,Belirlenemedi,Belirlenemedi,belirlenemedi,belirlenemedi,belirsiz,Ürün tipi ve/veya tanımlayıcı metinler net okunamadı.,Marka/model/özellikler belirlenemedi
25,00000576-PHOTO-2026-09-14-18-55-51.jpg,belirlenemedi,; { f “ey . cia _ mem =ALTINBASAK Pe Tonk : a i GEO VES wy S,belirlenemedi,belirlenemedi,Belirlenemedi,Belirlenemedi,belirlenemedi,belirlenemedi,belirsiz,Ürün tipi ve/veya tanımlayıcı metinler net okunamadı.,Marka/model/özellikler belirlenemedi
25,00000577-PHOTO-2026-09-14-18-55-52.jpg,belirlenemedi,rl eee ae ee ill a ae £3: ba? - a Ss 3 os ge : ia . | ee ae ,belirlenemedi,belirlenemedi,Belirlenemedi,Belirlenemedi,belirlenemedi,belirlenemedi,belirsiz,Ürün tipi ve/veya tanımlayıcı metinler net okunamadı.,Marka/model/özellikler belirlenemedi
25,00000578-PHOTO-2026-09-14-18-55-52.jpg,belirlenemedi,"‘a = i ; Shy ) pt RANFORCE\#3i"" . | <<"" = ail ee ae =. . Fe ",belirlenemedi,belirlenemedi,Belirlenemedi,Belirlenemedi,belirlenemedi,belirlenemedi,belirsiz,Ürün tipi ve/veya tanımlayıcı metinler net okunamadı.,Marka/model/özellikler belirlenemedi
25,00000579-PHOTO-2026-09-14-18-55-53.jpg,belirlenemedi,"i at.) RANFORCE ‘ssa * SARA it - é pay \\ \ Ue, }| 4 20 4 =e",belirlenemedi,belirlenemedi,Belirlenemedi,Belirlenemedi,belirlenemedi,belirlenemedi,belirsiz,Ürün tipi ve/veya tanımlayıcı metinler net okunamadı.,Marka/model/özellikler belirlenemedi
25,00000580-PHOTO-2026-09-14-18-55-53.jpg,belirlenemedi,"® - — ’ . 3 ; , ae am | . ' ; Ne —— . a) an Uriin cekimi gér",belirlenemedi,belirlenemedi,Belirlenemedi,Belirlenemedi,belirlenemedi,belirlenemedi,belirsiz,Ürün tipi ve/veya tanımlayıcı metinler net okunamadı.,Marka/model/özellikler belirlenemedi
25,00000581-PHOTO-2026-09-14-18-55-54.jpg,belirlenemedi,belirlenemedi,belirlenemedi,belirlenemedi,Belirlenemedi,Belirlenemedi,belirlenemedi,belirlenemedi,açılamadı,OCR metni alınamadı; dosya görsel olarak da net okunamadı.,Marka/model/özellikler belirlenemedi
25,00000584-PHOTO-2026-09-14-18-55-55.jpg,belirlenemedi,ee 4 — ~~ HBAS my Pea ta,belirlenemedi,belirlenemedi,Belirlenemedi,Belirlenemedi,belirlenemedi,belirlenemedi,belirsiz,Ürün tipi ve/veya tanımlayıcı metinler net okunamadı.,Marka/model/özellikler belirlenemedi
25,00000587-PHOTO-2026-09-14-19-00-04.jpg,belirlenemedi,"ia) es me = mB = RANFORCESS st"" » 5 il j = TEK k ; i if \ \ ",belirlenemedi,belirlenemedi,Belirlenemedi,Belirlenemedi,belirlenemedi,belirlenemedi,belirsiz,Ürün tipi ve/veya tanımlayıcı metinler net okunamadı.,Marka/model/özellikler belirlenemedi
25,00000588-PHOTO-2026-09-14-19-00-14.jpg,belirlenemedi,"all ’ —_—_— @=—_—_—_—=_—_—_—_—_— i = ¢ = est 1971 eo fil id,",belirlenemedi,belirlenemedi,Belirlenemedi,Belirlenemedi,belirlenemedi,belirlenemedi,belirsiz,Ürün tipi ve/veya tanımlayıcı metinler net okunamadı.,Marka/model/özellikler belirlenemedi
25,00000589-PHOTO-2026-09-14-19-01-00.jpg,belirlenemedi,"li ©, 0% O/0.4 s' ( 95 4,4, % bs 4% A | yr fee ALTINBASAK I ",belirlenemedi,belirlenemedi,Belirlenemedi,Belirlenemedi,belirlenemedi,belirlenemedi,belirsiz,Ürün tipi ve/veya tanımlayıcı metinler net okunamadı.,Marka/model/özellikler belirlenemedi
26,00000591-PHOTO-2026-09-14-19-01-41.jpg,belirlenemedi,| Fe ig q 7 oD i Sia i r - a a — a ite _ oe — ae P ™ i Lf/ F,belirlenemedi,belirlenemedi,Belirlenemedi,Belirlenemedi,belirlenemedi,belirlenemedi,belirsiz,Ürün tipi ve/veya tanımlayıcı metinler net okunamadı.,Marka/model/özellikler belirlenemedi
26,00000592-PHOTO-2026-09-14-19-02-17.jpg,belirlenemedi,: \ - % FIESTA | en es Ww sa | a _ : 4 ¢ + oxi tan toanree P,belirlenemedi,belirlenemedi,Belirlenemedi,Belirlenemedi,belirlenemedi,belirlenemedi,belirsiz,Ürün tipi ve/veya tanımlayıcı metinler net okunamadı.,Marka/model/özellikler belirlenemedi
26,00000593-PHOTO-2026-09-14-19-02-51.jpg,belirlenemedi,‘ : . al ' gs ALTINBAS-,belirlenemedi,belirlenemedi,Belirlenemedi,Belirlenemedi,belirlenemedi,belirlenemedi,belirsiz,Ürün tipi ve/veya tanımlayıcı metinler net okunamadı.,Marka/model/özellikler belirlenemedi
26,00000594-PHOTO-2026-09-14-19-03-58.jpg,belirlenemedi,"H 4 re RANFORCE tg , ‘ : 7 - ' At tna a Pe ~ al ial ra a = '",belirlenemedi,H 4,Belirlenemedi,Belirlenemedi,belirlenemedi,belirlenemedi,belirsiz,Ürün tipi ve/veya tanımlayıcı metinler net okunamadı.,Marka/model/özellikler belirlenemedi
26,00000595-PHOTO-2026-09-14-19-04-34.jpg,belirlenemedi,"— e ALTINBASAI ay \\\ hes © 3 g i ‘lees , aa go DAE Kir gors",belirlenemedi,belirlenemedi,Belirlenemedi,Belirlenemedi,belirlenemedi,belirlenemedi,belirsiz,Ürün tipi ve/veya tanımlayıcı metinler net okunamadı.,Marka/model/özellikler belirlenemedi
26,00000596-PHOTO-2026-09-14-19-07-34.jpg,belirlenemedi,"® 4 "" . Bh Pe vf as 4 Cinnamon | | a ces RAS EE gre me a ee ",belirlenemedi,belirlenemedi,Belirlenemedi,Belirlenemedi,belirlenemedi,belirlenemedi,belirsiz,Ürün tipi ve/veya tanımlayıcı metinler net okunamadı.,Marka/model/özellikler belirlenemedi
26,00000597-PHOTO-2026-09-14-19-08-57.jpg,belirlenemedi,a . SS ond *¥ > — . ‘ . 7 eS \ SS,belirlenemedi,belirlenemedi,Belirlenemedi,Belirlenemedi,belirlenemedi,belirlenemedi,belirsiz,Ürün tipi ve/veya tanımlayıcı metinler net okunamadı.,Marka/model/özellikler belirlenemedi
26,00000598-PHOTO-2026-09-14-19-10-14.jpg,belirlenemedi,a” | 4 A ot a \ ¢/o\ hess “yy,belirlenemedi,belirlenemedi,Belirlenemedi,Belirlenemedi,belirlenemedi,belirlenemedi,belirsiz,Ürün tipi ve/veya tanımlayıcı metinler net okunamadı.,Marka/model/özellikler belirlenemedi
26,00000599-PHOTO-2026-09-14-19-12-12.jpg,belirlenemedi,"a - ns ' @ F ee De men."" « 5 als qi Fr z iy Vf "" n= } = F F.",belirlenemedi,belirlenemedi,Belirlenemedi,Belirlenemedi,belirlenemedi,belirlenemedi,belirsiz,Ürün tipi ve/veya tanımlayıcı metinler net okunamadı.,Marka/model/özellikler belirlenemedi
26,00000600-PHOTO-2026-09-14-19-12-28.jpg,belirlenemedi,"ey .., . | ‘nal 2 mi / Hf) © p=] : = 6 PY an) mm y = ee —6(«",belirlenemedi,B 4,Belirlenemedi,Belirlenemedi,belirlenemedi,belirlenemedi,belirsiz,Ürün tipi ve/veya tanımlayıcı metinler net okunamadı.,Marka/model/özellikler belirlenemedi
26,00000601-PHOTO-2026-09-14-19-12-53.jpg,belirlenemedi,"— wy a\ apo ¥ at =) a “ ‘ ne = a. { iy , o a / a ( 4",belirlenemedi,belirlenemedi,Belirlenemedi,Belirlenemedi,belirlenemedi,belirlenemedi,belirsiz,Ürün tipi ve/veya tanımlayıcı metinler net okunamadı.,Marka/model/özellikler belirlenemedi
26,00000602-PHOTO-2026-09-14-19-14-59.jpg,belirlenemedi,‘ —— i # of > & i S) coal a @ 1’) x = S a oe pe a wn al A,belirlenemedi,belirlenemedi,Belirlenemedi,Belirlenemedi,belirlenemedi,belirlenemedi,belirsiz,Ürün tipi ve/veya tanımlayıcı metinler net okunamadı.,Marka/model/özellikler belirlenemedi
26,00000603-PHOTO-2026-09-14-19-15-42.jpg,belirlenemedi,ee d ‘ . / j id is Se 4 4 i a BESIKTAS KARTAL ' ~ \ S } BATT,belirlenemedi,belirlenemedi,Belirlenemedi,Belirlenemedi,belirlenemedi,belirlenemedi,belirsiz,Ürün tipi ve/veya tanımlayıcı metinler net okunamadı.,Marka/model/özellikler belirlenemedi
