id,title,description,availability,condition,price,link,image_link,brand,google_product_category,fb_product_category,quantity_to_sell_on_facebook,sale_price,sale_price_effective_date,item_group_id,gender,color,size,age_group,material,pattern,shipping,shipping_weight,offer_disclaimer,offer_disclaimer_url,video[0].url,video[0].tag[0],gtin,product_tags[0],product_tags[1],style[0]
akdeniz-zumrut-soft-siraz-bakalit-kulp-orta-boy-caydanlik,Akdeniz Zümrüt Soft Şiraz Bakalit Kulp Orta Boy Çaydanlık,"Akdeniz Zümrüt Soft Şiraz Bakalit Kulp Orta Boy Çaydanlık. Tencere, Çaydanlık ve Sofra kategorisinde, sıfır ve satışa hazır ürün.",in stock,new,,https://wa.me/905447217289?text=Merhaba%2C%20Akdeniz%20Z%C3%BCmr%C3%BCt%20Soft%20%C5%9Eiraz%20Bakalit%20Kulp%20Orta%20Boy%20%C3%87aydanl%C4%B1k%20%C3%BCr%C3%BCn%C3%BC%20hakk%C4%B1nda%20bilgi%20almak%20istiyorum.,https://raw.githubusercontent.com/youlchu/fazilet/catalog-assets/products/akdeniz-zumrut-soft-siraz-bakalit-kulp-orta-boy-caydanlik/product_hero.png,Akdeniz,,,,,,,,,,,,,,,,,,,,"Tencere, Çaydanlık ve Sofra",Akdeniz,
aksu-t11-ken-fry-2-2-l-1600-w-beyaz-fritoz,"Aksu Ken Fry T11 2,2 L 1600 W Beyaz Fritöz","Aksu Ken Fry T11 2,2 L 1600 W Beyaz Fritöz. Fırın, Airfryer ve Izgaralar kategorisinde, sıfır ve satışa hazır ürün.",in stock,new,,https://wa.me/905447217289?text=Merhaba%2C%20Aksu%20Ken%20Fry%20T11%202%2C2%20L%201600%20W%20Beyaz%20Frit%C3%B6z%20%C3%BCr%C3%BCn%C3%BC%20hakk%C4%B1nda%20bilgi%20almak%20istiyorum.,https://raw.githubusercontent.com/youlchu/fazilet/catalog-assets/products/aksu-t11-ken-fry-2-2-l-1600-w-beyaz-fritoz/product_hero.png,Aksu,,,,,,,,,,,,,,,,,,,,"Fırın, Airfryer ve Izgaralar",Aksu,
altinbasak-astrid-puce,ALTINBAŞAK ASTRID Creaforce NEVRESİM TAKIMI Puce,ALTINBAŞAK ASTRID Creaforce NEVRESİM TAKIMI Puce. Malzeme: %100 Pamuk; Nevresim Ölçüsü: 200x220 cm; Çarşaf Ölçüsü: 240x260 cm; Yastık Kılıfı: 2 Adet 50x70 cm; Yıkama Talimatı: 30 derecede ılık suda ters çevirerek yıkayınız.,in stock,new,,https://wa.me/905447217289?text=Merhaba%2C%20ALTINBA%C5%9EAK%20ASTRID%20Creaforce%20NEVRES%C4%B0M%20TAKIMI%20Puce%20%C3%BCr%C3%BCn%C3%BC%20hakk%C4%B1nda%20bilgi%20almak%20istiyorum.,https://raw.githubusercontent.com/youlchu/fazilet/catalog-assets/products/altinbasak-astrid-puce/product_hero.png,ALTINBAŞAK,,,,,,,,,,,,,,,,,,,,Ev Tekstili,ALTINBAŞAK,
altinbasak-creaforce-tigra-core,ALTINBAŞAK CREAFORCE TIGRA CORE Nevresim Takımı,ALTINBAŞAK CREAFORCE TIGRA CORE Nevresim Takımı. Malzeme: %100 Pamuk; Nevresim Ebatı: 200x220 cm; Çarşaf Ebatı: 240x260 cm; Yastık Kılıfı: 2 Adet (50x70 cm); Kumaş Dokuması: Ranforce.,in stock,new,,https://wa.me/905447217289?text=Merhaba%2C%20ALTINBA%C5%9EAK%20CREAFORCE%20TIGRA%20CORE%20Nevresim%20Tak%C4%B1m%C4%B1%20%C3%BCr%C3%BCn%C3%BC%20hakk%C4%B1nda%20bilgi%20almak%20istiyorum.,https://raw.githubusercontent.com/youlchu/fazilet/catalog-assets/products/altinbasak-creaforce-tigra-core/product_hero.png,ALTINBAŞAK,,,,,,,,,,,,,,,,,,,,Ev Tekstili,ALTINBAŞAK,
altinbasak-infinity-breezeway,ALTINBAŞAK INFINITY POPLİN NEVRESİM TAKIMI Breezeway,ALTINBAŞAK INFINITY POPLİN NEVRESİM TAKIMI Breezeway. Kumaş Türü: Poplin; Desen: Çizgili; Materyal: %100 Pamuk.,in stock,new,,https://wa.me/905447217289?text=Merhaba%2C%20ALTINBA%C5%9EAK%20INFINITY%20POPL%C4%B0N%20NEVRES%C4%B0M%20TAKIMI%20Breezeway%20%C3%BCr%C3%BCn%C3%BC%20hakk%C4%B1nda%20bilgi%20almak%20istiyorum.,https://raw.githubusercontent.com/youlchu/fazilet/catalog-assets/products/altinbasak-infinity-breezeway/product_hero.png,ALTINBAŞAK,,,,,,,,,,,,,,,,,,,,Ev Tekstili,ALTINBAŞAK,
altinbasak-lewis-plum,ALTINBAŞAK LEWIS Creaforce LEWIS Nevresim Takımı Plum,ALTINBAŞAK LEWIS Creaforce LEWIS Nevresim Takımı Plum. Materyal: %100 Pamuk; Nevresim Ebadı: 160x220 cm; Çarşaf Ebadı: 180x240 cm; Yastık Kılıfı Ebadı: 50x70 cm (1 adet); Çarşaf Tipi: Lastiksiz.,in stock,new,,https://wa.me/905447217289?text=Merhaba%2C%20ALTINBA%C5%9EAK%20LEWIS%20Creaforce%20LEWIS%20Nevresim%20Tak%C4%B1m%C4%B1%20Plum%20%C3%BCr%C3%BCn%C3%BC%20hakk%C4%B1nda%20bilgi%20almak%20istiyorum.,https://raw.githubusercontent.com/youlchu/fazilet/catalog-assets/products/altinbasak-lewis-plum/product_hero.png,ALTINBAŞAK,,,,,,,,,,,,,,,,,,,,Ev Tekstili,ALTINBAŞAK,
altinbasak-nobby-beyaz,ALTINBAŞAK NOBBY Creaforce NEVRESİM TAKIMI Beyaz,ALTINBAŞAK NOBBY Creaforce NEVRESİM TAKIMI Beyaz. Materyal: %100 Pamuk; Nevresim Ölçüsü: 200x220 cm; Çarşaf Ölçüsü: 240x260 cm; Yastık Kılıfı Ölçüsü: 2 Adet 50x70 cm; Çarşaf Türü: Lastiksiz.,in stock,new,,https://wa.me/905447217289?text=Merhaba%2C%20ALTINBA%C5%9EAK%20NOBBY%20Creaforce%20NEVRES%C4%B0M%20TAKIMI%20Beyaz%20%C3%BCr%C3%BCn%C3%BC%20hakk%C4%B1nda%20bilgi%20almak%20istiyorum.,https://raw.githubusercontent.com/youlchu/fazilet/catalog-assets/products/altinbasak-nobby-beyaz/product_hero.png,ALTINBAŞAK,,,,,,,,,,,,,,,,,,,,Ev Tekstili,ALTINBAŞAK,
altinbasak-thor-kirmizi,ALTINBAŞAK THOR Creaforce THOR Nevresim Takımı Kırmızı,"ALTINBAŞAK THOR Creaforce THOR Nevresim Takımı Kırmızı. Materyal Bileşeni: %100 Pamuk; Kumaş Türü: Ranforce; Çarşaf Türü: Lastiksiz; Tasarım: Siyah biyeli detaylar, düz desen; Hava Geçirgenliği: Hava geçirgen kumaş yapısı.",in stock,new,,https://wa.me/905447217289?text=Merhaba%2C%20ALTINBA%C5%9EAK%20THOR%20Creaforce%20THOR%20Nevresim%20Tak%C4%B1m%C4%B1%20K%C4%B1rm%C4%B1z%C4%B1%20%C3%BCr%C3%BCn%C3%BC%20hakk%C4%B1nda%20bilgi%20almak%20istiyorum.,https://raw.githubusercontent.com/youlchu/fazilet/catalog-assets/products/altinbasak-thor-kirmizi/product_hero.png,ALTINBAŞAK,,,,,,,,,,,,,,,,,,,,Ev Tekstili,ALTINBAŞAK,
altus-al-606-sg-st-sr-toz-torbasiz-supurge,Altus AL 606 SG / ST / SR Toz Torbasız Elektrikli Süpürge,"Altus AL 606 SG / ST / SR Toz Torbasız Elektrikli Süpürge. Süpürgeler kategorisinde, sıfır ve satışa hazır ürün.",in stock,new,,https://wa.me/905447217289?text=Merhaba%2C%20Altus%20AL%20606%20SG%20/%20ST%20/%20SR%20Toz%20Torbas%C4%B1z%20Elektrikli%20S%C3%BCp%C3%BCrge%20%C3%BCr%C3%BCn%C3%BC%20hakk%C4%B1nda%20bilgi%20almak%20istiyorum.,https://raw.githubusercontent.com/youlchu/fazilet/catalog-assets/products/altus-al-606-sg-st-sr-toz-torbasiz-supurge/product_hero.png,Altus,,,,,,,,,,,,,,,,,,,,Süpürgeler,Altus,
amboss-amb-4493-4-litre,Amboss AMB-4493 Amber Klasik Düdüklü Tencere 4 Litre,Amboss AMB-4493 Amber Klasik Düdüklü Tencere 4 Litre. Gövde Malzemesi: 18/10 Cr-Ni paslanmaz çelik; Çap: 20 cm; Taban Özelliği: İndüksiyon dahil tüm ocak tiplerine uygun alüminyum kapsül taban; Yüzey İşlemi: Matlaşma ve aşınmaya dayanıklı polisaj kaplama; Garanti Süresi: 2 Yıl.,in stock,new,,https://wa.me/905447217289?text=Merhaba%2C%20Amboss%20AMB-4493%20Amber%20Klasik%20D%C3%BCd%C3%BCkl%C3%BC%20Tencere%204%20Litre%20%C3%BCr%C3%BCn%C3%BC%20hakk%C4%B1nda%20bilgi%20almak%20istiyorum.,https://raw.githubusercontent.com/youlchu/fazilet/catalog-assets/products/amboss-amb-4493-4-litre/product_hero.png,Amboss,,,,,,,,,,,,,,,,,,,,"Tencere, Çaydanlık ve Sofra",Amboss,
aprilla-ahc-5038-sac-sakal-kesme-makinesi,Aprilla AHC-5038 Şarjlı Saç ve Sakal Kesme Makinesi,"Aprilla AHC-5038 Şarjlı Saç ve Sakal Kesme Makinesi. Saç ve Sakal Bakımı kategorisinde, sıfır ve satışa hazır ürün.",in stock,new,,https://wa.me/905447217289?text=Merhaba%2C%20Aprilla%20AHC-5038%20%C5%9Earjl%C4%B1%20Sa%C3%A7%20ve%20Sakal%20Kesme%20Makinesi%20%C3%BCr%C3%BCn%C3%BC%20hakk%C4%B1nda%20bilgi%20almak%20istiyorum.,https://raw.githubusercontent.com/youlchu/fazilet/catalog-assets/products/aprilla-ahc-5038-sac-sakal-kesme-makinesi/product_hero.png,Aprilla,,,,,,,,,,,,,,,,,,,,Saç ve Sakal Bakımı,Aprilla,
arnica-et14401-red,Arnica ET14401 Pika Toz Torbasız Elektrikli Süpürge Red,"Arnica ET14401 Pika Toz Torbasız Elektrikli Süpürge Red. Motor Gücü: 899 W; Toz Haznesi Kapasitesi: 2,5 L; Kablo Uzunluğu: 5 m; Erişim Alanı: 8 m; Filtre: Yıkanabilir AFS filtre.",in stock,new,,https://wa.me/905447217289?text=Merhaba%2C%20Arnica%20ET14401%20Pika%20Toz%20Torbas%C4%B1z%20Elektrikli%20S%C3%BCp%C3%BCrge%20Red%20%C3%BCr%C3%BCn%C3%BC%20hakk%C4%B1nda%20bilgi%20almak%20istiyorum.,https://raw.githubusercontent.com/youlchu/fazilet/catalog-assets/products/arnica-et14401-red/product_hero.png,Arnica,,,,,,,,,,,,,,,,,,,,Süpürgeler,Arnica,
arnica-lotus-trend-et14000-toz-torbali-elektrikli-supurge,Arnica Lotus Trend ET14000 Toz Torbalı Elektrikli Süpürge,"Arnica Lotus Trend ET14000 Toz Torbalı Elektrikli Süpürge. Süpürgeler kategorisinde, sıfır ve satışa hazır ürün.",in stock,new,,https://wa.me/905447217289?text=Merhaba%2C%20Arnica%20Lotus%20Trend%20ET14000%20Toz%20Torbal%C4%B1%20Elektrikli%20S%C3%BCp%C3%BCrge%20%C3%BCr%C3%BCn%C3%BC%20hakk%C4%B1nda%20bilgi%20almak%20istiyorum.,https://raw.githubusercontent.com/youlchu/fazilet/catalog-assets/products/arnica-lotus-trend-et14000-toz-torbali-elektrikli-supurge/product_hero.png,Arnica,,,,,,,,,,,,,,,,,,,,Süpürgeler,Arnica,
arzum-ar-4075,Arzum AR 4075 Pronto Lux 2'si 1 Arada Dikey Elektrikli Süpürge,"Arzum AR 4075 Pronto Lux 2'si 1 Arada Dikey Elektrikli Süpürge. Kullanım Tipi: 2'si 1 arada (dikey ve el süpürgesi olarak kullanım); Toz Haznesi Kapasitesi: 1,5 L; Filtre: Yıkanabilir toz filtresi; Süpürme Başlığı: Üçgen yer başlığı; Park Pozisyonu: Dik konumda saklayabilme.",in stock,new,,https://wa.me/905447217289?text=Merhaba%2C%20Arzum%20AR%204075%20Pronto%20Lux%202%27si%201%20Arada%20Dikey%20Elektrikli%20S%C3%BCp%C3%BCrge%20%C3%BCr%C3%BCn%C3%BC%20hakk%C4%B1nda%20bilgi%20almak%20istiyorum.,https://raw.githubusercontent.com/youlchu/fazilet/catalog-assets/products/arzum-ar-4075/product_hero.png,Arzum,,,,,,,,,,,,,,,,,,,,Süpürgeler,Arzum,
arzum-ar4087,Arzum AR4087 Gırgır 2'si 1 Arada Dikey Elektrikli Süpürge,"Arzum AR4087 Gırgır 2'si 1 Arada Dikey Elektrikli Süpürge. Motor Gücü: 550 W; Toz Haznesi Kapasitesi: 1,2 L; Filtre Tipi: Yıkanabilir filtre; Kullanım Şekli: Dikey ve el süpürgesi olarak 2'si 1 arada çift kullanım; Kablo Uzunluğu: 5 m.",in stock,new,,https://wa.me/905447217289?text=Merhaba%2C%20Arzum%20AR4087%20G%C4%B1rg%C4%B1r%202%27si%201%20Arada%20Dikey%20Elektrikli%20S%C3%BCp%C3%BCrge%20%C3%BCr%C3%BCn%C3%BC%20hakk%C4%B1nda%20bilgi%20almak%20istiyorum.,https://raw.githubusercontent.com/youlchu/fazilet/catalog-assets/products/arzum-ar4087/product_hero.png,Arzum,,,,,,,,,,,,,,,,,,,,Süpürgeler,Arzum,
arzum-ar4110-nova,Arzum AR4110 Nova Nova Cyclone Toz Torbasız Elektrikli Süpürge,Arzum AR4110 Nova Nova Cyclone Toz Torbasız Elektrikli Süpürge. Toz Haznesi Kapasitesi: 2.5 Litre; Filtreleme: HEPA hava çıkış filtresi; Teknoloji: Cyclone filtreleme; Motor Gücü: 890 W; Emiş Türü: Kuru.,in stock,new,,https://wa.me/905447217289?text=Merhaba%2C%20Arzum%20AR4110%20Nova%20Nova%20Cyclone%20Toz%20Torbas%C4%B1z%20Elektrikli%20S%C3%BCp%C3%BCrge%20%C3%BCr%C3%BCn%C3%BC%20hakk%C4%B1nda%20bilgi%20almak%20istiyorum.,https://raw.githubusercontent.com/youlchu/fazilet/catalog-assets/products/arzum-ar4110-nova/product_hero.png,Arzum,,,,,,,,,,,,,,,,,,,,Süpürgeler,Arzum,
arzum-ar4118,Arzum AR4118 EASYFORCE Cyclone Filter Vacuum Cleaner,Arzum AR4118 EASYFORCE Cyclone Filter Vacuum Cleaner. Motor Gücü: 890 W; Toz Haznesi Kapasitesi: 2.5 L; Filtre Tipi: HEPA; Kablo Uzunluğu: 5 m; Süpürge Yapısı: Toz Torbasız.,in stock,new,,https://wa.me/905447217289?text=Merhaba%2C%20Arzum%20AR4118%20EASYFORCE%20Cyclone%20Filter%20Vacuum%20Cleaner%20%C3%BCr%C3%BCn%C3%BC%20hakk%C4%B1nda%20bilgi%20almak%20istiyorum.,https://raw.githubusercontent.com/youlchu/fazilet/catalog-assets/products/arzum-ar4118/product_hero.png,Arzum,,,,,,,,,,,,,,,,,,,,Süpürgeler,Arzum,
arzum-ar5023-lisa-19-mm,Arzum AR5023 Lisa Saç Maşası 19 mm,Arzum AR5023 Lisa Saç Maşası 19 mm. Maşa Çapı: 19 mm; Plaka Malzemesi: Seramik kaplama; Sıcaklık Ayarı: 160 °C ve 200 °C; Soğuk Tutma Ucu: Var.,in stock,new,,https://wa.me/905447217289?text=Merhaba%2C%20Arzum%20AR5023%20Lisa%20Sa%C3%A7%20Ma%C5%9Fas%C4%B1%2019%20mm%20%C3%BCr%C3%BCn%C3%BC%20hakk%C4%B1nda%20bilgi%20almak%20istiyorum.,https://raw.githubusercontent.com/youlchu/fazilet/catalog-assets/products/arzum-ar5023-lisa-19-mm/product_hero.png,Arzum,,,,,,,,,,,,,,,,,,,,Saç ve Sakal Bakımı,Arzum,
arzum-ar6020-pressa-black-red,Arzum AR6020 Pressa Arzum AR6020 Pressa 2400 W Buharlı Ütü Black/Red,Arzum AR6020 Pressa Arzum AR6020 Pressa 2400 W Buharlı Ütü Black/Red. Güç: 2400 W; Taban Tipi: Seramik taban; Sürekli Buhar Çıkışı: 35 gr/dk; Şok Buhar: 120 gr; Su Haznesi Kapasitesi: 320 ml.,in stock,new,,https://wa.me/905447217289?text=Merhaba%2C%20Arzum%20AR6020%20Pressa%20Arzum%20AR6020%20Pressa%202400%20W%20Buharl%C4%B1%20%C3%9Ct%C3%BC%20Black/Red%20%C3%BCr%C3%BCn%C3%BC%20hakk%C4%B1nda%20bilgi%20almak%20istiyorum.,https://raw.githubusercontent.com/youlchu/fazilet/catalog-assets/products/arzum-ar6020-pressa-black-red/product_hero.png,Arzum,,,,,,,,,,,,,,,,,,,,Ütüler,Arzum,
arzum-ar688-claro-mavi,Arzum AR688 Claro Buharlı Ütü Mavi,Arzum AR688 Claro Buharlı Ütü Mavi. Güç: 2400 W; Taban Malzemesi: Seramik; Damlama Önleme: Var; Dikey Ütüleme: Var; Kireç Önleme: Var.,in stock,new,,https://wa.me/905447217289?text=Merhaba%2C%20Arzum%20AR688%20Claro%20Buharl%C4%B1%20%C3%9Ct%C3%BC%20Mavi%20%C3%BCr%C3%BCn%C3%BC%20hakk%C4%B1nda%20bilgi%20almak%20istiyorum.,https://raw.githubusercontent.com/youlchu/fazilet/catalog-assets/products/arzum-ar688-claro-mavi/product_hero.png,Arzum,,,,,,,,,,,,,,,,,,,,Ütüler,Arzum,
arzum-ar690,Arzum AR690 Tripper Seyahat Ütüsü,Arzum AR690 Tripper Seyahat Ütüsü. Güç: 1150 W; Taban: Seramik taban; Su Haznesi: 55 ml; Sürekli Buhar Çıkışı: 12 gr/dk; Şok Buhar: 45 gr.,in stock,new,,https://wa.me/905447217289?text=Merhaba%2C%20Arzum%20AR690%20Tripper%20Seyahat%20%C3%9Ct%C3%BCs%C3%BC%20%C3%BCr%C3%BCn%C3%BC%20hakk%C4%B1nda%20bilgi%20almak%20istiyorum.,https://raw.githubusercontent.com/youlchu/fazilet/catalog-assets/products/arzum-ar690/product_hero.png,Arzum,,,,,,,,,,,,,,,,,,,,Ütüler,Arzum,
arzum-okka-minio,Arzum OKKA MINIO Türk Kahvesi Makinesi,Arzum OKKA MINIO Türk Kahvesi Makinesi. Fincan Kapasitesi: 4 fincan; Emniyet Sistemi: Taşma önleyici sistem; Uyarı Sistemi: Sesli ve ışıklı uyarı sistemi.,in stock,new,,https://wa.me/905447217289?text=Merhaba%2C%20Arzum%20OKKA%20MINIO%20T%C3%BCrk%20Kahvesi%20Makinesi%20%C3%BCr%C3%BCn%C3%BC%20hakk%C4%B1nda%20bilgi%20almak%20istiyorum.,https://raw.githubusercontent.com/youlchu/fazilet/catalog-assets/products/arzum-okka-minio/product_hero.png,Arzum,,,,,,,,,,,,,,,,,,,,"Çay, Kahve ve Su Isıtıcıları",Arzum,
arzum-okka-ok004-o-okyanus,Arzum Okka OK004-O Minio Türk Kahvesi Makinesi Okyanus,Arzum Okka OK004-O Minio Türk Kahvesi Makinesi Okyanus. Kapasite: 1-4 fincan; Akıtma Ağzı: Çift taraflı (sağ ve sol el kullanımına uygun); Taşma Emniyeti: Pişirme algılama sensörü ile taşma önleyici teknoloji; Güç: 480 W; Birlikte Gelen Aksesuar: Türk kahvesi ölçü kaşığı.,in stock,new,,https://wa.me/905447217289?text=Merhaba%2C%20Arzum%20Okka%20OK004-O%20Minio%20T%C3%BCrk%20Kahvesi%20Makinesi%20Okyanus%20%C3%BCr%C3%BCn%C3%BC%20hakk%C4%B1nda%20bilgi%20almak%20istiyorum.,https://raw.githubusercontent.com/youlchu/fazilet/catalog-assets/products/arzum-okka-ok004-o-okyanus/product_hero.png,Arzum Okka,,,,,,,,,,,,,,,,,,,,"Çay, Kahve ve Su Isıtıcıları",Arzum Okka,
baleno-mf-16-bbm-16,"BALENO MF 16 BBM Baleno MF 16 BBM Buharlı Vantilatör 16""","BALENO MF 16 BBM Baleno MF 16 BBM Buharlı Vantilatör 16"". Güç: 70 W; Su Deposu Kapasitesi: 3 L; Hız Kademesi: 3 kademeli (Düşük / Orta / Yüksek); Zamanlayıcı: 1 – 12 saat; Salınım: Otomatik sağa-sola salınım.",in stock,new,,https://wa.me/905447217289?text=Merhaba%2C%20BALENO%20MF%2016%20BBM%20Baleno%20MF%2016%20BBM%20Buharl%C4%B1%20Vantilat%C3%B6r%2016%22%20%C3%BCr%C3%BCn%C3%BC%20hakk%C4%B1nda%20bilgi%20almak%20istiyorum.,https://raw.githubusercontent.com/youlchu/fazilet/catalog-assets/products/baleno-mf-16-bbm-16/product_hero.png,BALENO,,,,,,,,,,,,,,,,,,,,İklimlendirme ve Isıtma,BALENO,
bold-bsc-005-stainless-steel-black,BOLD BSC-005 Kahve Makinesi / Coffee Maker Stainless Steel / Black,BOLD BSC-005 Kahve Makinesi / Coffee Maker Stainless Steel / Black. Güç: 800 W; Fincan Kapasitesi: 4 Fincan; Su Kapasitesi: 400 ml; Cezve Malzemesi: Çelik; Aşırı Isınma Emniyeti: Var.,in stock,new,,https://wa.me/905447217289?text=Merhaba%2C%20BOLD%20BSC-005%20Kahve%20Makinesi%20/%20Coffee%20Maker%20Stainless%20Steel%20/%20Black%20%C3%BCr%C3%BCn%C3%BC%20hakk%C4%B1nda%20bilgi%20almak%20istiyorum.,https://raw.githubusercontent.com/youlchu/fazilet/catalog-assets/products/bold-bsc-005-stainless-steel-black/product_hero.png,BOLD,,,,,,,,,,,,,,,,,,,,"Çay, Kahve ve Su Isıtıcıları",BOLD,
braun-st710-iontec-technology-slim-plates,Braun ST710 Satin Hair 7 Straightener IONTEC Technology / Slim Plates,Braun ST710 Satin Hair 7 Straightener IONTEC Technology / Slim Plates. İyon Teknolojisi: IONTEC; Sıcaklık Aralığı: 130 °C - 200 °C; Sıcaklık Kademesi: 15 kademe; Plaka Materyali: Seramik; Isınma Süresi: 40 saniye.,in stock,new,,https://wa.me/905447217289?text=Merhaba%2C%20Braun%20ST710%20Satin%20Hair%207%20Straightener%20IONTEC%20Technology%20/%20Slim%20Plates%20%C3%BCr%C3%BCn%C3%BC%20hakk%C4%B1nda%20bilgi%20almak%20istiyorum.,https://raw.githubusercontent.com/youlchu/fazilet/catalog-assets/products/braun-st710-iontec-technology-slim-plates/product_hero.png,Braun,,,,,,,,,,,,,,,,,,,,Saç ve Sakal Bakımı,Braun,
bright-elegance-be-3440,Bright Elegance BE-3440 Multifunction Steam Cleaner,Bright Elegance BE-3440 Multifunction Steam Cleaner. Isıtma Kapasitesi: 2000 W; Buhar Basıncı: 4 bar; Buhar Sıcaklığı: 110°C; Su Tankı Kapasitesi: 1.5 l; Güç Kablosu Uzunluğu: 5 m.,in stock,new,,https://wa.me/905447217289?text=Merhaba%2C%20Bright%20Elegance%20BE-3440%20Multifunction%20Steam%20Cleaner%20%C3%BCr%C3%BCn%C3%BC%20hakk%C4%B1nda%20bilgi%20almak%20istiyorum.,https://raw.githubusercontent.com/youlchu/fazilet/catalog-assets/products/bright-elegance-be-3440/product_hero.png,Bright Elegance,,,,,,,,,,,,,,,,,,,,Buharlı Temizlik ve Yıkama Makineleri,Bright Elegance,
cetintas-evii-kea-034-ir-1700-watt,Çetintaş evii KEA 034 IR Multi Blender Seti 1700 WATT,"Çetintaş evii KEA 034 IR Multi Blender Seti 1700 WATT. Motor Gücü: 1700 Watt; Doğrayıcı Hazne Kapasitesi: 1500 ml; Ölçü Kabı Kapasitesi: 600 ml; Kullanım Fonksiyonları: Blender, Mikser, Rondo, Dilimleyici ve Rendeleyici; Bıçak Yapısı: Isıya dayanıklı, çift tarafı paslanmaz ikili çelik bıçak.",in stock,new,,https://wa.me/905447217289?text=Merhaba%2C%20%C3%87etinta%C5%9F%20evii%20KEA%20034%20IR%20Multi%20Blender%20Seti%201700%20WATT%20%C3%BCr%C3%BCn%C3%BC%20hakk%C4%B1nda%20bilgi%20almak%20istiyorum.,https://raw.githubusercontent.com/youlchu/fazilet/catalog-assets/products/cetintas-evii-kea-034-ir-1700-watt/product_hero.png,Çetintaş evii,,,,,,,,,,,,,,,,,,,,Blender ve Mutfak Hazırlık,Çetintaş evii,
conti-ctm-121-mytea-rose-gold,CONTI CTM-121 Mytea Çay Makinesi Rose Gold,CONTI CTM-121 Mytea Çay Makinesi Rose Gold. Güç: 1600 W; Su Isıtıcı Kapasitesi: 1.7 L; Demlik Kapasitesi: 0.7 L; Sıcak Tutma Fonksiyonu: Evet; Renk: Pembe Altın / Rose Gold.,in stock,new,,https://wa.me/905447217289?text=Merhaba%2C%20CONTI%20CTM-121%20Mytea%20%C3%87ay%20Makinesi%20Rose%20Gold%20%C3%BCr%C3%BCn%C3%BC%20hakk%C4%B1nda%20bilgi%20almak%20istiyorum.,https://raw.githubusercontent.com/youlchu/fazilet/catalog-assets/products/conti-ctm-121-mytea-rose-gold/product_hero.png,CONTI,,,,,,,,,,,,,,,,,,,,"Çay, Kahve ve Su Isıtıcıları",CONTI,
cvs-burgaz-1-8-litre,"CVS Burgaz Elektrikli Su Isıtıcı 1,8 litre","CVS Burgaz Elektrikli Su Isıtıcı 1,8 litre. Otomatik Kapanma: Su kaynadığında otomatik kapanma özelliği; Kapak Emniyeti: Güvenlik kilitli kapak; Rezistans: Gizli rezistans; Taban: 360 derece döner tabla; Gösterge: Işıklı gösterge.",in stock,new,,https://wa.me/905447217289?text=Merhaba%2C%20CVS%20Burgaz%20Elektrikli%20Su%20Is%C4%B1t%C4%B1c%C4%B1%201%2C8%20litre%20%C3%BCr%C3%BCn%C3%BC%20hakk%C4%B1nda%20bilgi%20almak%20istiyorum.,https://raw.githubusercontent.com/youlchu/fazilet/catalog-assets/products/cvs-burgaz-1-8-litre/product_hero.png,CVS,,,,,,,,,,,,,,,,,,,,İklimlendirme ve Isıtma,CVS,
cvs-dn-132,CVS DN 132 Şarjlı Masaj Aleti,CVS DN 132 Şarjlı Masaj Aleti. Çalışma Tipi: Şarjlı; Hız Ayarı: Farklı hız kademeleri; Pil Tipi: Dahili Lityum-iyon pil; Gösterge: LED ışıklı şarj ve hız göstergesi; Şarj Bağlantısı: USB şarj kablosu dahildir.,in stock,new,,https://wa.me/905447217289?text=Merhaba%2C%20CVS%20DN%20132%20%C5%9Earjl%C4%B1%20Masaj%20Aleti%20%C3%BCr%C3%BCn%C3%BC%20hakk%C4%B1nda%20bilgi%20almak%20istiyorum.,https://raw.githubusercontent.com/youlchu/fazilet/catalog-assets/products/cvs-dn-132/product_hero.png,CVS,,,,,,,,,,,,,,,,,,,,Epilasyon ve Masaj,CVS,
cvs-dn-144,CVS DN 144 Omuz ve Boyun Masaj Aleti,CVS DN 144 Omuz ve Boyun Masaj Aleti. Ürün Tipi: Omuz ve boyun masaj aleti; Çalışma Tipi: Şarjlı; Uygulama Bölgesi: Omuz ve boyun.,in stock,new,,https://wa.me/905447217289?text=Merhaba%2C%20CVS%20DN%20144%20Omuz%20ve%20Boyun%20Masaj%20Aleti%20%C3%BCr%C3%BCn%C3%BC%20hakk%C4%B1nda%20bilgi%20almak%20istiyorum.,https://raw.githubusercontent.com/youlchu/fazilet/catalog-assets/products/cvs-dn-144/product_hero.png,CVS,,,,,,,,,,,,,,,,,,,,Epilasyon ve Masaj,CVS,
cvs-dn-150,CVS DN 150 Şarjlı Masaj Aleti Siyah,CVS DN 150 Şarjlı Masaj Aleti Siyah. Kullanım: Şarjlı ve taşınabilir; Başlıklar: Değiştirilebilir masaj başlıkları; Tasarım: Ergonomik tutma sapı.,in stock,new,,https://wa.me/905447217289?text=Merhaba%2C%20CVS%20DN%20150%20%C5%9Earjl%C4%B1%20Masaj%20Aleti%20Siyah%20%C3%BCr%C3%BCn%C3%BC%20hakk%C4%B1nda%20bilgi%20almak%20istiyorum.,https://raw.githubusercontent.com/youlchu/fazilet/catalog-assets/products/cvs-dn-150/product_hero.png,CVS,,,,,,,,,,,,,,,,,,,,Epilasyon ve Masaj,CVS,
cvs-dn-1529-red,CVS DN 1529 Suadiye Elektrikli Çay Makinesi Red,"CVS DN 1529 Suadiye Elektrikli Çay Makinesi Red. Güç: 1800 – 2100 W; Su Isıtma Kapasitesi: 1,8 L; Demlik Kapasitesi: 0,7 L; Demlik Malzemesi: Yüksek sıcaklığa dayanıklı cam; Güvenlik Emniyeti: Susuz çalışmayı önleyen emniyet sistemi.",in stock,new,,https://wa.me/905447217289?text=Merhaba%2C%20CVS%20DN%201529%20Suadiye%20Elektrikli%20%C3%87ay%20Makinesi%20Red%20%C3%BCr%C3%BCn%C3%BC%20hakk%C4%B1nda%20bilgi%20almak%20istiyorum.,https://raw.githubusercontent.com/youlchu/fazilet/catalog-assets/products/cvs-dn-1529-red/product_hero.png,CVS,,,,,,,,,,,,,,,,,,,,"Çay, Kahve ve Su Isıtıcıları",CVS,
cvs-dn-1548-teame-plus,CVS DN 1548 TeaME Plus Elektrikli Çay Makinesi,"CVS DN 1548 TeaME Plus Elektrikli Çay Makinesi. Su Isıtıcı Kapasitesi: 1,7 L; Demlik Kapasitesi: 0,8 L; Güç: 1800 W; Susuz Çalışma Emniyeti: Var; Taban Özelliği: 360 derece dönebilen taban.",in stock,new,,https://wa.me/905447217289?text=Merhaba%2C%20CVS%20DN%201548%20TeaME%20Plus%20Elektrikli%20%C3%87ay%20Makinesi%20%C3%BCr%C3%BCn%C3%BC%20hakk%C4%B1nda%20bilgi%20almak%20istiyorum.,https://raw.githubusercontent.com/youlchu/fazilet/catalog-assets/products/cvs-dn-1548-teame-plus/product_hero.png,CVS,,,,,,,,,,,,,,,,,,,,"Çay, Kahve ve Su Isıtıcıları",CVS,
cvs-dn-1553,CVS DN 1553 DIGITEA Isı Ayarlı Dijital Çay Makinesi,CVS DN 1553 DIGITEA Isı Ayarlı Dijital Çay Makinesi. Güç: 1500 W; Demlik Kapasitesi: 1.0 lt; Su Isıtıcı Kapasitesi: 1.7 lt; Demlik Malzemesi: Cam; 360 Derece Döner Taban: Var.,in stock,new,,https://wa.me/905447217289?text=Merhaba%2C%20CVS%20DN%201553%20DIGITEA%20Is%C4%B1%20Ayarl%C4%B1%20Dijital%20%C3%87ay%20Makinesi%20%C3%BCr%C3%BCn%C3%BC%20hakk%C4%B1nda%20bilgi%20almak%20istiyorum.,https://raw.githubusercontent.com/youlchu/fazilet/catalog-assets/products/cvs-dn-1553/product_hero.png,CVS,,,,,,,,,,,,,,,,,,,,"Çay, Kahve ve Su Isıtıcıları",CVS,
cvs-dn-1557,CVS DN 1557 DIGITEA+ Isı Ayarlı Dijital Çay Makinesi,"CVS DN 1557 DIGITEA+ Isı Ayarlı Dijital Çay Makinesi. Demlik Kapasitesi: 0,8 L; Su Isıtıcı Kapasitesi: 1,8 L; Demlik Malzemesi: Paslanmaz çelik; Otomatik Kapanma: Demleme modunda 3 saat sonra, kaynatma modunda 8 dakika sonra; Gösterge: Fonksiyonları gösteren dijital gösterge.",in stock,new,,https://wa.me/905447217289?text=Merhaba%2C%20CVS%20DN%201557%20DIGITEA%2B%20Is%C4%B1%20Ayarl%C4%B1%20Dijital%20%C3%87ay%20Makinesi%20%C3%BCr%C3%BCn%C3%BC%20hakk%C4%B1nda%20bilgi%20almak%20istiyorum.,https://raw.githubusercontent.com/youlchu/fazilet/catalog-assets/products/cvs-dn-1557/product_hero.png,CVS,,,,,,,,,,,,,,,,,,,,"Çay, Kahve ve Su Isıtıcıları",CVS,
cvs-dn-1770-2800-watt,CVS DN 1770 Venüs Seramik Tabanlı Buharlı Ütü 2800 WATT,CVS DN 1770 Venüs Seramik Tabanlı Buharlı Ütü 2800 WATT. Güç: 2800 Watt; Taban: Seramik; Su Tankı Kapasitesi: 300 ml; Damlama Önleme: Var (Anti-drip); Kireç Önleme: Var (Anti-calc).,in stock,new,,https://wa.me/905447217289?text=Merhaba%2C%20CVS%20DN%201770%20Ven%C3%BCs%20Seramik%20Tabanl%C4%B1%20Buharl%C4%B1%20%C3%9Ct%C3%BC%202800%20WATT%20%C3%BCr%C3%BCn%C3%BC%20hakk%C4%B1nda%20bilgi%20almak%20istiyorum.,https://raw.githubusercontent.com/youlchu/fazilet/catalog-assets/products/cvs-dn-1770-2800-watt/product_hero.png,CVS,,,,,,,,,,,,,,,,,,,,Ütüler,CVS,
cvs-dn-1770-venus-2800-watt-kirmizi,"CVS DN 1770 Venüs Seramik Tabanlı Buharlı Ütü 2800 WATT, Kırmızı","CVS DN 1770 Venüs Seramik Tabanlı Buharlı Ütü 2800 WATT, Kırmızı. Güç: 2800 W; Taban: Seramik Taban; Su Tankı Kapasitesi: 300 ml; Damlatmama Özelliği: Anti-drip; Kireçlenme Önleme Sistemi: Anti-calc.",in stock,new,,https://wa.me/905447217289?text=Merhaba%2C%20CVS%20DN%201770%20Ven%C3%BCs%20Seramik%20Tabanl%C4%B1%20Buharl%C4%B1%20%C3%9Ct%C3%BC%202800%20WATT%2C%20K%C4%B1rm%C4%B1z%C4%B1%20%C3%BCr%C3%BCn%C3%BC%20hakk%C4%B1nda%20bilgi%20almak%20istiyorum.,https://raw.githubusercontent.com/youlchu/fazilet/catalog-assets/products/cvs-dn-1770-venus-2800-watt-kirmizi/product_hero.png,CVS,,,,,,,,,,,,,,,,,,,,Ütüler,CVS,
cvs-dn-1770-venus-yesil-2800-w,CVS DN 1770 Venüs Seramik Tabanlı Buharlı Ütü Yeşil / 2800 W,CVS DN 1770 Venüs Seramik Tabanlı Buharlı Ütü Yeşil / 2800 W. Taban Türü: Seramik; Damlama Emniyeti: Var; Kireç Önleme: Var; Ürün Tipi: Buharlı Ütü.,in stock,new,,https://wa.me/905447217289?text=Merhaba%2C%20CVS%20DN%201770%20Ven%C3%BCs%20Seramik%20Tabanl%C4%B1%20Buharl%C4%B1%20%C3%9Ct%C3%BC%20Ye%C5%9Fil%20/%202800%20W%20%C3%BCr%C3%BCn%C3%BC%20hakk%C4%B1nda%20bilgi%20almak%20istiyorum.,https://raw.githubusercontent.com/youlchu/fazilet/catalog-assets/products/cvs-dn-1770-venus-yesil-2800-w/product_hero.png,CVS,,,,,,,,,,,,,,,,,,,,Ütüler,CVS,
cvs-dn-2345,CVS DN 2345 Elektrikli Su Isıtıcı Electric Kettle,CVS DN 2345 Elektrikli Su Isıtıcı Electric Kettle. Kapasite: 1.8 L; Güç: 1500 W; Otomatik Kapanma: Var; Emniyet Koruması: Aşırı ısınma ve susuz çalışmayı önleme koruması; Gösterge: Su seviyesi göstergesi ve güç gösterge lambası.,in stock,new,,https://wa.me/905447217289?text=Merhaba%2C%20CVS%20DN%202345%20Elektrikli%20Su%20Is%C4%B1t%C4%B1c%C4%B1%20Electric%20Kettle%20%C3%BCr%C3%BCn%C3%BC%20hakk%C4%B1nda%20bilgi%20almak%20istiyorum.,https://raw.githubusercontent.com/youlchu/fazilet/catalog-assets/products/cvs-dn-2345/product_hero.png,CVS,,,,,,,,,,,,,,,,,,,,İklimlendirme ve Isıtma,CVS,
cvs-dn-256-gelincik-1200-watt,CVS DN 256 Gelincik Döner Tepsili Davul Fırın 1200 Watt,CVS DN 256 Gelincik Döner Tepsili Davul Fırın 1200 Watt. Tepsi: 42 cm alüminyum tepsi; Termostat: Alt-üst ısıtıcı kontrolü ve ısı ayarı için termostat; Görüş Penceresi: Isıya dayanıklı görüş penceresi; Isı Yalıtımı: Özel ısı yalıtımı; Kilit Sistemi: Güvenilir kilit sistemi.,in stock,new,,https://wa.me/905447217289?text=Merhaba%2C%20CVS%20DN%20256%20Gelincik%20D%C3%B6ner%20Tepsili%20Davul%20F%C4%B1r%C4%B1n%201200%20Watt%20%C3%BCr%C3%BCn%C3%BC%20hakk%C4%B1nda%20bilgi%20almak%20istiyorum.,https://raw.githubusercontent.com/youlchu/fazilet/catalog-assets/products/cvs-dn-256-gelincik-1200-watt/product_hero.png,CVS,,,,,,,,,,,,,,,,,,,,"Fırın, Airfryer ve Izgaralar",CVS,
cvs-dn-3514-2-5-lt,CVS DN 3514 Çelik Termos / S/S Vacuum Flask 2.5 Lt.,CVS DN 3514 Çelik Termos / S/S Vacuum Flask 2.5 Lt.. Kapasite: 2.5 litre; Gövde Malzemesi: Inox çelik; Kapak: Sızdırmaz kapaklı; İşlev: Sıcak ve soğuk içecek muhafazası.,in stock,new,,https://wa.me/905447217289?text=Merhaba%2C%20CVS%20DN%203514%20%C3%87elik%20Termos%20/%20S/S%20Vacuum%20Flask%202.5%20Lt.%20%C3%BCr%C3%BCn%C3%BC%20hakk%C4%B1nda%20bilgi%20almak%20istiyorum.,https://raw.githubusercontent.com/youlchu/fazilet/catalog-assets/products/cvs-dn-3514-2-5-lt/product_hero.png,CVS,,,,,,,,,,,,,,,,,,,,Süpürgeler,CVS,
cvs-dn-3906-gurme-40-lt,CVS DN 3906 Gurme Elektrikli Midi Fırın 40 Lt,CVS DN 3906 Gurme Elektrikli Midi Fırın 40 Lt. Güç: 1500 W; Gövde Tipi: Statik boyalı gövde; İç Hacim: 40 L; Termostat Sıcaklık Aralığı: 50°C - 320°C; Zamanlayıcı: Var.,in stock,new,,https://wa.me/905447217289?text=Merhaba%2C%20CVS%20DN%203906%20Gurme%20Elektrikli%20Midi%20F%C4%B1r%C4%B1n%2040%20Lt%20%C3%BCr%C3%BCn%C3%BC%20hakk%C4%B1nda%20bilgi%20almak%20istiyorum.,https://raw.githubusercontent.com/youlchu/fazilet/catalog-assets/products/cvs-dn-3906-gurme-40-lt/product_hero.png,CVS,,,,,,,,,,,,,,,,,,,,"Fırın, Airfryer ve Izgaralar",CVS,
cvs-dn-39077-burgundy,CVS DN 39077 Gurme Plus TURBO 45 Lt Geniş Hacim Fırın Burgundy,"CVS DN 39077 Gurme Plus TURBO 45 Lt Geniş Hacim Fırın Burgundy. Fırın, Airfryer ve Izgaralar kategorisinde, sıfır ve satışa hazır ürün.",in stock,new,,https://wa.me/905447217289?text=Merhaba%2C%20CVS%20DN%2039077%20Gurme%20Plus%20TURBO%2045%20Lt%20Geni%C5%9F%20Hacim%20F%C4%B1r%C4%B1n%20Burgundy%20%C3%BCr%C3%BCn%C3%BC%20hakk%C4%B1nda%20bilgi%20almak%20istiyorum.,https://raw.githubusercontent.com/youlchu/fazilet/catalog-assets/products/cvs-dn-39077-burgundy/product_hero.png,CVS,,,,,,,,,,,,,,,,,,,,"Fırın, Airfryer ve Izgaralar",CVS,
cvs-dn-3908-red-50-lt,CVS DN 3908 Gurme Maxi Zaman Ayarlı Elektrikli Fırın Red 50 Lt,CVS DN 3908 Gurme Maxi Zaman Ayarlı Elektrikli Fırın Red 50 Lt. Termostat: 50°C – 320°C ayarlanabilir termostat; Zamanlayıcı: Zamanlayıcı ve uyarı zili; Fonksiyon: Izgara ve fırın fonksiyonu; Ön Cam: Yüksek ısıya dayanıklı temperli ön cam; Isıtıcı Rezistans: Üst ve alt ısıtıcı rezistans.,in stock,new,,https://wa.me/905447217289?text=Merhaba%2C%20CVS%20DN%203908%20Gurme%20Maxi%20Zaman%20Ayarl%C4%B1%20Elektrikli%20F%C4%B1r%C4%B1n%20Red%2050%20Lt%20%C3%BCr%C3%BCn%C3%BC%20hakk%C4%B1nda%20bilgi%20almak%20istiyorum.,https://raw.githubusercontent.com/youlchu/fazilet/catalog-assets/products/cvs-dn-3908-red-50-lt/product_hero.png,CVS,,,,,,,,,,,,,,,,,,,,"Fırın, Airfryer ve Izgaralar",CVS,
cvs-dn-4727-acrobat-dik-supurge,CVS DN 4727 Acrobat Pratik Dik Süpürge,"CVS DN 4727 Acrobat Pratik Dik Süpürge. Süpürgeler kategorisinde, sıfır ve satışa hazır ürün.",in stock,new,,https://wa.me/905447217289?text=Merhaba%2C%20CVS%20DN%204727%20Acrobat%20Pratik%20Dik%20S%C3%BCp%C3%BCrge%20%C3%BCr%C3%BCn%C3%BC%20hakk%C4%B1nda%20bilgi%20almak%20istiyorum.,https://raw.githubusercontent.com/youlchu/fazilet/catalog-assets/products/cvs-dn-4727-acrobat-dik-supurge/product_hero.png,CVS,,,,,,,,,,,,,,,,,,,,Süpürgeler,CVS,
cvs-dn-5475-lucia-2200-w-mor,"CVS DN 5475 Lucia Seramik Tabanlı Buharlı Ütü 2200 W, Mor","CVS DN 5475 Lucia Seramik Tabanlı Buharlı Ütü 2200 W, Mor. Güç: 2200 W; Taban: Seramik; Su Haznesi Kapasitesi: 310 ml; Kireç Önleme: Gelişmiş kireç önleme sistemi; Damlama Önleme: Damlama önleme özelliği.",in stock,new,,https://wa.me/905447217289?text=Merhaba%2C%20CVS%20DN%205475%20Lucia%20Seramik%20Tabanl%C4%B1%20Buharl%C4%B1%20%C3%9Ct%C3%BC%202200%20W%2C%20Mor%20%C3%BCr%C3%BCn%C3%BC%20hakk%C4%B1nda%20bilgi%20almak%20istiyorum.,https://raw.githubusercontent.com/youlchu/fazilet/catalog-assets/products/cvs-dn-5475-lucia-2200-w-mor/product_hero.png,CVS,,,,,,,,,,,,,,,,,,,,Ütüler,CVS,
cvs-dn-5479-3000-watt,CVS DN 5479 SmartIron 3000 WATT,CVS DN 5479 SmartIron 3000 WATT. Güç: 3000 Watt; Taban: Seramik; Şok Buhar: 160 g/dk; Sürekli Buhar: 35 g/dk; Damlama Önleme: Damlama önleme sistemi.,in stock,new,,https://wa.me/905447217289?text=Merhaba%2C%20CVS%20DN%205479%20SmartIron%203000%20WATT%20%C3%BCr%C3%BCn%C3%BC%20hakk%C4%B1nda%20bilgi%20almak%20istiyorum.,https://raw.githubusercontent.com/youlchu/fazilet/catalog-assets/products/cvs-dn-5479-3000-watt/product_hero.png,CVS,,,,,,,,,,,,,,,,,,,,Ütüler,CVS,
cvs-dn-5481,CVS DN 5481 Alberto,CVS DN 5481 Alberto. Maksimum Güç: 3000 W; Taban Türü: Seramik; Şok Buhar: 160 g/dk; Sürekli Buhar: 25 g/dk; Su Tankı Kapasitesi: 360 ml.,in stock,new,,https://wa.me/905447217289?text=Merhaba%2C%20CVS%20DN%205481%20Alberto%20%C3%BCr%C3%BCn%C3%BC%20hakk%C4%B1nda%20bilgi%20almak%20istiyorum.,https://raw.githubusercontent.com/youlchu/fazilet/catalog-assets/products/cvs-dn-5481/product_hero.png,CVS,,,,,,,,,,,,,,,,,,,,Ütüler,CVS,
cvs-dn-5481-3000-watt,CVS DN 5481 Alberto Seramik Tabanlı Buharlı Ütü 3000 WATT,CVS DN 5481 Alberto Seramik Tabanlı Buharlı Ütü 3000 WATT. Güç: Maksimum 3000 Watt; Taban Türü: Seramik; Şok Buhar: 160 g/dk; Sürekli Buhar: 25 g/dk; Su Tankı Kapasitesi: 360 ml.,in stock,new,,https://wa.me/905447217289?text=Merhaba%2C%20CVS%20DN%205481%20Alberto%20Seramik%20Tabanl%C4%B1%20Buharl%C4%B1%20%C3%9Ct%C3%BC%203000%20WATT%20%C3%BCr%C3%BCn%C3%BC%20hakk%C4%B1nda%20bilgi%20almak%20istiyorum.,https://raw.githubusercontent.com/youlchu/fazilet/catalog-assets/products/cvs-dn-5481-3000-watt/product_hero.png,CVS,,,,,,,,,,,,,,,,,,,,Ütüler,CVS,
cvs-dn-5482-belize-buharli-utu,CVS DN 5482 Belize Seramik Tabanlı Buharlı Ütü 2600 WATT,CVS DN 5482 Belize Seramik Tabanlı Buharlı Ütü 2600 WATT. Taban Türü: Seramik; Güç: 2600 W; Damlama Emniyeti: Var; Kireç Önleme: Var; Otomatik Kapanma: Var.,in stock,new,,https://wa.me/905447217289?text=Merhaba%2C%20CVS%20DN%205482%20Belize%20Seramik%20Tabanl%C4%B1%20Buharl%C4%B1%20%C3%9Ct%C3%BC%202600%20WATT%20%C3%BCr%C3%BCn%C3%BC%20hakk%C4%B1nda%20bilgi%20almak%20istiyorum.,https://raw.githubusercontent.com/youlchu/fazilet/catalog-assets/products/cvs-dn-5482-belize-buharli-utu/product_hero.png,CVS,,,,,,,,,,,,,,,,,,,,Ütüler,CVS,
cvs-dn-5483-3000-watt,CVS DN 5483 FİRUZE Seramik Tabanlı Buharlı Ütü 3000 WATT,CVS DN 5483 FİRUZE Seramik Tabanlı Buharlı Ütü 3000 WATT. Güç: 3000 W; Taban Türü: Seramik; Damlama Önleme: Var; Kireç Önleme: Var; Dikey Buhar: Var.,in stock,new,,https://wa.me/905447217289?text=Merhaba%2C%20CVS%20DN%205483%20F%C4%B0RUZE%20Seramik%20Tabanl%C4%B1%20Buharl%C4%B1%20%C3%9Ct%C3%BC%203000%20WATT%20%C3%BCr%C3%BCn%C3%BC%20hakk%C4%B1nda%20bilgi%20almak%20istiyorum.,https://raw.githubusercontent.com/youlchu/fazilet/catalog-assets/products/cvs-dn-5483-3000-watt/product_hero.png,CVS,,,,,,,,,,,,,,,,,,,,Ütüler,CVS,
cvs-dn-7511-sifir-kesim-tiras-makinesi,CVS DN 7511 Sıfır Kesim Saç-Sakal Tıraş Makinesi,"CVS DN 7511 Sıfır Kesim Saç-Sakal Tıraş Makinesi. Saç ve Sakal Bakımı kategorisinde, sıfır ve satışa hazır ürün.",in stock,new,,https://wa.me/905447217289?text=Merhaba%2C%20CVS%20DN%207511%20S%C4%B1f%C4%B1r%20Kesim%20Sa%C3%A7-Sakal%20T%C4%B1ra%C5%9F%20Makinesi%20%C3%BCr%C3%BCn%C3%BC%20hakk%C4%B1nda%20bilgi%20almak%20istiyorum.,https://raw.githubusercontent.com/youlchu/fazilet/catalog-assets/products/cvs-dn-7511-sifir-kesim-tiras-makinesi/product_hero.png,CVS,,,,,,,,,,,,,,,,,,,,Saç ve Sakal Bakımı,CVS,
cvs-dn-7518-9in1-erkek-bakim-seti,CVS DN 7518 9 in 1 Erkek Bakım Seti,"CVS DN 7518 9 in 1 Erkek Bakım Seti. Saç ve Sakal Bakımı kategorisinde, sıfır ve satışa hazır ürün.",in stock,new,,https://wa.me/905447217289?text=Merhaba%2C%20CVS%20DN%207518%209%20in%201%20Erkek%20Bak%C4%B1m%20Seti%20%C3%BCr%C3%BCn%C3%BC%20hakk%C4%B1nda%20bilgi%20almak%20istiyorum.,https://raw.githubusercontent.com/youlchu/fazilet/catalog-assets/products/cvs-dn-7518-9in1-erkek-bakim-seti/product_hero.png,CVS,,,,,,,,,,,,,,,,,,,,Saç ve Sakal Bakımı,CVS,
cvs-dn-91059-12,"CVS DN 91059 Masaüstü Vantilatör 12""","CVS DN 91059 Masaüstü Vantilatör 12"". Hız Kademesi: 3 Kademe Motor Devri Ayarı; Yatay Salınım: Sağa ve Sola Otomatik Salınım Yapabilme Kabiliyeti; Dikey Yön Ayarı: Aşağı ve Yukarı Manuel Ayarlama; Ses Seviyesi: Düşük Sesli Çalışma; Tasarım: Aerodinamik Dizayn.",in stock,new,,https://wa.me/905447217289?text=Merhaba%2C%20CVS%20DN%2091059%20Masa%C3%BCst%C3%BC%20Vantilat%C3%B6r%2012%22%20%C3%BCr%C3%BCn%C3%BC%20hakk%C4%B1nda%20bilgi%20almak%20istiyorum.,https://raw.githubusercontent.com/youlchu/fazilet/catalog-assets/products/cvs-dn-91059-12/product_hero.png,CVS,,,,,,,,,,,,,,,,,,,,İklimlendirme ve Isıtma,CVS,
cvs-dn-91060-85-watt,CVS DN 91060 18'' Ayaklı Vantilatör Stand Fan 85 Watt,CVS DN 91060 18'' Ayaklı Vantilatör Stand Fan 85 Watt. Motor Gücü: 85 Watt; Pervane Çapı: 18'' (İnç); Pervane Kanat Sayısı: 6 Kanatlı Pervane; Hız Kademesi: 4 Kademe Hız Ayarı; Zaman Ayarı: Zaman Ayarlı Kapanma.,in stock,new,,https://wa.me/905447217289?text=Merhaba%2C%20CVS%20DN%2091060%2018%27%27%20Ayakl%C4%B1%20Vantilat%C3%B6r%20Stand%20Fan%2085%20Watt%20%C3%BCr%C3%BCn%C3%BC%20hakk%C4%B1nda%20bilgi%20almak%20istiyorum.,https://raw.githubusercontent.com/youlchu/fazilet/catalog-assets/products/cvs-dn-91060-85-watt/product_hero.png,CVS,,,,,,,,,,,,,,,,,,,,İklimlendirme ve Isıtma,CVS,
cvs-dn-91061-18,"CVS DN 91061 Endüstriyel Vantilatör Industrial Fan 18""","CVS DN 91061 Endüstriyel Vantilatör Industrial Fan 18"". Motor Gücü: 85 Watt; Boyut: 18""; Kanat Sayısı: 5 Kanatlı; Hız Kademesi: 3 Kademe; Salınım: Sağ-Sol Salınım.",in stock,new,,https://wa.me/905447217289?text=Merhaba%2C%20CVS%20DN%2091061%20End%C3%BCstriyel%20Vantilat%C3%B6r%20Industrial%20Fan%2018%22%20%C3%BCr%C3%BCn%C3%BC%20hakk%C4%B1nda%20bilgi%20almak%20istiyorum.,https://raw.githubusercontent.com/youlchu/fazilet/catalog-assets/products/cvs-dn-91061-18/product_hero.png,CVS,,,,,,,,,,,,,,,,,,,,İklimlendirme ve Isıtma,CVS,
cvs-dn-91062-16-inch-50-watt,"CVS DN 91062 16"" Ayaklı Vantilatör 16 inch / 50 Watt","CVS DN 91062 16"" Ayaklı Vantilatör 16 inch / 50 Watt. Motor Gücü: 50 Watt; Pervane Tipi: 5 kanatlı pervane; Hız Kademesi: 3 kademe hız ayarı; Salınım: Sağ-sol salınım; Tip: Ayaklı vantilatör.",in stock,new,,https://wa.me/905447217289?text=Merhaba%2C%20CVS%20DN%2091062%2016%22%20Ayakl%C4%B1%20Vantilat%C3%B6r%2016%20inch%20/%2050%20Watt%20%C3%BCr%C3%BCn%C3%BC%20hakk%C4%B1nda%20bilgi%20almak%20istiyorum.,https://raw.githubusercontent.com/youlchu/fazilet/catalog-assets/products/cvs-dn-91062-16-inch-50-watt/product_hero.png,CVS,,,,,,,,,,,,,,,,,,,,İklimlendirme ve Isıtma,CVS,
cvs-dn-9312,CVS DN 9312 Yaşam Elektrikli Su Isıtıcısı,CVS DN 9312 Yaşam Elektrikli Su Isıtıcısı. Kapasite: 1.8 L; Materyal: Cam; Rezistans Tipi: Gizli; Otomatik Kapanma: Var; Susuz Çalışmayı Önleme: Var.,in stock,new,,https://wa.me/905447217289?text=Merhaba%2C%20CVS%20DN%209312%20Ya%C5%9Fam%20Elektrikli%20Su%20Is%C4%B1t%C4%B1c%C4%B1s%C4%B1%20%C3%BCr%C3%BCn%C3%BC%20hakk%C4%B1nda%20bilgi%20almak%20istiyorum.,https://raw.githubusercontent.com/youlchu/fazilet/catalog-assets/products/cvs-dn-9312/product_hero.png,CVS,,,,,,,,,,,,,,,,,,,,İklimlendirme ve Isıtma,CVS,
dsp-50001u-peach-pearl,DSP 50001U Saç Kurutma Makinesi Döner Saç Şekillendirme Fırçası Seti Peach Pearl,DSP 50001U Saç Kurutma Makinesi Döner Saç Şekillendirme Fırçası Seti Peach Pearl. Güç: 1200 W; Voltaj: 220 - 240 V; Motor Tipi: DC; Hız Ayarı: 2 Kademeli; Güç Kablosu: 360° dönebilen kablo.,in stock,new,,https://wa.me/905447217289?text=Merhaba%2C%20DSP%2050001U%20Sa%C3%A7%20Kurutma%20Makinesi%20D%C3%B6ner%20Sa%C3%A7%20%C5%9Eekillendirme%20F%C4%B1r%C3%A7as%C4%B1%20Seti%20Peach%20Pearl%20%C3%BCr%C3%BCn%C3%BC%20hakk%C4%B1nda%20bilgi%20almak%20istiyorum.,https://raw.githubusercontent.com/youlchu/fazilet/catalog-assets/products/dsp-50001u-peach-pearl/product_hero.png,DSP,,,,,,,,,,,,,,,,,,,,Saç ve Sakal Bakımı,DSP,
dsp-70569,DSP 70569 IPL Hair Removal,DSP 70569 IPL Hair Removal. Flaş Kapasitesi: 999.999 flaş; Intensity Levels: 10 levels; Modes: Manual & Automatic + Continuous flash; Light Output Area: 4 cm²; Wavelength: 640–1200 nm.,in stock,new,,https://wa.me/905447217289?text=Merhaba%2C%20DSP%2070569%20IPL%20Hair%20Removal%20%C3%BCr%C3%BCn%C3%BC%20hakk%C4%B1nda%20bilgi%20almak%20istiyorum.,https://raw.githubusercontent.com/youlchu/fazilet/catalog-assets/products/dsp-70569/product_hero.png,DSP,,,,,,,,,,,,,,,,,,,,Epilasyon ve Masaj,DSP,
dsp-kd2047u,DSP KD2047U Steam Spot Cleaner 3in1,DSP KD2047U Steam Spot Cleaner 3in1. Power: 1700W; Suction Power: 12KPa; Rotating Speed: 38000RPM; Clean Water Tank: 1.6L; Waste Water Tank: 950ml.,in stock,new,,https://wa.me/905447217289?text=Merhaba%2C%20DSP%20KD2047U%20Steam%20Spot%20Cleaner%203in1%20%C3%BCr%C3%BCn%C3%BC%20hakk%C4%B1nda%20bilgi%20almak%20istiyorum.,https://raw.githubusercontent.com/youlchu/fazilet/catalog-assets/products/dsp-kd2047u/product_hero.png,DSP,,,,,,,,,,,,,,,,,,,,Buharlı Temizlik ve Yıkama Makineleri,DSP,
dsp-skin-spa-your-deluxe-set-shaver-epilator,dsp SKIN SPA Your DELUXE set Shaver & Epilator,"dsp SKIN SPA Your DELUXE set Shaver & Epilator. Epilasyon ve Masaj kategorisinde, sıfır ve satışa hazır ürün.",in stock,new,,https://wa.me/905447217289?text=Merhaba%2C%20dsp%20SKIN%20SPA%20Your%20DELUXE%20set%20Shaver%20%26%20Epilator%20%C3%BCr%C3%BCn%C3%BC%20hakk%C4%B1nda%20bilgi%20almak%20istiyorum.,https://raw.githubusercontent.com/youlchu/fazilet/catalog-assets/products/dsp-skin-spa-your-deluxe-set-shaver-epilator/product_hero.png,dsp,,,,,,,,,,,,,,,,,,,,Epilasyon ve Masaj,dsp,
evia-ea-4603,Evia EA-4603 Holiday Seyahat Ütüsü,Evia EA-4603 Holiday Seyahat Ütüsü. Taban Tipi: Nanoseramik gold kaygan seramik taban; Şok Buhar: 45 g; Sürekli Buhar: 12 g; Su Haznesi: 60 ml transparan su tankı; Tasarım Özelliği: Katlanabilir tutma sapı ve dikey ütüleme desteği.,in stock,new,,https://wa.me/905447217289?text=Merhaba%2C%20Evia%20EA-4603%20Holiday%20Seyahat%20%C3%9Ct%C3%BCs%C3%BC%20%C3%BCr%C3%BCn%C3%BC%20hakk%C4%B1nda%20bilgi%20almak%20istiyorum.,https://raw.githubusercontent.com/youlchu/fazilet/catalog-assets/products/evia-ea-4603/product_hero.png,Evia,,,,,,,,,,,,,,,,,,,,Ütüler,Evia,
evimsaray-dora,evimsaray Dora 7 Parça Set,"evimsaray Dora 7 Parça Set. Set İçeriği: 20 cm derin tencere, 24 cm derin tencere, 26 cm basık tencere, 26 cm tava ve 3 cam kapak (toplam 7 parça); İç ve Dış Kaplama: 3 kat Ultra Granit yanmaz yapışmaz kaplama; Gövde Yapısı: Alüminyum diskten presleme ezme gövde; Kulp ve Tepe Detayı: Altın kaplama çelik kulplar ve kapak tepeleri; Kapak Özelliği: Pyrex kırılmaya dayanıklı cam kapaklar.",in stock,new,,https://wa.me/905447217289?text=Merhaba%2C%20evimsaray%20Dora%207%20Par%C3%A7a%20Set%20%C3%BCr%C3%BCn%C3%BC%20hakk%C4%B1nda%20bilgi%20almak%20istiyorum.,https://raw.githubusercontent.com/youlchu/fazilet/catalog-assets/products/evimsaray-dora/product_hero.png,evimsaray,,,,,,,,,,,,,,,,,,,,"Tencere, Çaydanlık ve Sofra",evimsaray,
fakir-be6020-3200-w,Fakir BE6020 INTENSE 3200 W,"Fakir BE6020 INTENSE 3200 W. Güç: 3200 W; Su Tankı Kapasitesi: 450 ml; Buhar Çıkışı: 25-35 g/dk; Kablo: 1,9 m (360° Dönebilir); Dikey Buhar Çıkışı: Var.",in stock,new,,https://wa.me/905447217289?text=Merhaba%2C%20Fakir%20BE6020%20INTENSE%203200%20W%20%C3%BCr%C3%BCn%C3%BC%20hakk%C4%B1nda%20bilgi%20almak%20istiyorum.,https://raw.githubusercontent.com/youlchu/fazilet/catalog-assets/products/fakir-be6020-3200-w/product_hero.png,Fakir,,,,,,,,,,,,,,,,,,,,Ütüler,Fakir,
fakir-bl-3048,Fakir BL 3048 COOPER,"Fakir BL 3048 COOPER. Motor Gücü: 800 Watt; Vakum Kontrolü: Elektronik olarak ayarlanabilen vakum gücü; Filtreleme Sistemi: HEPA filtre, siklon ve kaset filtreleme sistemleri; Taşıma Kolu: Ergonomik taşıma kolu.",in stock,new,,https://wa.me/905447217289?text=Merhaba%2C%20Fakir%20BL%203048%20COOPER%20%C3%BCr%C3%BCn%C3%BC%20hakk%C4%B1nda%20bilgi%20almak%20istiyorum.,https://raw.githubusercontent.com/youlchu/fazilet/catalog-assets/products/fakir-bl-3048/product_hero.png,Fakir,,,,,,,,,,,,,,,,,,,,Süpürgeler,Fakir,
fakir-kaave-mono,Fakir Kaave Mono Kaave Mono Türk Kahvesi Makinesi,Fakir Kaave Mono Kaave Mono Türk Kahvesi Makinesi. Kapasite: 4 fincan; Su Seviye Göstergesi: Var (Su seviye göstergeli hazne); Güç: 535 W; Taşma Emniyeti: Var; Sesli İkaz: Var.,in stock,new,,https://wa.me/905447217289?text=Merhaba%2C%20Fakir%20Kaave%20Mono%20Kaave%20Mono%20T%C3%BCrk%20Kahvesi%20Makinesi%20%C3%BCr%C3%BCn%C3%BC%20hakk%C4%B1nda%20bilgi%20almak%20istiyorum.,https://raw.githubusercontent.com/youlchu/fazilet/catalog-assets/products/fakir-kaave-mono/product_hero.png,Fakir,,,,,,,,,,,,,,,,,,,,"Çay, Kahve ve Su Isıtıcıları",Fakir,
fakir-lucid-elektronik,Fakir Lucid Elektronik Bagless Vacuum Cleaner,Fakir Lucid Elektronik Bagless Vacuum Cleaner. Motor Gücü: 900 W; Toz Haznesi Kapasitesi: 2.5 L; Filtreleme: EPA 11 filtre; Teknoloji: Cyclone teknolojisi; Kablo Uzunluğu: 5 m kablo ve otomatik kablo sarıcı.,in stock,new,,https://wa.me/905447217289?text=Merhaba%2C%20Fakir%20Lucid%20Elektronik%20Bagless%20Vacuum%20Cleaner%20%C3%BCr%C3%BCn%C3%BC%20hakk%C4%B1nda%20bilgi%20almak%20istiyorum.,https://raw.githubusercontent.com/youlchu/fazilet/catalog-assets/products/fakir-lucid-elektronik/product_hero.png,Fakir,,,,,,,,,,,,,,,,,,,,Süpürgeler,Fakir,
fakir-mercy-2200-w,Fakir Mercy Steam iron 2200 W,Fakir Mercy Steam iron 2200 W. Güç: 2200 W; Taban Türü: Seramik; Şok Buhar Oranı: 130 g; Sürekli Buhar Çıkışı: 25 g/dk; Su Tankı Kapasitesi: 350 ml.,in stock,new,,https://wa.me/905447217289?text=Merhaba%2C%20Fakir%20Mercy%20Steam%20iron%202200%20W%20%C3%BCr%C3%BCn%C3%BC%20hakk%C4%B1nda%20bilgi%20almak%20istiyorum.,https://raw.githubusercontent.com/youlchu/fazilet/catalog-assets/products/fakir-mercy-2200-w/product_hero.png,Fakir,,,,,,,,,,,,,,,,,,,,Ütüler,Fakir,
fakir-mr-chef-quadro-1000-w,Fakir MR CHEF QUADRO Stabmixer Set / Blender Set 1000 W,"Fakir MR CHEF QUADRO Stabmixer Set / Blender Set 1000 W. Motor Gücü: 1000 W; Hız Kademesi: 2 kademeli hız ve turbo fonksiyonu; Temizlik: Bulaşık makinesinde yıkanabilir parçalar; Doğrayıcı Hazne Kapasitesi: 1,5 litre; Ölçü Kabı Kapasitesi: 900 ml.",in stock,new,,https://wa.me/905447217289?text=Merhaba%2C%20Fakir%20MR%20CHEF%20QUADRO%20Stabmixer%20Set%20/%20Blender%20Set%201000%20W%20%C3%BCr%C3%BCn%C3%BC%20hakk%C4%B1nda%20bilgi%20almak%20istiyorum.,https://raw.githubusercontent.com/youlchu/fazilet/catalog-assets/products/fakir-mr-chef-quadro-1000-w/product_hero.png,Fakir,,,,,,,,,,,,,,,,,,,,Blender ve Mutfak Hazırlık,Fakir,
fakir-pixie,Fakir Pixie Hair Styling Set,Fakir Pixie Hair Styling Set. Güç: 62 W; Maksimum Sıcaklık: 200°C; Kaplama Tipi: Seramik turmalin kaplı plaka ve maşalar; Kablo: 360° dönebilen asma halkalı güç kablosu; Şekillendirme Başlıkları: 5 farklı saç şekillendirme başlığı.,in stock,new,,https://wa.me/905447217289?text=Merhaba%2C%20Fakir%20Pixie%20Hair%20Styling%20Set%20%C3%BCr%C3%BCn%C3%BC%20hakk%C4%B1nda%20bilgi%20almak%20istiyorum.,https://raw.githubusercontent.com/youlchu/fazilet/catalog-assets/products/fakir-pixie/product_hero.png,Fakir,,,,,,,,,,,,,,,,,,,,Saç ve Sakal Bakımı,Fakir,
fakir-poly,Fakir POLY Haar Styling Sets 5 in 1,"Fakir POLY Haar Styling Sets 5 in 1. Maksimum Sıcaklık: 200 °C'ye kadar hızlı ısınma; Güç: Maksimum 40 W; Kaplama: Seramik turmalin kaplı plaka ve maşalar; Şekillendirme Başlıkları: 2'si 1 arada zigzag/düzleştirici plaka, 19 mm ve 25 mm saç maşası, dalga formlu oval maşa; Kablo: 360° dönebilen asma halkalı güç kablosu.",in stock,new,,https://wa.me/905447217289?text=Merhaba%2C%20Fakir%20POLY%20Haar%20Styling%20Sets%205%20in%201%20%C3%BCr%C3%BCn%C3%BC%20hakk%C4%B1nda%20bilgi%20almak%20istiyorum.,https://raw.githubusercontent.com/youlchu/fazilet/catalog-assets/products/fakir-poly/product_hero.png,Fakir,,,,,,,,,,,,,,,,,,,,Saç ve Sakal Bakımı,Fakir,
fakir-spring,Fakir Spring Buharlı Ütü,Fakir Spring Buharlı Ütü. Güç: 2600 W; Su haznesi kapasitesi: 330 ml; Taban türü: Seramik taban; Damlatma önleme özelliği: Var; Kireç önleme özelliği: Var.,in stock,new,,https://wa.me/905447217289?text=Merhaba%2C%20Fakir%20Spring%20Buharl%C4%B1%20%C3%9Ct%C3%BC%20%C3%BCr%C3%BCn%C3%BC%20hakk%C4%B1nda%20bilgi%20almak%20istiyorum.,https://raw.githubusercontent.com/youlchu/fazilet/catalog-assets/products/fakir-spring/product_hero.png,Fakir,,,,,,,,,,,,,,,,,,,,Ütüler,Fakir,
falez-rapid-8-lt,Falez RAPID Falez RAPID 8 LT düdüklü tencere 8 LT,"Falez RAPID Falez RAPID 8 LT düdüklü tencere 8 LT. Gövde Malzemesi: 18/10 krom-nikel paslanmaz çelik; Basınç Kademesi: İki kademeli basınç ayarı; Emniyet Sistemi: Çift emniyet supabı; Kulp: Ergonomik, ısıya dayanıklı bakalit kulplar; Taban Özelliği: Homojen pişirme sağlayan çok katmanlı taban.",in stock,new,,https://wa.me/905447217289?text=Merhaba%2C%20Falez%20RAPID%20Falez%20RAPID%208%20LT%20d%C3%BCd%C3%BCkl%C3%BC%20tencere%208%20LT%20%C3%BCr%C3%BCn%C3%BC%20hakk%C4%B1nda%20bilgi%20almak%20istiyorum.,https://raw.githubusercontent.com/youlchu/fazilet/catalog-assets/products/falez-rapid-8-lt/product_hero.png,Falez,,,,,,,,,,,,,,,,,,,,"Tencere, Çaydanlık ve Sofra",Falez,
falez-serafit,Falez Serafit 7 Parça Set,"Falez Serafit 7 Parça Set. Malzeme: Granit seramik kaplama; Set İçeriği: 18 cm derin tencere + kapak, 22 cm derin tencere + kapak, 26 cm karnıyarık tencere + kapak, 26 cm tava; Sağlık Standardı: PFOA içermez; Kapak: Isıya dayanıklı cam kapak; Kulp: Isıya dayanıklı ergonomik kulplar.",in stock,new,,https://wa.me/905447217289?text=Merhaba%2C%20Falez%20Serafit%207%20Par%C3%A7a%20Set%20%C3%BCr%C3%BCn%C3%BC%20hakk%C4%B1nda%20bilgi%20almak%20istiyorum.,https://raw.githubusercontent.com/youlchu/fazilet/catalog-assets/products/falez-serafit/product_hero.png,Falez,,,,,,,,,,,,,,,,,,,,"Tencere, Çaydanlık ve Sofra",Falez,
falez-serafit-24-cm,Falez Serafit Karnıyarık Ø 24 cm,Falez Serafit Karnıyarık Ø 24 cm. Çap: 24 cm; Kaplama: PFOA içermeyen yapışmaz granit-seramik kaplama; Kapak: Isıya dayanıklı cam kapak; Kulp: Ergonomik ve ısıya dayanıklı kulplar; Temizlik: Bulaşık makinesinde yıkanabilir.,in stock,new,,https://wa.me/905447217289?text=Merhaba%2C%20Falez%20Serafit%20Karn%C4%B1yar%C4%B1k%20%C3%98%2024%20cm%20%C3%BCr%C3%BCn%C3%BC%20hakk%C4%B1nda%20bilgi%20almak%20istiyorum.,https://raw.githubusercontent.com/youlchu/fazilet/catalog-assets/products/falez-serafit-24-cm/product_hero.png,Falez,,,,,,,,,,,,,,,,,,,,"Tencere, Çaydanlık ve Sofra",Falez,
fantom-dc-3000,Fantom DC 3000 Çekici DC 3000,Fantom DC 3000 Çekici DC 3000. Motor Gücü: 850 W; Toz Kapasitesi: 5 Lt.; Filtreleme: 3 Aşamalı Filtreleme Sistemi; Kablo Sarma: Otomatik; Kablo Uzunluğu: 5 m.,in stock,new,,https://wa.me/905447217289?text=Merhaba%2C%20Fantom%20DC%203000%20%C3%87ekici%20DC%203000%20%C3%BCr%C3%BCn%C3%BC%20hakk%C4%B1nda%20bilgi%20almak%20istiyorum.,https://raw.githubusercontent.com/youlchu/fazilet/catalog-assets/products/fantom-dc-3000/product_hero.png,Fantom,,,,,,,,,,,,,,,,,,,,Süpürgeler,Fantom,
fantom-p-1250,Fantom P 1250 Pratic Air Power,Fantom P 1250 Pratic Air Power. Motor Gücü: 500 W; Toz Haznesi Kapasitesi: 1 L; Kullanım Tipi: Toz torbasız; Süpürücü Başlık: Turbo başlık; Stant: Ayaklı stant.,in stock,new,,https://wa.me/905447217289?text=Merhaba%2C%20Fantom%20P%201250%20Pratic%20Air%20Power%20%C3%BCr%C3%BCn%C3%BC%20hakk%C4%B1nda%20bilgi%20almak%20istiyorum.,https://raw.githubusercontent.com/youlchu/fazilet/catalog-assets/products/fantom-p-1250/product_hero.png,Fantom,,,,,,,,,,,,,,,,,,,,Süpürgeler,Fantom,
farg-lunivia-fg-1215,Farg Lunivia FG-1215 IPL Lazer Epilasyon Cihazı,Farg Lunivia FG-1215 IPL Lazer Epilasyon Cihazı. Atım Sayısı: 999.999 atış; Kullanım Tipi: Kablosuz şarjlı; Kademe Ayarı: 9 kademe; Soğutma Özelliği: Buz başlıklı soğutma etkisi.,in stock,new,,https://wa.me/905447217289?text=Merhaba%2C%20Farg%20Lunivia%20FG-1215%20IPL%20Lazer%20Epilasyon%20Cihaz%C4%B1%20%C3%BCr%C3%BCn%C3%BC%20hakk%C4%B1nda%20bilgi%20almak%20istiyorum.,https://raw.githubusercontent.com/youlchu/fazilet/catalog-assets/products/farg-lunivia-fg-1215/product_hero.png,Farg,,,,,,,,,,,,,,,,,,,,Epilasyon ve Masaj,Farg,
farg-pro-clean-epa-1609,farg Pro Clean Epa-1609 Buharlı Temizlik Makinesi,farg Pro Clean Epa-1609 Buharlı Temizlik Makinesi. Güç: 2000 W; Çalışma Basıncı: 2–5 bar; Buhar Tankı Kapasitesi: 2 L (Önerilen: 1.8 L); Isınma Süresi: Yaklaşık 8 dakika; Kesintisiz Buhar Süresi: 35 dakika.,in stock,new,,https://wa.me/905447217289?text=Merhaba%2C%20farg%20Pro%20Clean%20Epa-1609%20Buharl%C4%B1%20Temizlik%20Makinesi%20%C3%BCr%C3%BCn%C3%BC%20hakk%C4%B1nda%20bilgi%20almak%20istiyorum.,https://raw.githubusercontent.com/youlchu/fazilet/catalog-assets/products/farg-pro-clean-epa-1609/product_hero.png,farg,,,,,,,,,,,,,,,,,,,,Buharlı Temizlik ve Yıkama Makineleri,farg,
fiesta-home-rita-tek-kisilik,FIESTA home RİTA Nevresim Takımı / Duvet Set Tek Kişilik / Single,FIESTA home RİTA Nevresim Takımı / Duvet Set Tek Kişilik / Single. Nevresim: 160 x 220 cm; Yatak Çarşafı: 160 x 240 cm; Volanlı Yastık Kılıfı: 1 adet 50 x 70 cm; Üretim: Türkiye.,in stock,new,,https://wa.me/905447217289?text=Merhaba%2C%20FIESTA%20home%20R%C4%B0TA%20Nevresim%20Tak%C4%B1m%C4%B1%20/%20Duvet%20Set%20Tek%20Ki%C5%9Filik%20/%20Single%20%C3%BCr%C3%BCn%C3%BC%20hakk%C4%B1nda%20bilgi%20almak%20istiyorum.,https://raw.githubusercontent.com/youlchu/fazilet/catalog-assets/products/fiesta-home-rita-tek-kisilik/product_hero.png,FIESTA home,,,,,,,,,,,,,,,,,,,,Ev Tekstili,FIESTA home,
goldmaster-buharli-utu,Goldmaster Buharlı Ütü,"Goldmaster Buharlı Ütü. Ütüler kategorisinde, sıfır ve satışa hazır ürün.",in stock,new,,https://wa.me/905447217289?text=Merhaba%2C%20Goldmaster%20Buharl%C4%B1%20%C3%9Ct%C3%BC%20%C3%BCr%C3%BCn%C3%BC%20hakk%C4%B1nda%20bilgi%20almak%20istiyorum.,https://raw.githubusercontent.com/youlchu/fazilet/catalog-assets/products/goldmaster-buharli-utu/product_hero.png,Goldmaster,,,,,,,,,,,,,,,,,,,,Ütüler,Goldmaster,
goldmaster-by-5315-kirmizi,Goldmaster BY-5315 Dem Çay Makinesi Kırmızı,Goldmaster BY-5315 Dem Çay Makinesi Kırmızı. Güç: 2200 W; Demlik Malzemesi: Cam; Demlik Kapasitesi: 1.0 lt; Su Isıtıcı Kapasitesi: 2.0 lt; 360 Derece Döner Taban: Var.,in stock,new,,https://wa.me/905447217289?text=Merhaba%2C%20Goldmaster%20BY-5315%20Dem%20%C3%87ay%20Makinesi%20K%C4%B1rm%C4%B1z%C4%B1%20%C3%BCr%C3%BCn%C3%BC%20hakk%C4%B1nda%20bilgi%20almak%20istiyorum.,https://raw.githubusercontent.com/youlchu/fazilet/catalog-assets/products/goldmaster-by-5315-kirmizi/product_hero.png,Goldmaster,,,,,,,,,,,,,,,,,,,,"Çay, Kahve ve Su Isıtıcıları",Goldmaster,
goldmaster-by-5506k-kirmizi,Goldmaster BY-5506K Goldmaster Fuerza BY-5506K Elektrikli Süpürge Kırmızı,Goldmaster BY-5506K Goldmaster Fuerza BY-5506K Elektrikli Süpürge Kırmızı. Motor Gücü: 900 W; Toz Torbası Kapasitesi: 4 L; Kablo Uzunluğu: 5 m; Kablo Sarma: Otomatik kablo sarma özelliği; Park Pozisyonu: Yatay ve dikey park imkanı.,in stock,new,,https://wa.me/905447217289?text=Merhaba%2C%20Goldmaster%20BY-5506K%20Goldmaster%20Fuerza%20BY-5506K%20Elektrikli%20S%C3%BCp%C3%BCrge%20K%C4%B1rm%C4%B1z%C4%B1%20%C3%BCr%C3%BCn%C3%BC%20hakk%C4%B1nda%20bilgi%20almak%20istiyorum.,https://raw.githubusercontent.com/youlchu/fazilet/catalog-assets/products/goldmaster-by-5506k-kirmizi/product_hero.png,Goldmaster,,,,,,,,,,,,,,,,,,,,Süpürgeler,Goldmaster,
goldmaster-gm-7171,Goldmaster GM-7171 Filinta 9 in 1 Erkek Bakım Seti,"Goldmaster GM-7171 Filinta 9 in 1 Erkek Bakım Seti. Kullanım Türü: Kablolu ve kablosuz kullanım; Şarj Süresi: 2 saatte hızlı şarj; Kullanım Süresi: 120 dakika; Gösterge: Şarj gösterge ışığı; Başlıklar: Saç kesme, sakal kesme, burun kulak kılı alma ve mikro tıraş başlığı.",in stock,new,,https://wa.me/905447217289?text=Merhaba%2C%20Goldmaster%20GM-7171%20Filinta%209%20in%201%20Erkek%20Bak%C4%B1m%20Seti%20%C3%BCr%C3%BCn%C3%BC%20hakk%C4%B1nda%20bilgi%20almak%20istiyorum.,https://raw.githubusercontent.com/youlchu/fazilet/catalog-assets/products/goldmaster-gm-7171/product_hero.png,Goldmaster,,,,,,,,,,,,,,,,,,,,Saç ve Sakal Bakımı,Goldmaster,
goldmaster-gm-7240,GOLDMASTER GM-7240 Yasemin Blender Seti,"GOLDMASTER GM-7240 Yasemin Blender Seti. Motor Gücü: 1000 W (%100 bakır motor); Fonksiyonlar: 3'ü 1 arada doğrama, karıştırma ve blender; İşlem Haznesi: 0,8 lt; Hız Ayarı: Normal ve Turbo hız seçenekleri; Aparat Malzemesi: Paslanmaz çelik mikser ve blender aparatı.",in stock,new,,https://wa.me/905447217289?text=Merhaba%2C%20GOLDMASTER%20GM-7240%20Yasemin%20Blender%20Seti%20%C3%BCr%C3%BCn%C3%BC%20hakk%C4%B1nda%20bilgi%20almak%20istiyorum.,https://raw.githubusercontent.com/youlchu/fazilet/catalog-assets/products/goldmaster-gm-7240/product_hero.png,GOLDMASTER,,,,,,,,,,,,,,,,,,,,Blender ve Mutfak Hazırlık,GOLDMASTER,
goldmaster-gm-7260g-rose-gold,Goldmaster GM-7260G Şef Prof. Stand Mikser Rose Gold,"Goldmaster GM-7260G Şef Prof. Stand Mikser Rose Gold. Güç: 1300 W; Hazne Kapasitesi: 5.5 L; Hazne Malzemesi: Paslanmaz çelik tutma saplı hazne; Hız Ayarı: 10 kademeli ve darbeli hız ayar butonu; Aparat ve Fonksiyonlar: Çırpma, karıştırma ve hamur yoğurma aparatları ile 3 farklı fonksiyon.",in stock,new,,https://wa.me/905447217289?text=Merhaba%2C%20Goldmaster%20GM-7260G%20%C5%9Eef%20Prof.%20Stand%20Mikser%20Rose%20Gold%20%C3%BCr%C3%BCn%C3%BC%20hakk%C4%B1nda%20bilgi%20almak%20istiyorum.,https://raw.githubusercontent.com/youlchu/fazilet/catalog-assets/products/goldmaster-gm-7260g-rose-gold/product_hero.png,Goldmaster,,,,,,,,,,,,,,,,,,,,Blender ve Mutfak Hazırlık,Goldmaster,
goldmaster-gm-7321-papatya,Goldmaster GM-7321 Papatya Çay Makinesi,Goldmaster GM-7321 Papatya Çay Makinesi. Güç: 2200 W; Su Isıtıcı Kapasitesi: 1.7 L; Demlik Kapasitesi: 1 L; Demlik Malzemesi: Cam; Otomatik Kapanma: Var.,in stock,new,,https://wa.me/905447217289?text=Merhaba%2C%20Goldmaster%20GM-7321%20Papatya%20%C3%87ay%20Makinesi%20%C3%BCr%C3%BCn%C3%BC%20hakk%C4%B1nda%20bilgi%20almak%20istiyorum.,https://raw.githubusercontent.com/youlchu/fazilet/catalog-assets/products/goldmaster-gm-7321-papatya/product_hero.png,Goldmaster,,,,,,,,,,,,,,,,,,,,"Çay, Kahve ve Su Isıtıcıları",Goldmaster,
goldmaster-gm-7477,Goldmaster GM-7477 Vital Air Fryer,Goldmaster GM-7477 Vital Air Fryer. Kapasite: 3.8 L; Zamanlayıcı: 60 dakikaya kadar; Otomatik Programlar: 8 hazır program; Sıcaklık Ayarı: 200 dereceye kadar; Hava Sirkülasyonu: Dinamik hava akımı teknolojisi.,in stock,new,,https://wa.me/905447217289?text=Merhaba%2C%20Goldmaster%20GM-7477%20Vital%20Air%20Fryer%20%C3%BCr%C3%BCn%C3%BC%20hakk%C4%B1nda%20bilgi%20almak%20istiyorum.,https://raw.githubusercontent.com/youlchu/fazilet/catalog-assets/products/goldmaster-gm-7477/product_hero.png,Goldmaster,,,,,,,,,,,,,,,,,,,,"Fırın, Airfryer ve Izgaralar",Goldmaster,
goldmaster-gm-7478-siyah,Goldmaster GM-7478 Porto Airfryer Siyah,"Goldmaster GM-7478 Porto Airfryer Siyah. Güç: 1500 W; Kapasite: 4.5 L dış hazne, 4 L pişirme sepeti; Sıcaklık Ayarı: 40 - 200 °C; Zamanlayıcı: 60 dakika; Program Sayısı: 10 ön ayarlı program.",in stock,new,,https://wa.me/905447217289?text=Merhaba%2C%20Goldmaster%20GM-7478%20Porto%20Airfryer%20Siyah%20%C3%BCr%C3%BCn%C3%BC%20hakk%C4%B1nda%20bilgi%20almak%20istiyorum.,https://raw.githubusercontent.com/youlchu/fazilet/catalog-assets/products/goldmaster-gm-7478-siyah/product_hero.png,Goldmaster,,,,,,,,,,,,,,,,,,,,"Fırın, Airfryer ve Izgaralar",Goldmaster,
goldmaster-gm-8184,Goldmaster GM-8184 FENOMEN 9in1 Erkek Bakım Seti,Goldmaster GM-8184 FENOMEN 9in1 Erkek Bakım Seti. Kullanım Süresi: 120 dakikaya kadar kesintisiz kullanım; Kullanım Tipi: Kablolu ve kablosuz kullanım; Bıçak Özelliği: Paslanmaz çelik bıçak; Şarj Süresi: 120 dakika şarj süresi; Şarj Bağlantısı: USB ile şarj edilebilme.,in stock,new,,https://wa.me/905447217289?text=Merhaba%2C%20Goldmaster%20GM-8184%20FENOMEN%209in1%20Erkek%20Bak%C4%B1m%20Seti%20%C3%BCr%C3%BCn%C3%BC%20hakk%C4%B1nda%20bilgi%20almak%20istiyorum.,https://raw.githubusercontent.com/youlchu/fazilet/catalog-assets/products/goldmaster-gm-8184/product_hero.png,Goldmaster,,,,,,,,,,,,,,,,,,,,Saç ve Sakal Bakımı,Goldmaster,
goldmaster-in-6101,Goldmaster IN-6101 MINICARE Personal Grooming Set,Goldmaster IN-6101 MINICARE Personal Grooming Set. Güç Kaynağı: 1 adet AA tipi pil ile çalışma; Düzeltme Başlığı: Favori düzeltme başlığı; Aksesuarlar: Koruyucu kapak ve temizleme fırçası; Kullanım Alanı: Burun ve kulak tüylerini almak için özel başlık; Tarak Yapısı: Farklı uzunluklarda kesim için ayarlanabilir tarak.,in stock,new,,https://wa.me/905447217289?text=Merhaba%2C%20Goldmaster%20IN-6101%20MINICARE%20Personal%20Grooming%20Set%20%C3%BCr%C3%BCn%C3%BC%20hakk%C4%B1nda%20bilgi%20almak%20istiyorum.,https://raw.githubusercontent.com/youlchu/fazilet/catalog-assets/products/goldmaster-in-6101/product_hero.png,Goldmaster,,,,,,,,,,,,,,,,,,,,Saç ve Sakal Bakımı,Goldmaster,
grundig-mgk-6841,GRUNDIG MGK 6841 Multihaarschneideset mit Ladestation,GRUNDIG MGK 6841 Multihaarschneideset mit Ladestation. Klingenmaterial: Keramik; Betriebszeit: 50 min; Wet & Dry Anwendung: Nein.,in stock,new,,https://wa.me/905447217289?text=Merhaba%2C%20GRUNDIG%20MGK%206841%20Multihaarschneideset%20mit%20Ladestation%20%C3%BCr%C3%BCn%C3%BC%20hakk%C4%B1nda%20bilgi%20almak%20istiyorum.,https://raw.githubusercontent.com/youlchu/fazilet/catalog-assets/products/grundig-mgk-6841/product_hero.png,GRUNDIG,,,,,,,,,,,,,,,,,,,,Saç ve Sakal Bakımı,GRUNDIG,
gulsan-cakir-cam-kapak-6-parca,Gülsan Çakır Güveç Set Cam Kapak 6 Parça,"Gülsan Çakır Güveç Set Cam Kapak 6 Parça. Set İçeriği: 14 cm, 16 cm ve 18 cm derin tencere ve kapakları; Malzeme: 18-10 Cr-Ni paslanmaz çelik; Kapak Tipi: Şeffaf cam kapak; Taban Özelliği: Isıyı muhafaza eden süper kapsül taban; Ocak Uyumluluğu: Elektrikli, gazlı, halojen veya seramik ocaklarda kullanıma uygun.",in stock,new,,https://wa.me/905447217289?text=Merhaba%2C%20G%C3%BClsan%20%C3%87ak%C4%B1r%20G%C3%BCve%C3%A7%20Set%20Cam%20Kapak%206%20Par%C3%A7a%20%C3%BCr%C3%BCn%C3%BC%20hakk%C4%B1nda%20bilgi%20almak%20istiyorum.,https://raw.githubusercontent.com/youlchu/fazilet/catalog-assets/products/gulsan-cakir-cam-kapak-6-parca/product_hero.png,Gülsan,,,,,,,,,,,,,,,,,,,,"Tencere, Çaydanlık ve Sofra",Gülsan,
gulsan-sahin-10-parca,Gülsan Şahin Paslanmaz Çelik Tencere Seti 10 Parça,"Gülsan Şahin Paslanmaz Çelik Tencere Seti 10 Parça. Gövde Malzemesi: 304 | 18-10 Cr-Ni paslanmaz çelik; Taban Özelliği: Isıyı muhafaza eden süper kapsül taban; Ocak Uyumluluğu: Elektrikli, gazlı, halojen ve seramik ocaklarda kullanıma uygun; Kulp Özelliği: Isıya dayanıklı ergonomik kulplar; Set İçeriği: 18 cm derin tencere, 20 cm derin tencere, 22 cm derin tencere, 24 cm derin tencere ve 24 cm basık tencere (çelik kapaklı).",in stock,new,,https://wa.me/905447217289?text=Merhaba%2C%20G%C3%BClsan%20%C5%9Eahin%20Paslanmaz%20%C3%87elik%20Tencere%20Seti%2010%20Par%C3%A7a%20%C3%BCr%C3%BCn%C3%BC%20hakk%C4%B1nda%20bilgi%20almak%20istiyorum.,https://raw.githubusercontent.com/youlchu/fazilet/catalog-assets/products/gulsan-sahin-10-parca/product_hero.png,Gülsan,,,,,,,,,,,,,,,,,,,,"Tencere, Çaydanlık ve Sofra",Gülsan,
homenist-3000w-duvar-tipi-infrared-isitici,Homenist 3000 W Duvar Tipi Infrared Isıtıcı,"Homenist 3000 W Duvar Tipi Infrared Isıtıcı. İklimlendirme ve Isıtma kategorisinde, sıfır ve satışa hazır ürün.",in stock,new,,https://wa.me/905447217289?text=Merhaba%2C%20Homenist%203000%20W%20Duvar%20Tipi%20Infrared%20Is%C4%B1t%C4%B1c%C4%B1%20%C3%BCr%C3%BCn%C3%BC%20hakk%C4%B1nda%20bilgi%20almak%20istiyorum.,https://raw.githubusercontent.com/youlchu/fazilet/catalog-assets/products/homenist-3000w-duvar-tipi-infrared-isitici/product_hero.png,Homenist,,,,,,,,,,,,,,,,,,,,İklimlendirme ve Isıtma,Homenist,
inova-expert-inox-siyah,iNOVA EXPERT+ Çay Makinesi Inox/Siyah,"iNOVA EXPERT+ Çay Makinesi Inox/Siyah. Su Isıtıcı Kapasitesi: 1,8 Lt; Demlik Kapasitesi: 1,2 Lt; Gövde Malzemesi: 304 Paslanmaz Çelik; Süzgeç: Paslanmaz Çelik; Otomatik Kapanma Sistemi: Var.",in stock,new,,https://wa.me/905447217289?text=Merhaba%2C%20iNOVA%20EXPERT%2B%20%C3%87ay%20Makinesi%20Inox/Siyah%20%C3%BCr%C3%BCn%C3%BC%20hakk%C4%B1nda%20bilgi%20almak%20istiyorum.,https://raw.githubusercontent.com/youlchu/fazilet/catalog-assets/products/inova-expert-inox-siyah/product_hero.png,iNOVA,,,,,,,,,,,,,,,,,,,,"Çay, Kahve ve Su Isıtıcıları",iNOVA,
kahramanlar-brown-kare-tutku-24-parca,KAHRAMANLAR BROWN KARE Porselen Yemek Takımı Tutku 24 Parça,"KAHRAMANLAR BROWN KARE Porselen Yemek Takımı Tutku 24 Parça. Parça Sayısı: 24 Parça; Kişi Sayısı: 6 Kişilik; Set İçeriği: 6 adet yemek tabağı, 6 adet servis tabağı, 6 adet pasta tabağı, 6 adet kase; Ürün Kodu: 5603; Barkod: 8697418721744.",in stock,new,,https://wa.me/905447217289?text=Merhaba%2C%20KAHRAMANLAR%20BROWN%20KARE%20Porselen%20Yemek%20Tak%C4%B1m%C4%B1%20Tutku%2024%20Par%C3%A7a%20%C3%BCr%C3%BCn%C3%BC%20hakk%C4%B1nda%20bilgi%20almak%20istiyorum.,https://raw.githubusercontent.com/youlchu/fazilet/catalog-assets/products/kahramanlar-brown-kare-tutku-24-parca/product_hero.png,KAHRAMANLAR,,,,,,,,,,,,,,,,,,,,"Tencere, Çaydanlık ve Sofra",KAHRAMANLAR,
kahramanlar-elit-prime-8-parca,Kahramanlar Elit Prime Çelik Tencere Seti 8 Parça,Kahramanlar Elit Prime Çelik Tencere Seti 8 Parça. Malzeme: 18/10 Paslanmaz Çelik; Taban Kalınlığı: 8 mm; Ocak Uyumluluğu: Tüm ocak tipleri için uygun; Kapak Tipi: Hava almaz kapak; Kulp Özelliği: Ergonomik ve ısıya dayanıklı kulplar.,in stock,new,,https://wa.me/905447217289?text=Merhaba%2C%20Kahramanlar%20Elit%20Prime%20%C3%87elik%20Tencere%20Seti%208%20Par%C3%A7a%20%C3%BCr%C3%BCn%C3%BC%20hakk%C4%B1nda%20bilgi%20almak%20istiyorum.,https://raw.githubusercontent.com/youlchu/fazilet/catalog-assets/products/kahramanlar-elit-prime-8-parca/product_hero.png,Kahramanlar,,,,,,,,,,,,,,,,,,,,"Tencere, Çaydanlık ve Sofra",Kahramanlar,
kahramanlar-mokka-series-7-prc,KAHRAMANLAR MOKKA SERIES Tencere Seti 7 PRÇ,KAHRAMANLAR MOKKA SERIES Tencere Seti 7 PRÇ. Parça Sayısı: 7 Parça; Renk: Siyah; Ürün Türü: Granit Tencere Seti.,in stock,new,,https://wa.me/905447217289?text=Merhaba%2C%20KAHRAMANLAR%20MOKKA%20SERIES%20Tencere%20Seti%207%20PR%C3%87%20%C3%BCr%C3%BCn%C3%BC%20hakk%C4%B1nda%20bilgi%20almak%20istiyorum.,https://raw.githubusercontent.com/youlchu/fazilet/catalog-assets/products/kahramanlar-mokka-series-7-prc/product_hero.png,KAHRAMANLAR,,,,,,,,,,,,,,,,,,,,"Tencere, Çaydanlık ve Sofra",KAHRAMANLAR,
kahramanlar-sirma-10-parca,Kahramanlar Sırma Çelik Tencere Seti 10 Parça,Kahramanlar Sırma Çelik Tencere Seti 10 Parça. Materyal: 18/10 paslanmaz çelik; Taban Yapısı: Üç kat tripleks kapsül taban; Kapak: Kırılmaya karşı dayanıklı temperli cam kapak; Kulp ve Tepeler: Paslanmaz çelik; Ocak Uyumluluğu: İndüksiyon ocaklarda kullanıma uygun.,in stock,new,,https://wa.me/905447217289?text=Merhaba%2C%20Kahramanlar%20S%C4%B1rma%20%C3%87elik%20Tencere%20Seti%2010%20Par%C3%A7a%20%C3%BCr%C3%BCn%C3%BC%20hakk%C4%B1nda%20bilgi%20almak%20istiyorum.,https://raw.githubusercontent.com/youlchu/fazilet/catalog-assets/products/kahramanlar-sirma-10-parca/product_hero.png,Kahramanlar,,,,,,,,,,,,,,,,,,,,"Tencere, Çaydanlık ve Sofra",Kahramanlar,
kahramanlar-stone-28-cm,KAHRAMANLAR STONE BASIK TENCERE 28 CM,KAHRAMANLAR STONE BASIK TENCERE 28 CM. Ölçü: 28 cm; Tencere Tipi: Basık; Kapak Malzemesi: Cam; Sap Malzemesi: Metal; Materyal: Döküm.,in stock,new,,https://wa.me/905447217289?text=Merhaba%2C%20KAHRAMANLAR%20STONE%20BASIK%20TENCERE%2028%20CM%20%C3%BCr%C3%BCn%C3%BC%20hakk%C4%B1nda%20bilgi%20almak%20istiyorum.,https://raw.githubusercontent.com/youlchu/fazilet/catalog-assets/products/kahramanlar-stone-28-cm/product_hero.png,KAHRAMANLAR,,,,,,,,,,,,,,,,,,,,"Tencere, Çaydanlık ve Sofra",KAHRAMANLAR,
kahramanlar-yagmur-8-parca,Kahramanlar Yağmur Yağmur İndüksiyon Tabanlı 8 Parça Tencere Seti 8 Parça,Kahramanlar Yağmur Yağmur İndüksiyon Tabanlı 8 Parça Tencere Seti 8 Parça. Malzeme: 18/10 Paslanmaz Çelik; Taban Kalınlığı: 0.8 mm; Ocak Uyumu: Tüm ocak tipleri için uygun (İndüksiyon uyumlu); Kapak Tipi: Cam kapak; Kulp Özelliği: Ergonomik & ısıya dayanıklı kulplar.,in stock,new,,https://wa.me/905447217289?text=Merhaba%2C%20Kahramanlar%20Ya%C4%9Fmur%20Ya%C4%9Fmur%20%C4%B0nd%C3%BCksiyon%20Tabanl%C4%B1%208%20Par%C3%A7a%20Tencere%20Seti%208%20Par%C3%A7a%20%C3%BCr%C3%BCn%C3%BC%20hakk%C4%B1nda%20bilgi%20almak%20istiyorum.,https://raw.githubusercontent.com/youlchu/fazilet/catalog-assets/products/kahramanlar-yagmur-8-parca/product_hero.png,Kahramanlar,,,,,,,,,,,,,,,,,,,,"Tencere, Çaydanlık ve Sofra",Kahramanlar,
karcher-sc-2-deluxe,KÄRCHER SC 2 DELUXE Steam Cleaner,KÄRCHER SC 2 DELUXE Steam Cleaner. Isı çıkışı: 1500 W; Maksimum buhar basıncı: 3.2 bar; Kazan kapasitesi: 1 l; Isınma süresi: 6.5 dk; Kablo uzunluğu: 4 m.,in stock,new,,https://wa.me/905447217289?text=Merhaba%2C%20K%C3%84RCHER%20SC%202%20DELUXE%20Steam%20Cleaner%20%C3%BCr%C3%BCn%C3%BC%20hakk%C4%B1nda%20bilgi%20almak%20istiyorum.,https://raw.githubusercontent.com/youlchu/fazilet/catalog-assets/products/karcher-sc-2-deluxe/product_hero.png,KÄRCHER,,,,,,,,,,,,,,,,,,,,Buharlı Temizlik ve Yıkama Makineleri,KÄRCHER,
king-k462-grillmaster,King K462 GrillMaster K462 GrillMaster Izgara ve Tost Makinesi,King K462 GrillMaster K462 GrillMaster Izgara ve Tost Makinesi. Güç: 2000 W; Kapasite: 6 tost kapasitesi; Plaka Özellikleri: Çıkarılabilir ve bulaşık makinesinde yıkanabilir granit kaplama plakalar; Izgara Fonksiyonu: 180° açılabilir ızgara özelliği; Isı Ayarı: Ayarlanabilir ısı kontrol düğmesi.,in stock,new,,https://wa.me/905447217289?text=Merhaba%2C%20King%20K462%20GrillMaster%20K462%20GrillMaster%20Izgara%20ve%20Tost%20Makinesi%20%C3%BCr%C3%BCn%C3%BC%20hakk%C4%B1nda%20bilgi%20almak%20istiyorum.,https://raw.githubusercontent.com/youlchu/fazilet/catalog-assets/products/king-k462-grillmaster/product_hero.png,King,,,,,,,,,,,,,,,,,,,,"Fırın, Airfryer ve Izgaralar",King,
king-kbu700-larsen-mavi,King KBÜ700 Larsen King KBÜ700 Larsen Buharlı Ütü Mavi,King KBÜ700 Larsen King KBÜ700 Larsen Buharlı Ütü Mavi. Güç: 2600 W; Taban: Seramik taban; Dikey Buhar: Var; Damlama Emniyeti: Var; Su Tankı Kapasitesi: 285 ml.,in stock,new,,https://wa.me/905447217289?text=Merhaba%2C%20King%20KB%C3%9C700%20Larsen%20King%20KB%C3%9C700%20Larsen%20Buharl%C4%B1%20%C3%9Ct%C3%BC%20Mavi%20%C3%BCr%C3%BCn%C3%BC%20hakk%C4%B1nda%20bilgi%20almak%20istiyorum.,https://raw.githubusercontent.com/youlchu/fazilet/catalog-assets/products/king-kbu700-larsen-mavi/product_hero.png,King,,,,,,,,,,,,,,,,,,,,Ütüler,King,
king-kbu701-karina-kirmizi,King KBÜ701 Karina KBÜ701 Karina Buharlı Ütü Kırmızı,King KBÜ701 Karina KBÜ701 Karina Buharlı Ütü Kırmızı. Güç: 2600 W; Taban Türü: Seramik; Su Tankı Kapasitesi: 285 ml; Sürekli Buhar: 40 g/dk; Şok Buhar: 190 g.,in stock,new,,https://wa.me/905447217289?text=Merhaba%2C%20King%20KB%C3%9C701%20Karina%20KB%C3%9C701%20Karina%20Buharl%C4%B1%20%C3%9Ct%C3%BC%20K%C4%B1rm%C4%B1z%C4%B1%20%C3%BCr%C3%BCn%C3%BC%20hakk%C4%B1nda%20bilgi%20almak%20istiyorum.,https://raw.githubusercontent.com/youlchu/fazilet/catalog-assets/products/king-kbu701-karina-kirmizi/product_hero.png,King,,,,,,,,,,,,,,,,,,,,Ütüler,King,
king-kbu703-osborn-kirmizi,King KBÜ703 Osborn King KBÜ703 Osborn Buharlı Ütü Kırmızı,King KBÜ703 Osborn King KBÜ703 Osborn Buharlı Ütü Kırmızı. Güç: 2600 W; Taban: Seramik taban; Su Haznesi Kapasitesi: 285 ml; Sürekli Buhar Çıkışı: 40 g/dk; Şok Buhar: 190 g.,in stock,new,,https://wa.me/905447217289?text=Merhaba%2C%20King%20KB%C3%9C703%20Osborn%20King%20KB%C3%9C703%20Osborn%20Buharl%C4%B1%20%C3%9Ct%C3%BC%20K%C4%B1rm%C4%B1z%C4%B1%20%C3%BCr%C3%BCn%C3%BC%20hakk%C4%B1nda%20bilgi%20almak%20istiyorum.,https://raw.githubusercontent.com/youlchu/fazilet/catalog-assets/products/king-kbu703-osborn-kirmizi/product_hero.png,King,,,,,,,,,,,,,,,,,,,,Ütüler,King,
king-teapro-black,King TeaPro TeaPro Plastic Tea Maker Black,"King TeaPro TeaPro Plastic Tea Maker Black. Çay, Kahve ve Su Isıtıcıları kategorisinde, sıfır ve satışa hazır ürün.",in stock,new,,https://wa.me/905447217289?text=Merhaba%2C%20King%20TeaPro%20TeaPro%20Plastic%20Tea%20Maker%20Black%20%C3%BCr%C3%BCn%C3%BC%20hakk%C4%B1nda%20bilgi%20almak%20istiyorum.,https://raw.githubusercontent.com/youlchu/fazilet/catalog-assets/products/king-teapro-black/product_hero.png,King,,,,,,,,,,,,,,,,,,,,"Çay, Kahve ve Su Isıtıcıları",King,
king-teapro-glass,King TeaPro TeaPro Cam Çay Makinesi Glass,"King TeaPro TeaPro Cam Çay Makinesi Glass. Çay, Kahve ve Su Isıtıcıları kategorisinde, sıfır ve satışa hazır ürün.",in stock,new,,https://wa.me/905447217289?text=Merhaba%2C%20King%20TeaPro%20TeaPro%20Cam%20%C3%87ay%20Makinesi%20Glass%20%C3%BCr%C3%BCn%C3%BC%20hakk%C4%B1nda%20bilgi%20almak%20istiyorum.,https://raw.githubusercontent.com/youlchu/fazilet/catalog-assets/products/king-teapro-glass/product_hero.png,King,,,,,,,,,,,,,,,,,,,,"Çay, Kahve ve Su Isıtıcıları",King,
king-teapro-inox,King TeaPro TeaPro Inox Çay Makinesi Inox,"King TeaPro TeaPro Inox Çay Makinesi Inox. Çay, Kahve ve Su Isıtıcıları kategorisinde, sıfır ve satışa hazır ürün.",in stock,new,,https://wa.me/905447217289?text=Merhaba%2C%20King%20TeaPro%20TeaPro%20Inox%20%C3%87ay%20Makinesi%20Inox%20%C3%BCr%C3%BCn%C3%BC%20hakk%C4%B1nda%20bilgi%20almak%20istiyorum.,https://raw.githubusercontent.com/youlchu/fazilet/catalog-assets/products/king-teapro-inox/product_hero.png,King,,,,,,,,,,,,,,,,,,,,"Çay, Kahve ve Su Isıtıcıları",King,
king-teapro-red,King TeaPro TeaPro Inox Tea Maker Red,"King TeaPro TeaPro Inox Tea Maker Red. Çay, Kahve ve Su Isıtıcıları kategorisinde, sıfır ve satışa hazır ürün.",in stock,new,,https://wa.me/905447217289?text=Merhaba%2C%20King%20TeaPro%20TeaPro%20Inox%20Tea%20Maker%20Red%20%C3%BCr%C3%BCn%C3%BC%20hakk%C4%B1nda%20bilgi%20almak%20istiyorum.,https://raw.githubusercontent.com/youlchu/fazilet/catalog-assets/products/king-teapro-red/product_hero.png,King,,,,,,,,,,,,,,,,,,,,"Çay, Kahve ve Su Isıtıcıları",King,
kiwi-air-cooler,Kiwi Air Cooler,"Kiwi Air Cooler. İklimlendirme ve Isıtma kategorisinde, sıfır ve satışa hazır ürün.",in stock,new,,https://wa.me/905447217289?text=Merhaba%2C%20Kiwi%20Air%20Cooler%20%C3%BCr%C3%BCn%C3%BC%20hakk%C4%B1nda%20bilgi%20almak%20istiyorum.,https://raw.githubusercontent.com/youlchu/fazilet/catalog-assets/products/kiwi-air-cooler/product_hero.png,Kiwi,,,,,,,,,,,,,,,,,,,,İklimlendirme ve Isıtma,Kiwi,
kiwi-kep-6833,Kiwi KEP-6833 IPL Hair Removal,Kiwi KEP-6833 IPL Hair Removal. Teknoloji: Yoğun Atımlı Işık (IPL) teknolojisi; Güç Kademesi: Ayarlanabilir 8 güç seviyesi; Ekran: Aydınlatmalı LCD bilgi ekranı; Güvenlik Sensörü: Cilde temas etmeden çalışmayı önleyen mesafe/temas sensörü; Uygulama Alanı: Tüm vücut kullanımına uygundur.,in stock,new,,https://wa.me/905447217289?text=Merhaba%2C%20Kiwi%20KEP-6833%20IPL%20Hair%20Removal%20%C3%BCr%C3%BCn%C3%BC%20hakk%C4%B1nda%20bilgi%20almak%20istiyorum.,https://raw.githubusercontent.com/youlchu/fazilet/catalog-assets/products/kiwi-kep-6833/product_hero.png,Kiwi,,,,,,,,,,,,,,,,,,,,Epilasyon ve Masaj,Kiwi,
kiwi-kfan-7429,Kiwi KFAN-7429 Tower Fan,"Kiwi KFAN-7429 Tower Fan. Güç: 45 W; Hız Kademesi: 3 ayarlanabilir hız; Salınım Açısı: 80° salınım fonksiyonu; Çap / Yükseklik: 74 cm; Çalışma Gerilimi: AC 220V, 50Hz.",in stock,new,,https://wa.me/905447217289?text=Merhaba%2C%20Kiwi%20KFAN-7429%20Tower%20Fan%20%C3%BCr%C3%BCn%C3%BC%20hakk%C4%B1nda%20bilgi%20almak%20istiyorum.,https://raw.githubusercontent.com/youlchu/fazilet/catalog-assets/products/kiwi-kfan-7429/product_hero.png,Kiwi,,,,,,,,,,,,,,,,,,,,İklimlendirme ve Isıtma,Kiwi,
kiwi-ksc-4210,Kiwi KSC-4210 Buharlı Temizleyici,Kiwi KSC-4210 Buharlı Temizleyici. Maksimum Buhar Basıncı: 3 bar; Su Haznesi Kapasitesi: 350 ml; Sürekli Buhar Çıkışı: 24 g/dk; Güç Kablosu Uzunluğu: 3 m; Güvenlik Özelliği: Emniyet kilitli buhar kapağı.,in stock,new,,https://wa.me/905447217289?text=Merhaba%2C%20Kiwi%20KSC-4210%20Buharl%C4%B1%20Temizleyici%20%C3%BCr%C3%BCn%C3%BC%20hakk%C4%B1nda%20bilgi%20almak%20istiyorum.,https://raw.githubusercontent.com/youlchu/fazilet/catalog-assets/products/kiwi-ksc-4210/product_hero.png,Kiwi,,,,,,,,,,,,,,,,,,,,Buharlı Temizlik ve Yıkama Makineleri,Kiwi,
kiwi-ksi-6344-2200-watt,Kiwi KSI-6344 Buharlı Ütü 2200 Watt,Kiwi KSI-6344 Buharlı Ütü 2200 Watt. Güç: 2200 W; Taban: Seramik; Şok Buhar: 90 g/dk; Kireç Önleme: Var; Damlama Emniyeti: Var.,in stock,new,,https://wa.me/905447217289?text=Merhaba%2C%20Kiwi%20KSI-6344%20Buharl%C4%B1%20%C3%9Ct%C3%BC%202200%20Watt%20%C3%BCr%C3%BCn%C3%BC%20hakk%C4%B1nda%20bilgi%20almak%20istiyorum.,https://raw.githubusercontent.com/youlchu/fazilet/catalog-assets/products/kiwi-ksi-6344-2200-watt/product_hero.png,Kiwi,,,,,,,,,,,,,,,,,,,,Ütüler,Kiwi,
kiwi-ksm-2448,Kiwi KSM-2448 Izgara ve Tost Makinesi,Kiwi KSM-2448 Izgara ve Tost Makinesi. Güç: 2000 W; Gövde Malzemesi: Paslanmaz çelik; Plaka Özelliği: Çıkarılabilir plakalar; Açılma Açısı: 180 derece açılabilen gövde; Damlama Tepsisi: Var.,in stock,new,,https://wa.me/905447217289?text=Merhaba%2C%20Kiwi%20KSM-2448%20Izgara%20ve%20Tost%20Makinesi%20%C3%BCr%C3%BCn%C3%BC%20hakk%C4%B1nda%20bilgi%20almak%20istiyorum.,https://raw.githubusercontent.com/youlchu/fazilet/catalog-assets/products/kiwi-ksm-2448/product_hero.png,Kiwi,,,,,,,,,,,,,,,,,,,,"Fırın, Airfryer ve Izgaralar",Kiwi,
kiwi-kule-tipi-vantilator-white,kiwi Kule Tipi Vantilatör White,"kiwi Kule Tipi Vantilatör White. İklimlendirme ve Isıtma kategorisinde, sıfır ve satışa hazır ürün.",in stock,new,,https://wa.me/905447217289?text=Merhaba%2C%20kiwi%20Kule%20Tipi%20Vantilat%C3%B6r%20White%20%C3%BCr%C3%BCn%C3%BC%20hakk%C4%B1nda%20bilgi%20almak%20istiyorum.,https://raw.githubusercontent.com/youlchu/fazilet/catalog-assets/products/kiwi-kule-tipi-vantilator-white/product_hero.png,kiwi,,,,,,,,,,,,,,,,,,,,İklimlendirme ve Isıtma,kiwi,
korkmaz-a1817-rosagold,Korkmaz A1817 Rosagold 14 Parça Elektro Set Rosagold,"Korkmaz A1817 Rosagold 14 Parça Elektro Set Rosagold. Set İçeriği: 4 parça Çaytema, 2 parça Kahvekolik Rosegold, 7 parça Mia Blender Set, 1 parça Tostema Midi; Çaytema Çay Makinesi: 1600 W güç, 0.9 lt demlik ve 1.7 lt ısıtıcı kapasitesi; Kahvekolik Türk Kahvesi Makinesi: 400 W güç, 320 ml cezve hacmi ve 4 fincan kahve kapasitesi; Mia Blender Seti: 850 W güç, 1500 ml doğrayıcı hazne ve 1000 ml ölçü kabı haznesi; Tostema Midi Tost Makinesi: 4 adet tost kapasitesi.",in stock,new,,https://wa.me/905447217289?text=Merhaba%2C%20Korkmaz%20A1817%20Rosagold%2014%20Par%C3%A7a%20Elektro%20Set%20Rosagold%20%C3%BCr%C3%BCn%C3%BC%20hakk%C4%B1nda%20bilgi%20almak%20istiyorum.,https://raw.githubusercontent.com/youlchu/fazilet/catalog-assets/products/korkmaz-a1817-rosagold/product_hero.png,Korkmaz,,,,,,,,,,,,,,,,,,,,Blender ve Mutfak Hazırlık,Korkmaz,
korkmaz-elektro-set,Korkmaz Elektro Set Elektro Set 14 Pcs,"Korkmaz Elektro Set Elektro Set 14 Pcs. Blender ve Mutfak Hazırlık kategorisinde, sıfır ve satışa hazır ürün.",in stock,new,,https://wa.me/905447217289?text=Merhaba%2C%20Korkmaz%20Elektro%20Set%20Elektro%20Set%2014%20Pcs%20%C3%BCr%C3%BCn%C3%BC%20hakk%C4%B1nda%20bilgi%20almak%20istiyorum.,https://raw.githubusercontent.com/youlchu/fazilet/catalog-assets/products/korkmaz-elektro-set/product_hero.png,Korkmaz,,,,,,,,,,,,,,,,,,,,Blender ve Mutfak Hazırlık,Korkmaz,
korkmaz-tombik-a1807-8-pcs,Korkmaz Tombik A1807 Cookware Set / Tencere Seti 8 Pcs,"Korkmaz Tombik A1807 Cookware Set / Tencere Seti 8 Pcs. Malzeme: 18/10 Cr-Ni paslanmaz çelik; Taban Tipi: İndüksiyon uyumlu ve homojen ısı iletimi sağlayan Solar Base süper kapsül taban; Kapak: Özel temperlenmiş, ısıya dayanıklı cam kapak; Kulp Yapısı: Ergonomik, el yakmayan özel güvenli paslanmaz çelik kulp ve tepeler; Bulaşık Makinesi Uyumu: Bulaşık makinesinde temizlenebilir.",in stock,new,,https://wa.me/905447217289?text=Merhaba%2C%20Korkmaz%20Tombik%20A1807%20Cookware%20Set%20/%20Tencere%20Seti%208%20Pcs%20%C3%BCr%C3%BCn%C3%BC%20hakk%C4%B1nda%20bilgi%20almak%20istiyorum.,https://raw.githubusercontent.com/youlchu/fazilet/catalog-assets/products/korkmaz-tombik-a1807-8-pcs/product_hero.png,Korkmaz,,,,,,,,,,,,,,,,,,,,"Tencere, Çaydanlık ve Sofra",Korkmaz,
kristal-cemre-lila,Kristal Cemre Ranforce Nevresim Takımı Lila,Kristal Cemre Ranforce Nevresim Takımı Lila. Kumaş: %100 Pamuk Ranforce; Nevresim Ebatı: 200x220 cm; Çarşaf Ebatı: 240x260 cm; Yastık Kılıfı: 50x70 cm (2 Adet); Yıkama Talimatı: Maksimum 40°C.,in stock,new,,https://wa.me/905447217289?text=Merhaba%2C%20Kristal%20Cemre%20Ranforce%20Nevresim%20Tak%C4%B1m%C4%B1%20Lila%20%C3%BCr%C3%BCn%C3%BC%20hakk%C4%B1nda%20bilgi%20almak%20istiyorum.,https://raw.githubusercontent.com/youlchu/fazilet/catalog-assets/products/kristal-cemre-lila/product_hero.png,Kristal,,,,,,,,,,,,,,,,,,,,Ev Tekstili,Kristal,
kristal-coco-a-gri-tek-kisilik,KRİSTAL COCO PİKE TAKIMI A.GRİ TEK KİŞİLİK,KRİSTAL COCO PİKE TAKIMI A.GRİ TEK KİŞİLİK. Model: Coco; Beden: Tek Kişilik; Renk: Gri; Barkod: 8698285081306; Üretici: Zorlu Tekstil (Taç).,in stock,new,,https://wa.me/905447217289?text=Merhaba%2C%20KR%C4%B0STAL%20COCO%20P%C4%B0KE%20TAKIMI%20A.GR%C4%B0%20TEK%20K%C4%B0%C5%9E%C4%B0L%C4%B0K%20%C3%BCr%C3%BCn%C3%BC%20hakk%C4%B1nda%20bilgi%20almak%20istiyorum.,https://raw.githubusercontent.com/youlchu/fazilet/catalog-assets/products/kristal-coco-a-gri-tek-kisilik/product_hero.png,KRİSTAL,,,,,,,,,,,,,,,,,,,,Ev Tekstili,KRİSTAL,
kristal-coco-ekru-cift-kisilik,Kristal Coco Pike Takımı Ekru Çift Kişilik,Kristal Coco Pike Takımı Ekru Çift Kişilik. Ürün Tipi: Pike Takımı; Ebat: Çift Kişilik; Renk: Ekru.,in stock,new,,https://wa.me/905447217289?text=Merhaba%2C%20Kristal%20Coco%20Pike%20Tak%C4%B1m%C4%B1%20Ekru%20%C3%87ift%20Ki%C5%9Filik%20%C3%BCr%C3%BCn%C3%BC%20hakk%C4%B1nda%20bilgi%20almak%20istiyorum.,https://raw.githubusercontent.com/youlchu/fazilet/catalog-assets/products/kristal-coco-ekru-cift-kisilik/product_hero.png,Kristal,,,,,,,,,,,,,,,,,,,,Ev Tekstili,Kristal,
kristal-moonlight-pembe-tek-kisilik-nevresim-takimi,Kristal Moonlight Pembe Tek Kişilik Ranforce Nevresim Takımı,"Kristal Moonlight Pembe Tek Kişilik Ranforce Nevresim Takımı. Ev Tekstili kategorisinde, sıfır ve satışa hazır ürün.",in stock,new,,https://wa.me/905447217289?text=Merhaba%2C%20Kristal%20Moonlight%20Pembe%20Tek%20Ki%C5%9Filik%20Ranforce%20Nevresim%20Tak%C4%B1m%C4%B1%20%C3%BCr%C3%BCn%C3%BC%20hakk%C4%B1nda%20bilgi%20almak%20istiyorum.,https://raw.githubusercontent.com/youlchu/fazilet/catalog-assets/products/kristal-moonlight-pembe-tek-kisilik-nevresim-takimi/product_hero.png,Kristal,,,,,,,,,,,,,,,,,,,,Ev Tekstili,Kristal,
kristal-ranforce-duz-renk-beyaz,Kristal Ranforce Düz Renk Çift Kişilik Nevresim Takımı Beyaz,Kristal Ranforce Düz Renk Çift Kişilik Nevresim Takımı Beyaz. Kumaş: %100 Pamuk Ranforce; Nevresim: 200 x 220 cm; Çarşaf: 240 x 260 cm; Yastık Kılıfı: 2 adet 50 x 70 cm.,in stock,new,,https://wa.me/905447217289?text=Merhaba%2C%20Kristal%20Ranforce%20D%C3%BCz%20Renk%20%C3%87ift%20Ki%C5%9Filik%20Nevresim%20Tak%C4%B1m%C4%B1%20Beyaz%20%C3%BCr%C3%BCn%C3%BC%20hakk%C4%B1nda%20bilgi%20almak%20istiyorum.,https://raw.githubusercontent.com/youlchu/fazilet/catalog-assets/products/kristal-ranforce-duz-renk-beyaz/product_hero.png,Kristal,,,,,,,,,,,,,,,,,,,,Ev Tekstili,Kristal,
kristal-ranforce-duz-renk-gri,Kristal Ranforce Düz Renk Çift Kişilik Nevresim Takımı Gri,Kristal Ranforce Düz Renk Çift Kişilik Nevresim Takımı Gri. Kumaş: %100 Pamuk Ranforce; Nevresim: 200 x 220 cm; Çarşaf: 240 x 260 cm; Yastık Kılıfı: 2 adet 50 x 70 cm.,in stock,new,,https://wa.me/905447217289?text=Merhaba%2C%20Kristal%20Ranforce%20D%C3%BCz%20Renk%20%C3%87ift%20Ki%C5%9Filik%20Nevresim%20Tak%C4%B1m%C4%B1%20Gri%20%C3%BCr%C3%BCn%C3%BC%20hakk%C4%B1nda%20bilgi%20almak%20istiyorum.,https://raw.githubusercontent.com/youlchu/fazilet/catalog-assets/products/kristal-ranforce-duz-renk-gri/product_hero.png,Kristal,,,,,,,,,,,,,,,,,,,,Ev Tekstili,Kristal,
kristal-ranforce-duz-renk-haki,Kristal Ranforce Düz Renk Çift Kişilik Nevresim Takımı Haki,Kristal Ranforce Düz Renk Çift Kişilik Nevresim Takımı Haki. Kumaş: %100 Pamuk Ranforce; Nevresim: 200 x 220 cm; Çarşaf: 240 x 260 cm; Yastık Kılıfı: 2 adet 50 x 70 cm.,in stock,new,,https://wa.me/905447217289?text=Merhaba%2C%20Kristal%20Ranforce%20D%C3%BCz%20Renk%20%C3%87ift%20Ki%C5%9Filik%20Nevresim%20Tak%C4%B1m%C4%B1%20Haki%20%C3%BCr%C3%BCn%C3%BC%20hakk%C4%B1nda%20bilgi%20almak%20istiyorum.,https://raw.githubusercontent.com/youlchu/fazilet/catalog-assets/products/kristal-ranforce-duz-renk-haki/product_hero.png,Kristal,,,,,,,,,,,,,,,,,,,,Ev Tekstili,Kristal,
kristal-ranforce-duz-renk-turkuaz,Kristal Ranforce Düz Renk Çift Kişilik Nevresim Takımı Turkuaz,Kristal Ranforce Düz Renk Çift Kişilik Nevresim Takımı Turkuaz. Kumaş: %100 Pamuk Ranforce; Nevresim: 200 x 220 cm; Çarşaf: 240 x 260 cm; Yastık Kılıfı: 2 adet 50 x 70 cm.,in stock,new,,https://wa.me/905447217289?text=Merhaba%2C%20Kristal%20Ranforce%20D%C3%BCz%20Renk%20%C3%87ift%20Ki%C5%9Filik%20Nevresim%20Tak%C4%B1m%C4%B1%20Turkuaz%20%C3%BCr%C3%BCn%C3%BC%20hakk%C4%B1nda%20bilgi%20almak%20istiyorum.,https://raw.githubusercontent.com/youlchu/fazilet/catalog-assets/products/kristal-ranforce-duz-renk-turkuaz/product_hero.png,Kristal,,,,,,,,,,,,,,,,,,,,Ev Tekstili,Kristal,
kristal-ranforce-duz-renk-yesil,Kristal Ranforce Düz Renk Çift Kişilik Nevresim Takımı Yeşil,Kristal Ranforce Düz Renk Çift Kişilik Nevresim Takımı Yeşil. Kumaş: %100 Pamuk Ranforce; Nevresim: 200 x 220 cm; Çarşaf: 240 x 260 cm; Yastık Kılıfı: 2 adet 50 x 70 cm.,in stock,new,,https://wa.me/905447217289?text=Merhaba%2C%20Kristal%20Ranforce%20D%C3%BCz%20Renk%20%C3%87ift%20Ki%C5%9Filik%20Nevresim%20Tak%C4%B1m%C4%B1%20Ye%C5%9Fil%20%C3%BCr%C3%BCn%C3%BC%20hakk%C4%B1nda%20bilgi%20almak%20istiyorum.,https://raw.githubusercontent.com/youlchu/fazilet/catalog-assets/products/kristal-ranforce-duz-renk-yesil/product_hero.png,Kristal,,,,,,,,,,,,,,,,,,,,Ev Tekstili,Kristal,
kristal-ranforce-ekose-mavi,Kristal Ranforce Ranforce Nevresim Takımı Ekose Mavi,Kristal Ranforce Ranforce Nevresim Takımı Ekose Mavi. Materyal: %100 Pamuk Ranforce; Nevresim Ebatı: 160x220 cm; Çarşaf Ebatı: 160x240 cm; Yastık Kılıfı Ebatı: 50x70 cm (1 adet); İplik Dokuma Sıklığı: 57 Tel/cm².,in stock,new,,https://wa.me/905447217289?text=Merhaba%2C%20Kristal%20Ranforce%20Ranforce%20Nevresim%20Tak%C4%B1m%C4%B1%20Ekose%20Mavi%20%C3%BCr%C3%BCn%C3%BC%20hakk%C4%B1nda%20bilgi%20almak%20istiyorum.,https://raw.githubusercontent.com/youlchu/fazilet/catalog-assets/products/kristal-ranforce-ekose-mavi/product_hero.png,Kristal,,,,,,,,,,,,,,,,,,,,Ev Tekstili,Kristal,
leader-fm304,LEADER FM304 Süpersonik Hızlı Saç Kurutma Makinesi,LEADER FM304 Süpersonik Hızlı Saç Kurutma Makinesi. Güç: 1600 W; Isı Ayarı: 3 kademe; İyon Teknolojisi: Elektriklenmeyi azaltan iyon özelliği; Soğuk Hava Özelliği: Saç şeklini sabitleyen soğuk hava fonksiyonu; Motor Tipi: Sessiz çalışma sağlayan dijital/BLDC motor.,in stock,new,,https://wa.me/905447217289?text=Merhaba%2C%20LEADER%20FM304%20S%C3%BCpersonik%20H%C4%B1zl%C4%B1%20Sa%C3%A7%20Kurutma%20Makinesi%20%C3%BCr%C3%BCn%C3%BC%20hakk%C4%B1nda%20bilgi%20almak%20istiyorum.,https://raw.githubusercontent.com/youlchu/fazilet/catalog-assets/products/leader-fm304/product_hero.png,LEADER,,,,,,,,,,,,,,,,,,,,Saç ve Sakal Bakımı,LEADER,
leader-fm304-s,Leader FM304-S Yüksek Hızlı Saç Kurutma Makinesi Standı,Leader FM304-S Yüksek Hızlı Saç Kurutma Makinesi Standı. Ürün Tipi: Saç kurutma makinesi metal standı / ayağı; Gövde Yapısı: Metal ayak yapısı; Uyumlu Model: Leader FM-304 yüksek hızlı saç kurutma makinesi.,in stock,new,,https://wa.me/905447217289?text=Merhaba%2C%20Leader%20FM304-S%20Y%C3%BCksek%20H%C4%B1zl%C4%B1%20Sa%C3%A7%20Kurutma%20Makinesi%20Stand%C4%B1%20%C3%BCr%C3%BCn%C3%BC%20hakk%C4%B1nda%20bilgi%20almak%20istiyorum.,https://raw.githubusercontent.com/youlchu/fazilet/catalog-assets/products/leader-fm304-s/product_hero.png,Leader,,,,,,,,,,,,,,,,,,,,Ürün Aksesuarları,Leader,
leader-l-ws01-black-purple,LEADER L-WS01 WindStraight Black / Purple,LEADER L-WS01 WindStraight Black / Purple. Kurutma Teknolojisi: Hava ile akıllı kurutma teknolojisi; Plaka Tipi: Hareketli plakalar; Kaplama Özelliği: Nano turmalin ve argan yağı infüzyonu; Hava Akışı: Kök uçlarını hedef alan kurutma teknolojisi; Isı Ayarı: 3 kademeli.,in stock,new,,https://wa.me/905447217289?text=Merhaba%2C%20LEADER%20L-WS01%20WindStraight%20Black%20/%20Purple%20%C3%BCr%C3%BCn%C3%BC%20hakk%C4%B1nda%20bilgi%20almak%20istiyorum.,https://raw.githubusercontent.com/youlchu/fazilet/catalog-assets/products/leader-l-ws01-black-purple/product_hero.png,LEADER,,,,,,,,,,,,,,,,,,,,Saç ve Sakal Bakımı,LEADER,
leader-l-ws01-blue-rose-gold,LEADER L-WS01 WindStraight Blue / Rose Gold,LEADER L-WS01 WindStraight Blue / Rose Gold. Maksimum Sıcaklık: 220 Derece; Isı Ayarı: 3 Kademeli; Dijital Ekran: Var; Kurutma Teknolojisi: Hava ile akıllı kurutma teknolojisi; Plaka Yapısı: Hareketli plakalar.,in stock,new,,https://wa.me/905447217289?text=Merhaba%2C%20LEADER%20L-WS01%20WindStraight%20Blue%20/%20Rose%20Gold%20%C3%BCr%C3%BCn%C3%BC%20hakk%C4%B1nda%20bilgi%20almak%20istiyorum.,https://raw.githubusercontent.com/youlchu/fazilet/catalog-assets/products/leader-l-ws01-blue-rose-gold/product_hero.png,LEADER,,,,,,,,,,,,,,,,,,,,Saç ve Sakal Bakımı,LEADER,
leader-l-ws18,LEADER L-WS18 WINDSHAPE 8 i 1 Arada Saç Kurutma ve Şekillendirici,LEADER L-WS18 WINDSHAPE 8 i 1 Arada Saç Kurutma ve Şekillendirici. Kullanım: 8'i 1 arada salon seviyesinde şekillendirme ve kurutma; Hava Akımı Teknolojisi: Havanın dönen bir girdap oluşturmasıyla ısı hasarı riskini azaltır; Saç Koruma Özelliği: Saç kütikülünü kapatmaya yardımcı olarak kırılma ve elektriklenmeyi önler; Kurutma Teknolojisi: Hava ile akıllı kurutma ve kök uçlarını hedef alan kurutma teknolojisi; Güvenlik ve Hava Ayarı: Aşırı ısınma emniyeti ve soğuk hava üfleme desteği.,in stock,new,,https://wa.me/905447217289?text=Merhaba%2C%20LEADER%20L-WS18%20WINDSHAPE%208%20i%201%20Arada%20Sa%C3%A7%20Kurutma%20ve%20%C5%9Eekillendirici%20%C3%BCr%C3%BCn%C3%BC%20hakk%C4%B1nda%20bilgi%20almak%20istiyorum.,https://raw.githubusercontent.com/youlchu/fazilet/catalog-assets/products/leader-l-ws18/product_hero.png,LEADER,,,,,,,,,,,,,,,,,,,,Saç ve Sakal Bakımı,LEADER,
leader-lp-5010,LEADER LP-5010 Taşınabilir Ses Sistemi,LEADER LP-5010 Taşınabilir Ses Sistemi. Bağlantı Türü: Kablosuz; Renk: Siyah; Ses Çıkış Türü: Stereo; Taşınabilirlik: Evet.,in stock,new,,https://wa.me/905447217289?text=Merhaba%2C%20LEADER%20LP-5010%20Ta%C5%9F%C4%B1nabilir%20Ses%20Sistemi%20%C3%BCr%C3%BCn%C3%BC%20hakk%C4%B1nda%20bilgi%20almak%20istiyorum.,https://raw.githubusercontent.com/youlchu/fazilet/catalog-assets/products/leader-lp-5010/product_hero.png,LEADER,,,,,,,,,,,,,,,,,,,,Ses Sistemleri,LEADER,
leader-lp-5020,LEADER LP-5020 Taşınabilir Ses Sistemi,"LEADER LP-5020 Taşınabilir Ses Sistemi. Çıkış Gücü: 200W PMPO / 20W RMS; Hoparlör Sürücüleri: 5 inç x 2 woofer; Mikrofon: Kablosuz UHF el mikrofonu ve 6,3 mm mikrofon girişi; Aydınlatma: 8 seçenekli RGB LED; Batarya Kapasitesi: 3,7V 4000 mAh.",in stock,new,,https://wa.me/905447217289?text=Merhaba%2C%20LEADER%20LP-5020%20Ta%C5%9F%C4%B1nabilir%20Ses%20Sistemi%20%C3%BCr%C3%BCn%C3%BC%20hakk%C4%B1nda%20bilgi%20almak%20istiyorum.,https://raw.githubusercontent.com/youlchu/fazilet/catalog-assets/products/leader-lp-5020/product_hero.png,LEADER,,,,,,,,,,,,,,,,,,,,Ses Sistemleri,LEADER,
leader-lp-6050,LEADER LP-6050 Portatif Aktif Ses Sistemi,"LEADER LP-6050 Portatif Aktif Ses Sistemi. Çıkış Gücü: 500W PMPO / 50W RMS; Hoparlör Yapısı: 2 x 6.5"" Woofer + 1.5"" Tweeter; Bluetooth Versiyonu: Bluetooth 5.0; Mikrofon: Kablosuz UHF el mikrofonu dahil; Aydınlatma: 6 modlu RGB LED.",in stock,new,,https://wa.me/905447217289?text=Merhaba%2C%20LEADER%20LP-6050%20Portatif%20Aktif%20Ses%20Sistemi%20%C3%BCr%C3%BCn%C3%BC%20hakk%C4%B1nda%20bilgi%20almak%20istiyorum.,https://raw.githubusercontent.com/youlchu/fazilet/catalog-assets/products/leader-lp-6050/product_hero.png,LEADER,,,,,,,,,,,,,,,,,,,,Ses Sistemleri,LEADER,
leader-lp-6540,LEADER LP-6540 Portatif Aktif Ses Sistemi,"LEADER LP-6540 Portatif Aktif Ses Sistemi. Bluetooth Versiyonu: BT 5.0; RMS Çıkış Gücü: 40 W; PMPO Çıkış Gücü: 400 W; Bağlantı ve Oynatma Seçenekleri: USB / TF Kart / AUX / FM Radyo; Mikrofon Girişi: 6,3 mm.",in stock,new,,https://wa.me/905447217289?text=Merhaba%2C%20LEADER%20LP-6540%20Portatif%20Aktif%20Ses%20Sistemi%20%C3%BCr%C3%BCn%C3%BC%20hakk%C4%B1nda%20bilgi%20almak%20istiyorum.,https://raw.githubusercontent.com/youlchu/fazilet/catalog-assets/products/leader-lp-6540/product_hero.png,LEADER,,,,,,,,,,,,,,,,,,,,Ses Sistemleri,LEADER,
leader-lp120,LEADER LP120 Portatif Kablosuz Hoparlör,LEADER LP120 Portatif Kablosuz Hoparlör. Ses Çıkış Gücü: 20W RMS; Batarya Kapasitesi: 7.4V 4400 mAh; Suya Dayanıklılık: IPX5; Mikrofon: Kablosuz şarjlı el mikrofonu; Radyo: FM Radyo desteği.,in stock,new,,https://wa.me/905447217289?text=Merhaba%2C%20LEADER%20LP120%20Portatif%20Kablosuz%20Hoparl%C3%B6r%20%C3%BCr%C3%BCn%C3%BC%20hakk%C4%B1nda%20bilgi%20almak%20istiyorum.,https://raw.githubusercontent.com/youlchu/fazilet/catalog-assets/products/leader-lp120/product_hero.png,LEADER,,,,,,,,,,,,,,,,,,,,Ses Sistemleri,LEADER,
leader-lp121,LEADER LP121 PORTABLE WIRELESS SPEAKER,"LEADER LP121 PORTABLE WIRELESS SPEAKER. Suya Dayanıklılık: IPX5; Ses Çıkış Gücü: 20W RMS; Batarya Kapasitesi: 7.4V 4400 mAh; Oynatma Süresi: 10 saate kadar; Bağlantı ve Fonksiyonlar: Bluetooth, USB, AUX, FM Radyo ve RGB ışık efekti.",in stock,new,,https://wa.me/905447217289?text=Merhaba%2C%20LEADER%20LP121%20PORTABLE%20WIRELESS%20SPEAKER%20%C3%BCr%C3%BCn%C3%BC%20hakk%C4%B1nda%20bilgi%20almak%20istiyorum.,https://raw.githubusercontent.com/youlchu/fazilet/catalog-assets/products/leader-lp121/product_hero.png,LEADER,,,,,,,,,,,,,,,,,,,,Ses Sistemleri,LEADER,
leader-lt-13,LEADER LT-13 13 in 1 Kişisel Tıraş Bakım Seti,LEADER LT-13 13 in 1 Kişisel Tıraş Bakım Seti. Motor Hızı: 7000 RPM; Batarya: 1200 mAh Li-ion; Çalışma Süresi: 200 dakika kablosuz kullanım; Şarj Süresi: 2 saat; Başlık Yapısı: Paslanmaz çelikten 6 farklı fonksiyonlu manyetik başlık.,in stock,new,,https://wa.me/905447217289?text=Merhaba%2C%20LEADER%20LT-13%2013%20in%201%20Ki%C5%9Fisel%20T%C4%B1ra%C5%9F%20Bak%C4%B1m%20Seti%20%C3%BCr%C3%BCn%C3%BC%20hakk%C4%B1nda%20bilgi%20almak%20istiyorum.,https://raw.githubusercontent.com/youlchu/fazilet/catalog-assets/products/leader-lt-13/product_hero.png,LEADER,,,,,,,,,,,,,,,,,,,,Saç ve Sakal Bakımı,LEADER,
leader-lt-13-black-chrome,LEADER LT-13 13 in 1 Kişisel Tıraş Bakım Seti Black / Chrome,LEADER LT-13 13 in 1 Kişisel Tıraş Bakım Seti Black / Chrome. Motor Hızı: 7000 RPM; Batarya Kapasitesi: 1200 mAh Li-ion; Çalışma ve Şarj Süresi: 2 saat şarj ile 200 dakika kablosuz kullanım; Suya Dayanıklılık: IPX6 ıslak-kuru kullanım; Şarj Bağlantısı: Type-C USB.,in stock,new,,https://wa.me/905447217289?text=Merhaba%2C%20LEADER%20LT-13%2013%20in%201%20Ki%C5%9Fisel%20T%C4%B1ra%C5%9F%20Bak%C4%B1m%20Seti%20Black%20/%20Chrome%20%C3%BCr%C3%BCn%C3%BC%20hakk%C4%B1nda%20bilgi%20almak%20istiyorum.,https://raw.githubusercontent.com/youlchu/fazilet/catalog-assets/products/leader-lt-13-black-chrome/product_hero.png,LEADER,,,,,,,,,,,,,,,,,,,,Saç ve Sakal Bakımı,LEADER,
leader-lt-56,LEADER LT-56 Profesyonel Traş Makinesi,"LEADER LT-56 Profesyonel Traş Makinesi. Kablosuz Kullanım Süresi: 180 dakika (1 saatlik şarj ile); Batarya: 2 adet 2000 mAh Li-Ion batarya; Bıçak Başlıkları: 4 adet bıçak başlığı (3, 6, 10, 13 mm); Bıçak Tipi: Dar açılı keskin paslanmaz bıçak; Motor Tipi: Pd-Ag alaşımlı güçlü motor.",in stock,new,,https://wa.me/905447217289?text=Merhaba%2C%20LEADER%20LT-56%20Profesyonel%20Tra%C5%9F%20Makinesi%20%C3%BCr%C3%BCn%C3%BC%20hakk%C4%B1nda%20bilgi%20almak%20istiyorum.,https://raw.githubusercontent.com/youlchu/fazilet/catalog-assets/products/leader-lt-56/product_hero.png,LEADER,,,,,,,,,,,,,,,,,,,,Saç ve Sakal Bakımı,LEADER,
leader-lt-58,LEADER LT-58 Profesyonel Traş Makinesi Saç Sakal Düzeltici,LEADER LT-58 Profesyonel Traş Makinesi Saç Sakal Düzeltici. Kullanım Süresi: 180 dakika kablosuz kullanım; Şarj Süresi: 2 saat; Batarya Kapasitesi: 1400 mAh Li-ion batarya; Bıçak Tipi: Paslanmaz çelik dar açılı keskin T-bıçak; Gövde Malzemesi: Metal gövde.,in stock,new,,https://wa.me/905447217289?text=Merhaba%2C%20LEADER%20LT-58%20Profesyonel%20Tra%C5%9F%20Makinesi%20Sa%C3%A7%20Sakal%20D%C3%BCzeltici%20%C3%BCr%C3%BCn%C3%BC%20hakk%C4%B1nda%20bilgi%20almak%20istiyorum.,https://raw.githubusercontent.com/youlchu/fazilet/catalog-assets/products/leader-lt-58/product_hero.png,LEADER,,,,,,,,,,,,,,,,,,,,Saç ve Sakal Bakımı,LEADER,
leader-r205,LEADER R205 2.1 Ev Sinema Ses Sistemi,"LEADER R205 2.1 Ev Sinema Ses Sistemi. Bağlantı Desteği: Bluetooth, USB ve SD kart desteği; Radyo: Hafızalı dijital FM radyo; Ekran: Fonksiyonel dijital LED ekran; Uzaktan Kumanda: Tam fonksiyonlu uzaktan kumanda desteği; Zamanlayıcı: 10 - 120 dakika arası zaman ayarlı otomatik kapanma.",in stock,new,,https://wa.me/905447217289?text=Merhaba%2C%20LEADER%20R205%202.1%20Ev%20Sinema%20Ses%20Sistemi%20%C3%BCr%C3%BCn%C3%BC%20hakk%C4%B1nda%20bilgi%20almak%20istiyorum.,https://raw.githubusercontent.com/youlchu/fazilet/catalog-assets/products/leader-r205/product_hero.png,LEADER,,,,,,,,,,,,,,,,,,,,Ses Sistemleri,LEADER,
lines-aycan-aile,Lines Aycan Çaydanlık Aile,"Lines Aycan Çaydanlık Aile. Demlik Kapasitesi: 1,75 lt; Suluk Kapasitesi: 3,00 lt; Boyut: Aile Boy; Materyal: Paslanmaz Çelik.",in stock,new,,https://wa.me/905447217289?text=Merhaba%2C%20Lines%20Aycan%20%C3%87aydanl%C4%B1k%20Aile%20%C3%BCr%C3%BCn%C3%BC%20hakk%C4%B1nda%20bilgi%20almak%20istiyorum.,https://raw.githubusercontent.com/youlchu/fazilet/catalog-assets/products/lines-aycan-aile/product_hero.png,Lines,,,,,,,,,,,,,,,,,,,,"Tencere, Çaydanlık ve Sofra",Lines,
lines-silver-8-lt-8-lt,Lines Silver 8 LT Düdüklü Tencere 8 LT,Lines Silver 8 LT Düdüklü Tencere 8 LT. Materyal: 18/10 Cr-Ni paslanmaz çelik; Ocak Uyumluluğu: İndüksiyon ocakta kullanılabilir; Temizlik: Bulaşık makinesinde yıkanabilir; Parça Sayısı: 2; Kullanım Özelliği: Tek elle kolay kullanım.,in stock,new,,https://wa.me/905447217289?text=Merhaba%2C%20Lines%20Silver%208%20LT%20D%C3%BCd%C3%BCkl%C3%BC%20Tencere%208%20LT%20%C3%BCr%C3%BCn%C3%BC%20hakk%C4%B1nda%20bilgi%20almak%20istiyorum.,https://raw.githubusercontent.com/youlchu/fazilet/catalog-assets/products/lines-silver-8-lt-8-lt/product_hero.png,Lines,,,,,,,,,,,,,,,,,,,,"Tencere, Çaydanlık ve Sofra",Lines,
luxell-borekci-buyuk-boy-yuvarlak-tepsili,Luxell Börekçi Elektrikli Fırın / Electrical Oven Büyük Boy Yuvarlak Tepsili,"Luxell Börekçi Elektrikli Fırın / Electrical Oven Büyük Boy Yuvarlak Tepsili. Fırın, Airfryer ve Izgaralar kategorisinde, sıfır ve satışa hazır ürün.",in stock,new,,https://wa.me/905447217289?text=Merhaba%2C%20Luxell%20B%C3%B6rek%C3%A7i%20Elektrikli%20F%C4%B1r%C4%B1n%20/%20Electrical%20Oven%20B%C3%BCy%C3%BCk%20Boy%20Yuvarlak%20Tepsili%20%C3%BCr%C3%BCn%C3%BC%20hakk%C4%B1nda%20bilgi%20almak%20istiyorum.,https://raw.githubusercontent.com/youlchu/fazilet/catalog-assets/products/luxell-borekci-buyuk-boy-yuvarlak-tepsili/product_hero.png,Luxell,,,,,,,,,,,,,,,,,,,,"Fırın, Airfryer ve Izgaralar",Luxell,
maximus-3002-turbo-fan-inox-36-lt,MAXIMUS 3002 MIDI OVEN TURBO FAN INOX 36 LT,MAXIMUS 3002 MIDI OVEN TURBO FAN INOX 36 LT. Kapasite: 36 L; Pişirme Fonksiyonu: 5 fonksiyonlu; Fan Özelliği: Turbo fan; Zaman Kontrolü: Mekanik saat; Isı Kontrolü: Termostatlı ısı kontrol sistemi.,in stock,new,,https://wa.me/905447217289?text=Merhaba%2C%20MAXIMUS%203002%20MIDI%20OVEN%20TURBO%20FAN%20INOX%2036%20LT%20%C3%BCr%C3%BCn%C3%BC%20hakk%C4%B1nda%20bilgi%20almak%20istiyorum.,https://raw.githubusercontent.com/youlchu/fazilet/catalog-assets/products/maximus-3002-turbo-fan-inox-36-lt/product_hero.png,MAXIMUS,,,,,,,,,,,,,,,,,,,,İklimlendirme ve Isıtma,MAXIMUS,
maximus-kutu-vantilator-black-orange,MAXIMUS Kutu Vantilatör Black / Orange,"MAXIMUS Kutu Vantilatör Black / Orange. Ütüler kategorisinde, sıfır ve satışa hazır ürün.",in stock,new,,https://wa.me/905447217289?text=Merhaba%2C%20MAXIMUS%20Kutu%20Vantilat%C3%B6r%20Black%20/%20Orange%20%C3%BCr%C3%BCn%C3%BC%20hakk%C4%B1nda%20bilgi%20almak%20istiyorum.,https://raw.githubusercontent.com/youlchu/fazilet/catalog-assets/products/maximus-kutu-vantilator-black-orange/product_hero.png,MAXIMUS,,,,,,,,,,,,,,,,,,,,Ütüler,MAXIMUS,
mehtap-orkide-plus,Mehtap Orkide Plus 7 Parça Set,"Mehtap Orkide Plus 7 Parça Set. Set İçeriği: 20 cm tencere, 24 cm tencere, 26 cm karnıyarık tenceresi, 26 cm tava; Parça Sayısı: 7; Taban Özelliği: Yapışmaz taban; İç Materyal: Granit kaplama; Dış Materyal: Granit kaplama.",in stock,new,,https://wa.me/905447217289?text=Merhaba%2C%20Mehtap%20Orkide%20Plus%207%20Par%C3%A7a%20Set%20%C3%BCr%C3%BCn%C3%BC%20hakk%C4%B1nda%20bilgi%20almak%20istiyorum.,https://raw.githubusercontent.com/youlchu/fazilet/catalog-assets/products/mehtap-orkide-plus/product_hero.png,Mehtap,,,,,,,,,,,,,,,,,,,,"Tencere, Çaydanlık ve Sofra",Mehtap,
mimarsinan-matik-plus-5-litre-kirmizi,mimarsinan Matik Plus Matik Plus Düdüklü Tencere 5 Litre / Kırmızı,"mimarsinan Matik Plus Matik Plus Düdüklü Tencere 5 Litre / Kırmızı. Tencere, Çaydanlık ve Sofra kategorisinde, sıfır ve satışa hazır ürün.",in stock,new,,https://wa.me/905447217289?text=Merhaba%2C%20mimarsinan%20Matik%20Plus%20Matik%20Plus%20D%C3%BCd%C3%BCkl%C3%BC%20Tencere%205%20Litre%20/%20K%C4%B1rm%C4%B1z%C4%B1%20%C3%BCr%C3%BCn%C3%BC%20hakk%C4%B1nda%20bilgi%20almak%20istiyorum.,https://raw.githubusercontent.com/youlchu/fazilet/catalog-assets/products/mimarsinan-matik-plus-5-litre-kirmizi/product_hero.png,mimarsinan,,,,,,,,,,,,,,,,,,,,"Tencere, Çaydanlık ve Sofra",mimarsinan,
minisan-dp-1200q-quartz-isitici,Minisan DP 1200Q Elektrikli Quartz Isıtıcı,"Minisan DP 1200Q Elektrikli Quartz Isıtıcı. İklimlendirme ve Isıtma kategorisinde, sıfır ve satışa hazır ürün.",in stock,new,,https://wa.me/905447217289?text=Merhaba%2C%20Minisan%20DP%201200Q%20Elektrikli%20Quartz%20Is%C4%B1t%C4%B1c%C4%B1%20%C3%BCr%C3%BCn%C3%BC%20hakk%C4%B1nda%20bilgi%20almak%20istiyorum.,https://raw.githubusercontent.com/youlchu/fazilet/catalog-assets/products/minisan-dp-1200q-quartz-isitici/product_hero.png,Minisan,,,,,,,,,,,,,,,,,,,,İklimlendirme ve Isıtma,Minisan,
musullu-msl-sp101-hepa,Musullu MSL-SP101 HEPA Multi-Cyclone Elektrikli Süpürge,Musullu MSL-SP101 HEPA Multi-Cyclone Elektrikli Süpürge. Motor Gücü: 1800 W; Filtre: HEPA13 anti-alerjik filtre; Kontrol: Koldan kumanda özelliği; Süpürge Borusu: 81 cm siyah metal boru; Hortum: 1.5 m tekstil hortum.,in stock,new,,https://wa.me/905447217289?text=Merhaba%2C%20Musullu%20MSL-SP101%20HEPA%20Multi-Cyclone%20Elektrikli%20S%C3%BCp%C3%BCrge%20%C3%BCr%C3%BCn%C3%BC%20hakk%C4%B1nda%20bilgi%20almak%20istiyorum.,https://raw.githubusercontent.com/youlchu/fazilet/catalog-assets/products/musullu-msl-sp101-hepa/product_hero.png,Musullu,,,,,,,,,,,,,,,,,,,,Süpürgeler,Musullu,
oscar-eko-ayla-utu-masasi,OSCAR Eko Ayla Ütü Masası Mavi Yaprak Desenli,OSCAR Eko Ayla Ütü Masası Mavi Yaprak Desenli. Ürün Tipi: Katlanabilir ütü masası; Ütü Alanı: Metal ütü koyma tablası; Garanti: 2 yıl; Üretim: Türkiye.,in stock,new,,https://wa.me/905447217289?text=Merhaba%2C%20OSCAR%20Eko%20Ayla%20%C3%9Ct%C3%BC%20Masas%C4%B1%20Mavi%20Yaprak%20Desenli%20%C3%BCr%C3%BCn%C3%BC%20hakk%C4%B1nda%20bilgi%20almak%20istiyorum.,https://raw.githubusercontent.com/youlchu/fazilet/catalog-assets/products/oscar-eko-ayla-utu-masasi/product_hero.png,OSCAR,,,,,,,,,,,,,,,,,,,,Ürün Aksesuarları,OSCAR,
oz-life-nova-gold-handles,Öz Life Nova 18 Parça Çelik Çeyiz Seti Gold handles,"Öz Life Nova 18 Parça Çelik Çeyiz Seti Gold handles. Tencere, Çaydanlık ve Sofra kategorisinde, sıfır ve satışa hazır ürün.",in stock,new,,https://wa.me/905447217289?text=Merhaba%2C%20%C3%96z%20Life%20Nova%2018%20Par%C3%A7a%20%C3%87elik%20%C3%87eyiz%20Seti%20Gold%20handles%20%C3%BCr%C3%BCn%C3%BC%20hakk%C4%B1nda%20bilgi%20almak%20istiyorum.,https://raw.githubusercontent.com/youlchu/fazilet/catalog-assets/products/oz-life-nova-gold-handles/product_hero.png,Öz Life,,,,,,,,,,,,,,,,,,,,"Tencere, Çaydanlık ve Sofra",Öz Life,
ozkent-k-410-siyah,Özkent K-410 Gurme Çay Keyfi Elektrikli Çay Makinesi Siyah,"Özkent K-410 Gurme Çay Keyfi Elektrikli Çay Makinesi Siyah. Güç: 1750 Watt; Alt Hazne Kapasitesi: 1,8 L; Üst Demlik Kapasitesi: 1 L; Gövde Malzemesi: 18/10 Cr-Ni 304 Kalite Paslanmaz Çelik; Otomatik Kapanma: Var.",in stock,new,,https://wa.me/905447217289?text=Merhaba%2C%20%C3%96zkent%20K-410%20Gurme%20%C3%87ay%20Keyfi%20Elektrikli%20%C3%87ay%20Makinesi%20Siyah%20%C3%BCr%C3%BCn%C3%BC%20hakk%C4%B1nda%20bilgi%20almak%20istiyorum.,https://raw.githubusercontent.com/youlchu/fazilet/catalog-assets/products/ozkent-k-410-siyah/product_hero.png,Özkent,,,,,,,,,,,,,,,,,,,,"Çay, Kahve ve Su Isıtıcıları",Özkent,
ozkent-lotus-8-pcs-set-stainless-steel,Özkent Lotus Lotus 4'lü Tencere Seti 8 pcs Set / Stainless Steel,"Özkent Lotus Lotus 4'lü Tencere Seti 8 pcs Set / Stainless Steel. Malzeme: 18/10 Cr-Ni 304 kalite paslanmaz çelik; Taban Yapısı: Isıyı eşit dağıtan üç kat kapsül taban; Ocak Uyumluluğu: İndüksiyon dahil tüm ocak tipleriyle uyumlu; Set İçeriği: 20 cm derin tencere, 22 cm derin tencere, 24 cm derin tencere, 24 cm kısa tencere; Temizlik: Bulaşık makinesinde yıkanabilir.",in stock,new,,https://wa.me/905447217289?text=Merhaba%2C%20%C3%96zkent%20Lotus%20Lotus%204%27l%C3%BC%20Tencere%20Seti%208%20pcs%20Set%20/%20Stainless%20Steel%20%C3%BCr%C3%BCn%C3%BC%20hakk%C4%B1nda%20bilgi%20almak%20istiyorum.,https://raw.githubusercontent.com/youlchu/fazilet/catalog-assets/products/ozkent-lotus-8-pcs-set-stainless-steel/product_hero.png,Özkent,,,,,,,,,,,,,,,,,,,,"Tencere, Çaydanlık ve Sofra",Özkent,
ozlife-vigo,Özlife VIGO 3 Parça Granit Çaydanlık Seti,"Özlife VIGO 3 Parça Granit Çaydanlık Seti. Malzeme: Granit; Üst Demlik Hacmi: 1,40 Lt; Alt Demlik Hacmi: 2,20 Lt; Bulaşık Makinesinde Yıkanabilirlik: Yıkanabilir.",in stock,new,,https://wa.me/905447217289?text=Merhaba%2C%20%C3%96zlife%20VIGO%203%20Par%C3%A7a%20Granit%20%C3%87aydanl%C4%B1k%20Seti%20%C3%BCr%C3%BCn%C3%BC%20hakk%C4%B1nda%20bilgi%20almak%20istiyorum.,https://raw.githubusercontent.com/youlchu/fazilet/catalog-assets/products/ozlife-vigo/product_hero.png,Özlife,,,,,,,,,,,,,,,,,,,,"Tencere, Çaydanlık ve Sofra",Özlife,
philips-2000,Philips 2000 Epilatör 2000,"Philips 2000 Epilatör 2000. Epilasyon ve Masaj kategorisinde, sıfır ve satışa hazır ürün.",in stock,new,,https://wa.me/905447217289?text=Merhaba%2C%20Philips%202000%20Epilat%C3%B6r%202000%20%C3%BCr%C3%BCn%C3%BC%20hakk%C4%B1nda%20bilgi%20almak%20istiyorum.,https://raw.githubusercontent.com/youlchu/fazilet/catalog-assets/products/philips-2000/product_hero.png,Philips,,,,,,,,,,,,,,,,,,,,Epilasyon ve Masaj,Philips,
philips-3300-series-lattego,PHILIPS 3300 series Fully automatic espresso machine with LatteGo LatteGo,"PHILIPS 3300 series Fully automatic espresso machine with LatteGo LatteGo. Çay, Kahve ve Su Isıtıcıları kategorisinde, sıfır ve satışa hazır ürün.",in stock,new,,https://wa.me/905447217289?text=Merhaba%2C%20PHILIPS%203300%20series%20Fully%20automatic%20espresso%20machine%20with%20LatteGo%20LatteGo%20%C3%BCr%C3%BCn%C3%BC%20hakk%C4%B1nda%20bilgi%20almak%20istiyorum.,https://raw.githubusercontent.com/youlchu/fazilet/catalog-assets/products/philips-3300-series-lattego/product_hero.png,PHILIPS,,,,,,,,,,,,,,,,,,,,"Çay, Kahve ve Su Isıtıcıları",PHILIPS,
philips-5000-series,Philips 5000 Series Buharlı Ütü,"Philips 5000 Series Buharlı Ütü. Ütüler kategorisinde, sıfır ve satışa hazır ürün.",in stock,new,,https://wa.me/905447217289?text=Merhaba%2C%20Philips%205000%20Series%20Buharl%C4%B1%20%C3%9Ct%C3%BC%20%C3%BCr%C3%BCn%C3%BC%20hakk%C4%B1nda%20bilgi%20almak%20istiyorum.,https://raw.githubusercontent.com/youlchu/fazilet/catalog-assets/products/philips-5000-series/product_hero.png,Philips,,,,,,,,,,,,,,,,,,,,Ütüler,Philips,
philips-azur,Philips Azur Steam Iron,"Philips Azur Steam Iron. Ütüler kategorisinde, sıfır ve satışa hazır ürün.",in stock,new,,https://wa.me/905447217289?text=Merhaba%2C%20Philips%20Azur%20Steam%20Iron%20%C3%BCr%C3%BCn%C3%BC%20hakk%C4%B1nda%20bilgi%20almak%20istiyorum.,https://raw.githubusercontent.com/youlchu/fazilet/catalog-assets/products/philips-azur/product_hero.png,Philips,,,,,,,,,,,,,,,,,,,,Ütüler,Philips,
philips-azur-7000-series,Philips Azur 7000 Series Steam iron,"Philips Azur 7000 Series Steam iron. Ütüler kategorisinde, sıfır ve satışa hazır ürün.",in stock,new,,https://wa.me/905447217289?text=Merhaba%2C%20Philips%20Azur%207000%20Series%20Steam%20iron%20%C3%BCr%C3%BCn%C3%BC%20hakk%C4%B1nda%20bilgi%20almak%20istiyorum.,https://raw.githubusercontent.com/youlchu/fazilet/catalog-assets/products/philips-azur-7000-series/product_hero.png,Philips,,,,,,,,,,,,,,,,,,,,Ütüler,Philips,
philips-azur-7500-series-3200-w-dst7510,Philips Azur 7500 Series 3200 W / DST7510,Philips Azur 7500 Series 3200 W / DST7510. Güç: 3200 W; Sürekli Buhar Çıkışı: 55 g/dk; Şok Buhar: 260 g; Taban Tipi: SteamGlide Elite; Kireç Yönetimi: Hızlı Kireç Çözme.,in stock,new,,https://wa.me/905447217289?text=Merhaba%2C%20Philips%20Azur%207500%20Series%203200%20W%20/%20DST7510%20%C3%BCr%C3%BCn%C3%BC%20hakk%C4%B1nda%20bilgi%20almak%20istiyorum.,https://raw.githubusercontent.com/youlchu/fazilet/catalog-assets/products/philips-azur-7500-series-3200-w-dst7510/product_hero.png,Philips,,,,,,,,,,,,,,,,,,,,Ütüler,Philips,
philips-azur-8000-series,Philips Azur 8000 Series Steam Iron 8000 Series,"Philips Azur 8000 Series Steam Iron 8000 Series. Ütüler kategorisinde, sıfır ve satışa hazır ürün.",in stock,new,,https://wa.me/905447217289?text=Merhaba%2C%20Philips%20Azur%208000%20Series%20Steam%20Iron%208000%20Series%20%C3%BCr%C3%BCn%C3%BC%20hakk%C4%B1nda%20bilgi%20almak%20istiyorum.,https://raw.githubusercontent.com/youlchu/fazilet/catalog-assets/products/philips-azur-8000-series/product_hero.png,Philips,,,,,,,,,,,,,,,,,,,,Ütüler,Philips,
philips-azur-dst7511-80-black-dark-purple-3200-w,Philips Azur DST7511/80 Azur 7500 Serisi Buharlı Ütü Black / Dark Purple 3200 W,Philips Azur DST7511/80 Azur 7500 Serisi Buharlı Ütü Black / Dark Purple 3200 W. Güç: 3200 W; Sürekli Buhar Çıkışı: 55 g/dk; Şok Buhar: 260 g; Taban: SteamGlide Elite; Kireç Temizleme: Hızlı Kireç Çözme (Quick Calc Release).,in stock,new,,https://wa.me/905447217289?text=Merhaba%2C%20Philips%20Azur%20DST7511/80%20Azur%207500%20Serisi%20Buharl%C4%B1%20%C3%9Ct%C3%BC%20Black%20/%20Dark%20Purple%203200%20W%20%C3%BCr%C3%BCn%C3%BC%20hakk%C4%B1nda%20bilgi%20almak%20istiyorum.,https://raw.githubusercontent.com/youlchu/fazilet/catalog-assets/products/philips-azur-dst7511-80-black-dark-purple-3200-w/product_hero.png,Philips,,,,,,,,,,,,,,,,,,,,Ütüler,Philips,
philips-dst7022-40-siyah-kirmizi,Philips DST7022/40 7000 Serisi HV Buharlı Ütü Siyah/Kırmızı,Philips DST7022/40 7000 Serisi HV Buharlı Ütü Siyah/Kırmızı. Şok buhar: 250 g; Sürekli buhar: 50 g/dk; Taban türü: SteamGlide Plus; Damlama durdurma sistemi: Var.,in stock,new,,https://wa.me/905447217289?text=Merhaba%2C%20Philips%20DST7022/40%207000%20Serisi%20HV%20Buharl%C4%B1%20%C3%9Ct%C3%BC%20Siyah/K%C4%B1rm%C4%B1z%C4%B1%20%C3%BCr%C3%BCn%C3%BC%20hakk%C4%B1nda%20bilgi%20almak%20istiyorum.,https://raw.githubusercontent.com/youlchu/fazilet/catalog-assets/products/philips-dst7022-40-siyah-kirmizi/product_hero.png,Philips,,,,,,,,,,,,,,,,,,,,Ütüler,Philips,
philips-dst7510-80-mavi-altin,Philips DST7510/80 Azur 7500 Serisi Buharlı Ütü Mavi / Altın,Philips DST7510/80 Azur 7500 Serisi Buharlı Ütü Mavi / Altın. Güç: 3200 W; Sürekli Buhar: 55 g/dk; Şok Buhar: 260 g; Taban: SteamGlide Elite; Kireç Temizleme: Hızlı Kireç Çözme (Quick Calc Release).,in stock,new,,https://wa.me/905447217289?text=Merhaba%2C%20Philips%20DST7510/80%20Azur%207500%20Serisi%20Buharl%C4%B1%20%C3%9Ct%C3%BC%20Mavi%20/%20Alt%C4%B1n%20%C3%BCr%C3%BCn%C3%BC%20hakk%C4%B1nda%20bilgi%20almak%20istiyorum.,https://raw.githubusercontent.com/youlchu/fazilet/catalog-assets/products/philips-dst7510-80-mavi-altin/product_hero.png,Philips,,,,,,,,,,,,,,,,,,,,Ütüler,Philips,
philips-hd6301-90-2200w,Philips HD6301/90 5000 Series Contact Grill 2200W,Philips HD6301/90 5000 Series Contact Grill 2200W. Güç: 2200 W; Plaka Özelliği: Çıkarılabilir yapışmaz plakalar; Sıcaklık Ayarı: Ayarlanabilir sıcaklık kontrolü; Gövde Açılımı: Izgara için tam açılır; Yükseklik: Ayarlanabilir yükseklik.,in stock,new,,https://wa.me/905447217289?text=Merhaba%2C%20Philips%20HD6301/90%205000%20Series%20Contact%20Grill%202200W%20%C3%BCr%C3%BCn%C3%BC%20hakk%C4%B1nda%20bilgi%20almak%20istiyorum.,https://raw.githubusercontent.com/youlchu/fazilet/catalog-assets/products/philips-hd6301-90-2200w/product_hero.png,Philips,,,,,,,,,,,,,,,,,,,,"Fırın, Airfryer ve Izgaralar",Philips,
philips-hd7301-00,PHILIPS HD7301/00 Tea Maker,"PHILIPS HD7301/00 Tea Maker. Su Isıtıcı Kapasitesi: 1,9 L; Güç: 1700 W; Sıcak Tutma: Otomatik sıcak tutma sistemi; Demlik Malzemesi: Cam demlik; Kullanım ve Temizlik: Kolay kullanım ve hızlı temizlik.",in stock,new,,https://wa.me/905447217289?text=Merhaba%2C%20PHILIPS%20HD7301/00%20Tea%20Maker%20%C3%BCr%C3%BCn%C3%BC%20hakk%C4%B1nda%20bilgi%20almak%20istiyorum.,https://raw.githubusercontent.com/youlchu/fazilet/catalog-assets/products/philips-hd7301-00/product_hero.png,PHILIPS,,,,,,,,,,,,,,,,,,,,"Çay, Kahve ve Su Isıtıcıları",PHILIPS,
pirantech-bhrl-08,PiranTech BHRL-08 Buz IPL Lazer Epilasyon Cihazı Beyaz / Altın,"PiranTech BHRL-08 Buz IPL Lazer Epilasyon Cihazı Beyaz / Altın. Atım Kapasitesi: 999.999; Güç Seviyesi: 9 kademe; Fonksiyonlar: Epilasyon, cilt gençleştirme, akne giderme; Soğutma: Ice buz lazer teknolojisi.",in stock,new,,https://wa.me/905447217289?text=Merhaba%2C%20PiranTech%20BHRL-08%20Buz%20IPL%20Lazer%20Epilasyon%20Cihaz%C4%B1%20Beyaz%20/%20Alt%C4%B1n%20%C3%BCr%C3%BCn%C3%BC%20hakk%C4%B1nda%20bilgi%20almak%20istiyorum.,https://raw.githubusercontent.com/youlchu/fazilet/catalog-assets/products/pirantech-bhrl-08/product_hero.png,PiranTech,,,,,,,,,,,,,,,,,,,,Epilasyon ve Masaj,PiranTech,
pirantech-bhrl-10,PiranTech BHRL-10 IPL Lazer Epilasyon Cihazı,PiranTech BHRL-10 IPL Lazer Epilasyon Cihazı. Atış Kapasitesi: 1.000.000'dan fazla atım; Güç Seviyesi: 9 ayarlanabilir seviye; Soğutma Sistemi: Buz başlık teknolojisi; Ekran: LCD ekran; Kullanım Şekli: Kablolu.,in stock,new,,https://wa.me/905447217289?text=Merhaba%2C%20PiranTech%20BHRL-10%20IPL%20Lazer%20Epilasyon%20Cihaz%C4%B1%20%C3%BCr%C3%BCn%C3%BC%20hakk%C4%B1nda%20bilgi%20almak%20istiyorum.,https://raw.githubusercontent.com/youlchu/fazilet/catalog-assets/products/pirantech-bhrl-10/product_hero.png,PiranTech,,,,,,,,,,,,,,,,,,,,Epilasyon ve Masaj,PiranTech,
pirantech-bhrl-15,PiranTech BHRL-15 IPL Lazer Epilasyon Cihazı,PiranTech BHRL-15 IPL Lazer Epilasyon Cihazı. Atış Kapasitesi: 999.999 atış; Kullanım Tipi: Kablolu ve kablosuz kullanım; Enerji Seviyesi: 10 seviye ayar seçeneği; Başlık Özelliği: 180 derece dönebilen başlık; Soğutma Teknolojisi: Buz soğutma sistemi.,in stock,new,,https://wa.me/905447217289?text=Merhaba%2C%20PiranTech%20BHRL-15%20IPL%20Lazer%20Epilasyon%20Cihaz%C4%B1%20%C3%BCr%C3%BCn%C3%BC%20hakk%C4%B1nda%20bilgi%20almak%20istiyorum.,https://raw.githubusercontent.com/youlchu/fazilet/catalog-assets/products/pirantech-bhrl-15/product_hero.png,PiranTech,,,,,,,,,,,,,,,,,,,,Epilasyon ve Masaj,PiranTech,
pirantech-cb-102a,PiranTech CB-102A Buharlı Temizlik Makinesi,PiranTech CB-102A Buharlı Temizlik Makinesi. Güç: 2000W; Buhar Basıncı: 4.0 Bar; Su Haznesi Kapasitesi: 1.5 Litre; Voltaj: 220 – 240 V; Frekans: 50 Hz / 60 Hz.,in stock,new,,https://wa.me/905447217289?text=Merhaba%2C%20PiranTech%20CB-102A%20Buharl%C4%B1%20Temizlik%20Makinesi%20%C3%BCr%C3%BCn%C3%BC%20hakk%C4%B1nda%20bilgi%20almak%20istiyorum.,https://raw.githubusercontent.com/youlchu/fazilet/catalog-assets/products/pirantech-cb-102a/product_hero.png,PiranTech,,,,,,,,,,,,,,,,,,,,Buharlı Temizlik ve Yıkama Makineleri,PiranTech,
pirantech-cb-103a,Pirantech CB-103A Buharlı Temizlik Makinesi,Pirantech CB-103A Buharlı Temizlik Makinesi. Güç: 2000 W; Buhar Basıncı: 4 bar; Maksimum Su Kapasitesi: Yaklaşık 1 L; Kullanıma Hazır Olma Süresi: Yaklaşık 5–6 dakika; Kablo Uzunluğu: 5 m.,in stock,new,,https://wa.me/905447217289?text=Merhaba%2C%20Pirantech%20CB-103A%20Buharl%C4%B1%20Temizlik%20Makinesi%20%C3%BCr%C3%BCn%C3%BC%20hakk%C4%B1nda%20bilgi%20almak%20istiyorum.,https://raw.githubusercontent.com/youlchu/fazilet/catalog-assets/products/pirantech-cb-103a/product_hero.png,Pirantech,,,,,,,,,,,,,,,,,,,,Buharlı Temizlik ve Yıkama Makineleri,Pirantech,
pirantech-cb-107c,Pirantech CB-107C Çok Fonksiyonlu Buharlı Temizlik Makinesi,Pirantech CB-107C Çok Fonksiyonlu Buharlı Temizlik Makinesi. Isıtma Kapasitesi: 2000 W; Buhar Basıncı: 4 bar; Su Haznesi Kapasitesi: 1.5 l; Buhar Sıcaklığı: 110°C; Kablo Uzunluğu: 5 metre.,in stock,new,,https://wa.me/905447217289?text=Merhaba%2C%20Pirantech%20CB-107C%20%C3%87ok%20Fonksiyonlu%20Buharl%C4%B1%20Temizlik%20Makinesi%20%C3%BCr%C3%BCn%C3%BC%20hakk%C4%B1nda%20bilgi%20almak%20istiyorum.,https://raw.githubusercontent.com/youlchu/fazilet/catalog-assets/products/pirantech-cb-107c/product_hero.png,Pirantech,,,,,,,,,,,,,,,,,,,,Buharlı Temizlik ve Yıkama Makineleri,Pirantech,
pirantech-cb702-buharli-mop,PiranTech CB702 1250 W Buharlı Mop,"PiranTech CB702 1250 W Buharlı Mop. Buharlı Temizlik ve Yıkama Makineleri kategorisinde, sıfır ve satışa hazır ürün.",in stock,new,,https://wa.me/905447217289?text=Merhaba%2C%20PiranTech%20CB702%201250%20W%20Buharl%C4%B1%20Mop%20%C3%BCr%C3%BCn%C3%BC%20hakk%C4%B1nda%20bilgi%20almak%20istiyorum.,https://raw.githubusercontent.com/youlchu/fazilet/catalog-assets/products/pirantech-cb702-buharli-mop/product_hero.png,PiranTech,,,,,,,,,,,,,,,,,,,,Buharlı Temizlik ve Yıkama Makineleri,PiranTech,
pirantech-es-98-kablosuz-dikey-supurge,PiranTech ES-98 Kablosuz Dikey Süpürge,"PiranTech ES-98 Kablosuz Dikey Süpürge. Süpürgeler kategorisinde, sıfır ve satışa hazır ürün.",in stock,new,,https://wa.me/905447217289?text=Merhaba%2C%20PiranTech%20ES-98%20Kablosuz%20Dikey%20S%C3%BCp%C3%BCrge%20%C3%BCr%C3%BCn%C3%BC%20hakk%C4%B1nda%20bilgi%20almak%20istiyorum.,https://raw.githubusercontent.com/youlchu/fazilet/catalog-assets/products/pirantech-es-98-kablosuz-dikey-supurge/product_hero.png,PiranTech,,,,,,,,,,,,,,,,,,,,Süpürgeler,PiranTech,
pirantech-ks-103,PiranTech KS-103 Airbreeze,"PiranTech KS-103 Airbreeze. Ürün Tipi: Saç şekillendirme ve kurutma seti; Motor: Yüksek hızlı fırçasız motor, 105.000 devir/dakika (±5.000 devir/dakika tolerans); Güç Tüketimi: 1300–1500 W; Hava Hızı: 3 kademe; Sıcaklık: 3 kademe.",in stock,new,,https://wa.me/905447217289?text=Merhaba%2C%20PiranTech%20KS-103%20Airbreeze%20%C3%BCr%C3%BCn%C3%BC%20hakk%C4%B1nda%20bilgi%20almak%20istiyorum.,https://raw.githubusercontent.com/youlchu/fazilet/catalog-assets/products/pirantech-ks-103/product_hero.png,PiranTech,,,,,,,,,,,,,,,,,,,,Saç ve Sakal Bakımı,PiranTech,
pirantech-ks-92,PiranTech KS-92 PiranTech KS-92 Profesyonel Saç Kurutma Makinesi ve Şekillendirici,PiranTech KS-92 PiranTech KS-92 Profesyonel Saç Kurutma Makinesi ve Şekillendirici. Isı Ayarı: 3 kademeli; Hız Ayarı: 3 kademeli; Teknoloji: Negatif iyon; Kontrol Paneli: LED göstergeli; Hava Filtresi: Çıkarılabilir ve temizlenebilir.,in stock,new,,https://wa.me/905447217289?text=Merhaba%2C%20PiranTech%20KS-92%20PiranTech%20KS-92%20Profesyonel%20Sa%C3%A7%20Kurutma%20Makinesi%20ve%20%C5%9Eekillendirici%20%C3%BCr%C3%BCn%C3%BC%20hakk%C4%B1nda%20bilgi%20almak%20istiyorum.,https://raw.githubusercontent.com/youlchu/fazilet/catalog-assets/products/pirantech-ks-92/product_hero.png,PiranTech,,,,,,,,,,,,,,,,,,,,Saç ve Sakal Bakımı,PiranTech,
pirantech-kt-503-800-w-3-l,PiranTech KT-503 Koltuk ve Halı Yıkama Makinesi 800 W 3 L,"PiranTech KT-503 Koltuk ve Halı Yıkama Makinesi 800 W 3 L. Motor Gücü: 800 W; Emiş Gücü: 17 kPa; Temizlik Fonksiyonu: Su püskürtme ve vakumlama; Tank Sistemi: Ayrı temiz su ve kirli su tankları; Aksesuar Başlıkları: Koltuk, halı, zemin, dar uçlu ve cam/ayna başlıkları.",in stock,new,,https://wa.me/905447217289?text=Merhaba%2C%20PiranTech%20KT-503%20Koltuk%20ve%20Hal%C4%B1%20Y%C4%B1kama%20Makinesi%20800%20W%203%20L%20%C3%BCr%C3%BCn%C3%BC%20hakk%C4%B1nda%20bilgi%20almak%20istiyorum.,https://raw.githubusercontent.com/youlchu/fazilet/catalog-assets/products/pirantech-kt-503-800-w-3-l/product_hero.png,PiranTech,,,,,,,,,,,,,,,,,,,,Buharlı Temizlik ve Yıkama Makineleri,PiranTech,
pirantech-v22c,PiranTech V22C Koltuk ve Halı Yıkama Makinesi,"PiranTech V22C Koltuk ve Halı Yıkama Makinesi. Motor Gücü: 450 W; Emiş Gücü: 9–12 kPa; Su Püskürtme Özelliği: Var; Kullanım Alanı: Koltuk, halı, cam ve evcil hayvan temizliği.",in stock,new,,https://wa.me/905447217289?text=Merhaba%2C%20PiranTech%20V22C%20Koltuk%20ve%20Hal%C4%B1%20Y%C4%B1kama%20Makinesi%20%C3%BCr%C3%BCn%C3%BC%20hakk%C4%B1nda%20bilgi%20almak%20istiyorum.,https://raw.githubusercontent.com/youlchu/fazilet/catalog-assets/products/pirantech-v22c/product_hero.png,PiranTech,,,,,,,,,,,,,,,,,,,,Buharlı Temizlik ve Yıkama Makineleri,PiranTech,
pirantech-yh-1420,PiranTech YH-1420 Mutfak Robotu,PiranTech YH-1420 Mutfak Robotu. Güç: 1700 W; Hazne Kapasitesi: 1500 ml; Hız Kademesi: 10 Kademe; Bıçak Sayısı: 4 Bıçaklı; Turbo Fonksiyonu: Var.,in stock,new,,https://wa.me/905447217289?text=Merhaba%2C%20PiranTech%20YH-1420%20Mutfak%20Robotu%20%C3%BCr%C3%BCn%C3%BC%20hakk%C4%B1nda%20bilgi%20almak%20istiyorum.,https://raw.githubusercontent.com/youlchu/fazilet/catalog-assets/products/pirantech-yh-1420/product_hero.png,PiranTech,,,,,,,,,,,,,,,,,,,,Blender ve Mutfak Hazırlık,PiranTech,
powertec-ipl-buz-lazer-epilasyon,POWERTEC IPL Buz Lazer Epilasyon,"POWERTEC IPL Buz Lazer Epilasyon. Epilasyon ve Masaj kategorisinde, sıfır ve satışa hazır ürün.",in stock,new,,https://wa.me/905447217289?text=Merhaba%2C%20POWERTEC%20IPL%20Buz%20Lazer%20Epilasyon%20%C3%BCr%C3%BCn%C3%BC%20hakk%C4%B1nda%20bilgi%20almak%20istiyorum.,https://raw.githubusercontent.com/youlchu/fazilet/catalog-assets/products/powertec-ipl-buz-lazer-epilasyon/product_hero.png,POWERTEC,,,,,,,,,,,,,,,,,,,,Epilasyon ve Masaj,POWERTEC,
powertec-tr-3500,POWERTEC TR-3500 POWERTEC TR-3500,"POWERTEC TR-3500 POWERTEC TR-3500. Motor Hızı: 6500 RPM; Kesim Aralığı: 0.8 - 2 mm; Çalışma Süresi: 2 - 3 saat; Şarj Süresi: 2 - 3 saat; Tarak Ölçüleri: 1.5, 3, 4.5, 6, 9, 12, 15, 18 mm.",in stock,new,,https://wa.me/905447217289?text=Merhaba%2C%20POWERTEC%20TR-3500%20POWERTEC%20TR-3500%20%C3%BCr%C3%BCn%C3%BC%20hakk%C4%B1nda%20bilgi%20almak%20istiyorum.,https://raw.githubusercontent.com/youlchu/fazilet/catalog-assets/products/powertec-tr-3500/product_hero.png,POWERTEC,,,,,,,,,,,,,,,,,,,,Saç ve Sakal Bakımı,POWERTEC,
powertec-tr-999,POWERTEC TR-999 IPL BUZ LAZER EPİLASYON,POWERTEC TR-999 IPL BUZ LAZER EPİLASYON. Atım Kapasitesi: 999.999 atım; Çalışma Modu: Otomatik ve manuel mod; Enerji Kademesi: 9 seviye; Soğutma Teknolojisi: Buz başlık serinletme teknolojisi.,in stock,new,,https://wa.me/905447217289?text=Merhaba%2C%20POWERTEC%20TR-999%20IPL%20BUZ%20LAZER%20EP%C4%B0LASYON%20%C3%BCr%C3%BCn%C3%BC%20hakk%C4%B1nda%20bilgi%20almak%20istiyorum.,https://raw.githubusercontent.com/youlchu/fazilet/catalog-assets/products/powertec-tr-999/product_hero.png,POWERTEC,,,,,,,,,,,,,,,,,,,,Epilasyon ve Masaj,POWERTEC,
raks-pera-plus,RAKS PERA PLUS EL BLENDERI,RAKS PERA PLUS EL BLENDERI. Güç: Maksimum 1700 W; Ölçü Kabı Kapasitesi: 600 ml; Bıçak Özelliği: 4 kanatlı paslanmaz bıçak; Tasarım: Ergonomik tasarım.,in stock,new,,https://wa.me/905447217289?text=Merhaba%2C%20RAKS%20PERA%20PLUS%20EL%20BLENDERI%20%C3%BCr%C3%BCn%C3%BC%20hakk%C4%B1nda%20bilgi%20almak%20istiyorum.,https://raw.githubusercontent.com/youlchu/fazilet/catalog-assets/products/raks-pera-plus/product_hero.png,RAKS,,,,,,,,,,,,,,,,,,,,Blender ve Mutfak Hazırlık,RAKS,
range-multi-blend-1700w,RANGE MULTI BLEND Blender Seti 1700W,RANGE MULTI BLEND Blender Seti 1700W. Güç: 1700 Watt; Blender Aparatı: 4 bıçaklı paslanmaz çelik; Hız Fonksiyonu: Turbo fonksiyon düğmesi ile ekstra hız; Renk: Siyah.,in stock,new,,https://wa.me/905447217289?text=Merhaba%2C%20RANGE%20MULTI%20BLEND%20Blender%20Seti%201700W%20%C3%BCr%C3%BCn%C3%BC%20hakk%C4%B1nda%20bilgi%20almak%20istiyorum.,https://raw.githubusercontent.com/youlchu/fazilet/catalog-assets/products/range-multi-blend-1700w/product_hero.png,RANGE,,,,,,,,,,,,,,,,,,,,Blender ve Mutfak Hazırlık,RANGE,
relux-rs9500-keratincare,Relux RS9500 KeratinCare Saç Düzleştirici Siyah / Rose Gold,"Relux RS9500 KeratinCare Saç Düzleştirici Siyah / Rose Gold. Isı Ayarı: 150-230°C, 5 kademe; Plakalar: Seramik, turmalin ve keratin kaplı; Isınma Süresi: 30 saniye; Güvenlik: 60 dakikada otomatik kapanma; Gösterge: LCD sıcaklık ekranı.",in stock,new,,https://wa.me/905447217289?text=Merhaba%2C%20Relux%20RS9500%20KeratinCare%20Sa%C3%A7%20D%C3%BCzle%C5%9Ftirici%20Siyah%20/%20Rose%20Gold%20%C3%BCr%C3%BCn%C3%BC%20hakk%C4%B1nda%20bilgi%20almak%20istiyorum.,https://raw.githubusercontent.com/youlchu/fazilet/catalog-assets/products/relux-rs9500-keratincare/product_hero.png,Relux,,,,,,,,,,,,,,,,,,,,Saç ve Sakal Bakımı,Relux,
remington-grooming-kit-trimmer-set,REMINGTON Grooming Kit / Trimmer Set,"REMINGTON Grooming Kit / Trimmer Set. Saç ve Sakal Bakımı kategorisinde, sıfır ve satışa hazır ürün.",in stock,new,,https://wa.me/905447217289?text=Merhaba%2C%20REMINGTON%20Grooming%20Kit%20/%20Trimmer%20Set%20%C3%BCr%C3%BCn%C3%BC%20hakk%C4%B1nda%20bilgi%20almak%20istiyorum.,https://raw.githubusercontent.com/youlchu/fazilet/catalog-assets/products/remington-grooming-kit-trimmer-set/product_hero.png,REMINGTON,,,,,,,,,,,,,,,,,,,,Saç ve Sakal Bakımı,REMINGTON,
remington-pg6130-titanium-coated-blades,REMINGTON PG6130 Groomkit Titanium Coated Blades,"REMINGTON PG6130 Groomkit Titanium Coated Blades. Bıçak Tipi: Titanyum kaplama bıçaklar; Başlıklar: 4 adet yıkanabilir başlık (ana düzeltici, mini folyo tıraş başlığı, detay şekillendirici, burun ve kulak tüyü kesici); Taraklar: 5 adet sabit kılavuz tarak (1.5, 3, 6, 9, 12 mm); Kullanım Süresi: 40 dakikaya kadar kablosuz kullanım; Stand: Kompakt şarj ve saklama standı.",in stock,new,,https://wa.me/905447217289?text=Merhaba%2C%20REMINGTON%20PG6130%20Groomkit%20Titanium%20Coated%20Blades%20%C3%BCr%C3%BCn%C3%BC%20hakk%C4%B1nda%20bilgi%20almak%20istiyorum.,https://raw.githubusercontent.com/youlchu/fazilet/catalog-assets/products/remington-pg6130-titanium-coated-blades/product_hero.png,REMINGTON,,,,,,,,,,,,,,,,,,,,Saç ve Sakal Bakımı,REMINGTON,
remington-s8540,Remington S8540 Keratin Protect Straightener,Remington S8540 Keratin Protect Straightener. Plaka Kaplaması: Keratin ve Badem Yağı ile zenginleştirilmiş gelişmiş seramik plakalar; Isınma Süresi: 15 saniyede hızlı ısınma; Sıcaklık Kademesi: 9 kademeli dijital ısı ayarı (150°C - 230°C); Pro+ Ayarı: 185°C ısıda hassas şekillendirme fonksiyonu; Otomatik Kapanma: 60 dakika sonra otomatik kapanma.,in stock,new,,https://wa.me/905447217289?text=Merhaba%2C%20Remington%20S8540%20Keratin%20Protect%20Straightener%20%C3%BCr%C3%BCn%C3%BC%20hakk%C4%B1nda%20bilgi%20almak%20istiyorum.,https://raw.githubusercontent.com/youlchu/fazilet/catalog-assets/products/remington-s8540/product_hero.png,Remington,,,,,,,,,,,,,,,,,,,,Saç ve Sakal Bakımı,Remington,
remington-s9100,Remington S9100 PROluxe Saç Düzleştirici,Remington S9100 PROluxe Saç Düzleştirici. Isı Teknolojisi: İhtiyaç duyulan noktalara hedeflenmiş ısı sağlayan akıllı OPTIheat teknolojisi; Maksimum Sıcaklık: 230°C'ye kadar kademeli sıcaklık ayarı; Pro+ Modu: 185°C sıcaklıkta daha sağlıklı şekillendirme sağlayan Pro+ ayarı; Plaka Kaplaması: 5 kata kadar daha pürüzsüz kayganlık sunan ultimate glide seramik kaplama; Şekillendirme Etkisi: Tek geçişte %50 daha düz sonuç ve 24 saat kalıcılık.,in stock,new,,https://wa.me/905447217289?text=Merhaba%2C%20Remington%20S9100%20PROluxe%20Sa%C3%A7%20D%C3%BCzle%C5%9Ftirici%20%C3%BCr%C3%BCn%C3%BC%20hakk%C4%B1nda%20bilgi%20almak%20istiyorum.,https://raw.githubusercontent.com/youlchu/fazilet/catalog-assets/products/remington-s9100/product_hero.png,Remington,,,,,,,,,,,,,,,,,,,,Saç ve Sakal Bakımı,Remington,
remington-s9500,Remington S9500 Pearl Straightener,Remington S9500 Pearl Straightener. Kaplama: Gerçek inci içeren gelişmiş seramik kaplama (Advanced Ceramic Ultimate with Real Pearl); Sıcaklık Aralığı: 150°C - 235°C dijital LCD ekran; Isınma Süresi: 10 saniyede hızlı ısınma; Plaka Tipi: 110 mm ekstra uzun esnek (hareketli) plakalar; Fonksiyonlar: Isı sabitleme kilidi ve hızlı ısı artırma (Heat Boost) fonksiyonu.,in stock,new,,https://wa.me/905447217289?text=Merhaba%2C%20Remington%20S9500%20Pearl%20Straightener%20%C3%BCr%C3%BCn%C3%BC%20hakk%C4%B1nda%20bilgi%20almak%20istiyorum.,https://raw.githubusercontent.com/youlchu/fazilet/catalog-assets/products/remington-s9500/product_hero.png,Remington,,,,,,,,,,,,,,,,,,,,Saç ve Sakal Bakımı,Remington,
remington-wet-2-straight,REMINGTON Wet 2 Straight Straightener for use on wet or dry hair,"REMINGTON Wet 2 Straight Straightener for use on wet or dry hair. Saç ve Sakal Bakımı kategorisinde, sıfır ve satışa hazır ürün.",in stock,new,,https://wa.me/905447217289?text=Merhaba%2C%20REMINGTON%20Wet%202%20Straight%20Straightener%20for%20use%20on%20wet%20or%20dry%20hair%20%C3%BCr%C3%BCn%C3%BC%20hakk%C4%B1nda%20bilgi%20almak%20istiyorum.,https://raw.githubusercontent.com/youlchu/fazilet/catalog-assets/products/remington-wet-2-straight/product_hero.png,REMINGTON,,,,,,,,,,,,,,,,,,,,Saç ve Sakal Bakımı,REMINGTON,
samdan-mini-firin,Şamdan Mini Fırın,"Şamdan Mini Fırın. Fırın, Airfryer ve Izgaralar kategorisinde, sıfır ve satışa hazır ürün.",in stock,new,,https://wa.me/905447217289?text=Merhaba%2C%20%C5%9Eamdan%20Mini%20F%C4%B1r%C4%B1n%20%C3%BCr%C3%BCn%C3%BC%20hakk%C4%B1nda%20bilgi%20almak%20istiyorum.,https://raw.githubusercontent.com/youlchu/fazilet/catalog-assets/products/samdan-mini-firin/product_hero.png,Şamdan,,,,,,,,,,,,,,,,,,,,"Fırın, Airfryer ve Izgaralar",Şamdan,
samsung-vc07t357mhb-blue,Samsung VC07T357MHB VC3500TM CycloneForce Toz Torbasız Elektrikli Süpürge Blue,"Samsung VC07T357MHB VC3500TM CycloneForce Toz Torbasız Elektrikli Süpürge Blue. Emiş Teknolojisi: CycloneForce; Toz Haznesi Kapasitesi: 2,5 L; Filtreleme Sistemi: 5 Kademeli Filtre Sistemi; Park Sistemi: 2 Yönlü Park Sistemi; Motor Gücü: 750 W.",in stock,new,,https://wa.me/905447217289?text=Merhaba%2C%20Samsung%20VC07T357MHB%20VC3500TM%20CycloneForce%20Toz%20Torbas%C4%B1z%20Elektrikli%20S%C3%BCp%C3%BCrge%20Blue%20%C3%BCr%C3%BCn%C3%BC%20hakk%C4%B1nda%20bilgi%20almak%20istiyorum.,https://raw.githubusercontent.com/youlchu/fazilet/catalog-assets/products/samsung-vc07t357mhb-blue/product_hero.png,Samsung,,,,,,,,,,,,,,,,,,,,Süpürgeler,Samsung,
sarex-sr-7000-easy-fit-1500-w,Sarex SR-7000 Easy Fit SR-7000 Easy Fit Sıcak Hava Fritözü 1500 W,Sarex SR-7000 Easy Fit SR-7000 Easy Fit Sıcak Hava Fritözü 1500 W. Isıtma Gücü: 1500 W; Hazne Kapasitesi: 5 L çıkarılabilir yapışmaz sepet ve 5.5 L çıkarılabilir yapışmaz tava; Kontrol Paneli: Dokunmatik dijital panel ve LCD gösterge; Pişirme Programı: 8 ayrı pişirme programı; Sıcaklık Aralığı: 80°C - 200°C arasında ayarlanabilir ısı ayarı.,in stock,new,,https://wa.me/905447217289?text=Merhaba%2C%20Sarex%20SR-7000%20Easy%20Fit%20SR-7000%20Easy%20Fit%20S%C4%B1cak%20Hava%20Frit%C3%B6z%C3%BC%201500%20W%20%C3%BCr%C3%BCn%C3%BC%20hakk%C4%B1nda%20bilgi%20almak%20istiyorum.,https://raw.githubusercontent.com/youlchu/fazilet/catalog-assets/products/sarex-sr-7000-easy-fit-1500-w/product_hero.png,Sarex,,,,,,,,,,,,,,,,,,,,"Fırın, Airfryer ve Izgaralar",Sarex,
schafer-fitfry,SCHAFER FitFry FitFry Sıcak Hava Fritözü,SCHAFER FitFry FitFry Sıcak Hava Fritözü. Isıtma Gücü: 1500 W; Pişirme Kapasitesi: 3.5 L; Otomatik Kapanma: Var; Zaman Kontrolü: Var; Temizlik: Bulaşık makinesinde yıkanabilir pişirme haznesi.,in stock,new,,https://wa.me/905447217289?text=Merhaba%2C%20SCHAFER%20FitFry%20FitFry%20S%C4%B1cak%20Hava%20Frit%C3%B6z%C3%BC%20%C3%BCr%C3%BCn%C3%BC%20hakk%C4%B1nda%20bilgi%20almak%20istiyorum.,https://raw.githubusercontent.com/youlchu/fazilet/catalog-assets/products/schafer-fitfry/product_hero.png,SCHAFER,,,,,,,,,,,,,,,,,,,,"Fırın, Airfryer ve Izgaralar",SCHAFER,
schafer-tostcumm-plus,SCHAFER Tostçumm PLUS Tost ve Izgara Makinesi,SCHAFER Tostçumm PLUS Tost ve Izgara Makinesi. Isıtma Gücü: 2000 W; Pişirme Plakası: Yapışmaz kaplamalı alüminyum döküm; Gövde Açılma Açısı: 180° açılabilen üst gövde; Isı Ayarı: 3 kademeli; Gövde Ayarı: Yiyecek kalınlığına göre ayarlanabilir üst gövde.,in stock,new,,https://wa.me/905447217289?text=Merhaba%2C%20SCHAFER%20Tost%C3%A7umm%20PLUS%20Tost%20ve%20Izgara%20Makinesi%20%C3%BCr%C3%BCn%C3%BC%20hakk%C4%B1nda%20bilgi%20almak%20istiyorum.,https://raw.githubusercontent.com/youlchu/fazilet/catalog-assets/products/schafer-tostcumm-plus/product_hero.png,SCHAFER,,,,,,,,,,,,,,,,,,,,"Fırın, Airfryer ve Izgaralar",SCHAFER,
schafer-vals-inox,SCHAFER Vals Vals 7 Parça Çelik Tencere Seti Inox,SCHAFER Vals Vals 7 Parça Çelik Tencere Seti Inox. Gövde Malzemesi: 18/10 krom-nikel paslanmaz çelik; Taban Teknolojisi: Kapsül taban; Kapak Tipi: Isıya dayanıklı cam kapak; Temizlik: Bulaşık makinesinde yıkanabilir; Ocak Uyumluluğu: Tüm ocak tiplerinde kullanılabilir.,in stock,new,,https://wa.me/905447217289?text=Merhaba%2C%20SCHAFER%20Vals%20Vals%207%20Par%C3%A7a%20%C3%87elik%20Tencere%20Seti%20Inox%20%C3%BCr%C3%BCn%C3%BC%20hakk%C4%B1nda%20bilgi%20almak%20istiyorum.,https://raw.githubusercontent.com/youlchu/fazilet/catalog-assets/products/schafer-vals-inox/product_hero.png,SCHAFER,,,,,,,,,,,,,,,,,,,,"Tencere, Çaydanlık ve Sofra",SCHAFER,
silver-crest-suzuka-scu-15-10000w,SILVER CREST SUZUKA SCU-15 2 in 1 BLENDER 10000W,"SILVER CREST SUZUKA SCU-15 2 in 1 BLENDER 10000W. Blender ve Mutfak Hazırlık kategorisinde, sıfır ve satışa hazır ürün.",in stock,new,,https://wa.me/905447217289?text=Merhaba%2C%20SILVER%20CREST%20SUZUKA%20SCU-15%202%20in%201%20BLENDER%2010000W%20%C3%BCr%C3%BCn%C3%BC%20hakk%C4%B1nda%20bilgi%20almak%20istiyorum.,https://raw.githubusercontent.com/youlchu/fazilet/catalog-assets/products/silver-crest-suzuka-scu-15-10000w/product_hero.png,SILVER CREST SUZUKA,,,,,,,,,,,,,,,,,,,,Blender ve Mutfak Hazırlık,SILVER CREST SUZUKA,
simfer-4552-45l-mekanik-midi-firin,Simfer 4552 45 L Beyaz Mekanik Turbo Midi Fırın,"Simfer 4552 45 L Beyaz Mekanik Turbo Midi Fırın. Fırın, Airfryer ve Izgaralar kategorisinde, sıfır ve satışa hazır ürün.",in stock,new,,https://wa.me/905447217289?text=Merhaba%2C%20Simfer%204552%2045%20L%20Beyaz%20Mekanik%20Turbo%20Midi%20F%C4%B1r%C4%B1n%20%C3%BCr%C3%BCn%C3%BC%20hakk%C4%B1nda%20bilgi%20almak%20istiyorum.,https://raw.githubusercontent.com/youlchu/fazilet/catalog-assets/products/simfer-4552-45l-mekanik-midi-firin/product_hero.png,Simfer,,,,,,,,,,,,,,,,,,,,"Fırın, Airfryer ve Izgaralar",Simfer,
simfer-4558-45l-dijital-midi-firin,Simfer 4558 45 L Beyaz Dijital Turbo Midi Fırın,"Simfer 4558 45 L Beyaz Dijital Turbo Midi Fırın. Fırın, Airfryer ve Izgaralar kategorisinde, sıfır ve satışa hazır ürün.",in stock,new,,https://wa.me/905447217289?text=Merhaba%2C%20Simfer%204558%2045%20L%20Beyaz%20Dijital%20Turbo%20Midi%20F%C4%B1r%C4%B1n%20%C3%BCr%C3%BCn%C3%BC%20hakk%C4%B1nda%20bilgi%20almak%20istiyorum.,https://raw.githubusercontent.com/youlchu/fazilet/catalog-assets/products/simfer-4558-45l-dijital-midi-firin/product_hero.png,Simfer,,,,,,,,,,,,,,,,,,,,"Fırın, Airfryer ve Izgaralar",Simfer,
simfer-sk-6704-siyah,Simfer SK-6704 Air Fry Smart 8L Siyah,Simfer SK-6704 Air Fry Smart 8L Siyah. Kapasite: 8 Litre; Kontrol Paneli: Dokunmatik dijital kontrol paneli; Pişirme Programları: 12 farklı ön ayarlı pişirme modu; Sıcaklık Aralığı: 80-200 C'ye kadar ayarlanabilir sıcaklık; Sıcak Tutma: Sıcak tutma fonksiyonu.,in stock,new,,https://wa.me/905447217289?text=Merhaba%2C%20Simfer%20SK-6704%20Air%20Fry%20Smart%208L%20Siyah%20%C3%BCr%C3%BCn%C3%BC%20hakk%C4%B1nda%20bilgi%20almak%20istiyorum.,https://raw.githubusercontent.com/youlchu/fazilet/catalog-assets/products/simfer-sk-6704-siyah/product_hero.png,Simfer,,,,,,,,,,,,,,,,,,,,"Fırın, Airfryer ve Izgaralar",Simfer,
sinbo-sel-6044,Sinbo SEL 6044 IPL Epilasyon Cihazı,"Sinbo SEL 6044 IPL Epilasyon Cihazı. Atım Kapasitesi: 999.999 flaş darbe ömrü; Güç Seviyesi: Ayarlanabilir 9 güç seviyesi; Ekran: Aydınlatmalı LCD bilgi ekranı; Soğutma Teknolojisi: Buz soğutma teknolojisi; Fonksiyon Modları: 3'ü 1 arada epilasyon (HR), cilt gençleştirme (SC) ve akne giderme (RA).",in stock,new,,https://wa.me/905447217289?text=Merhaba%2C%20Sinbo%20SEL%206044%20IPL%20Epilasyon%20Cihaz%C4%B1%20%C3%BCr%C3%BCn%C3%BC%20hakk%C4%B1nda%20bilgi%20almak%20istiyorum.,https://raw.githubusercontent.com/youlchu/fazilet/catalog-assets/products/sinbo-sel-6044/product_hero.png,Sinbo,,,,,,,,,,,,,,,,,,,,Epilasyon ve Masaj,Sinbo,
sinbo-shc-4375,Sinbo SHC 4375 Saç Kesme Makinesi / Hair Trimmer,Sinbo SHC 4375 Saç Kesme Makinesi / Hair Trimmer. Güç Kaynağı: AA pil; Kullanım Türü: Kablosuz; Kullanım Şekli: Kuru; Uygulama Alanı: Vücut; Renk: Mavi.,in stock,new,,https://wa.me/905447217289?text=Merhaba%2C%20Sinbo%20SHC%204375%20Sa%C3%A7%20Kesme%20Makinesi%20/%20Hair%20Trimmer%20%C3%BCr%C3%BCn%C3%BC%20hakk%C4%B1nda%20bilgi%20almak%20istiyorum.,https://raw.githubusercontent.com/youlchu/fazilet/catalog-assets/products/sinbo-shc-4375/product_hero.png,Sinbo,,,,,,,,,,,,,,,,,,,,Saç ve Sakal Bakımı,Sinbo,
sinbo-shd-1719-1300w,Sinbo SHD 1719 Saç Şekillendirme Seti 1300W,"Sinbo SHD 1719 Saç Şekillendirme Seti 1300W. Motor Tipi: 1300W Turbo BLDC motor; Motor Devri: 110.000 RPM; Hız Ayarı: 3 Kademeli (Yüksek, orta, düşük); Sıcaklık Ayarı: 3 Kademeli (Sıcak, ılık, soğuk); İyon Teknolojisi: Negatif iyon teknolojisi.",in stock,new,,https://wa.me/905447217289?text=Merhaba%2C%20Sinbo%20SHD%201719%20Sa%C3%A7%20%C5%9Eekillendirme%20Seti%201300W%20%C3%BCr%C3%BCn%C3%BC%20hakk%C4%B1nda%20bilgi%20almak%20istiyorum.,https://raw.githubusercontent.com/youlchu/fazilet/catalog-assets/products/sinbo-shd-1719-1300w/product_hero.png,Sinbo,,,,,,,,,,,,,,,,,,,,Saç ve Sakal Bakımı,Sinbo,
sinbo-ssc-6423,Sinbo SSC-6423 Çok Fonksiyonlu Buharlı Temizlik Makinesi,Sinbo SSC-6423 Çok Fonksiyonlu Buharlı Temizlik Makinesi. Kapasite: 1.2 L; Buhar Basıncı: 1.5 - 4.5 bar; Isınma Süresi: 6 dakika; Kullanım Süresi: 20 dakika; Buhar Miktarı: Yaklaşık 40 g/dk.,in stock,new,,https://wa.me/905447217289?text=Merhaba%2C%20Sinbo%20SSC-6423%20%C3%87ok%20Fonksiyonlu%20Buharl%C4%B1%20Temizlik%20Makinesi%20%C3%BCr%C3%BCn%C3%BC%20hakk%C4%B1nda%20bilgi%20almak%20istiyorum.,https://raw.githubusercontent.com/youlchu/fazilet/catalog-assets/products/sinbo-ssc-6423/product_hero.png,Sinbo,,,,,,,,,,,,,,,,,,,,Buharlı Temizlik ve Yıkama Makineleri,Sinbo,
sinbo-stm-5845-inox-black,Sinbo STM-5845 Elektrikli Çay Makinesi / Electric Tea Maker Inox / Black,Sinbo STM-5845 Elektrikli Çay Makinesi / Electric Tea Maker Inox / Black. Su Isıtıcı Kapasitesi: 1.7 L; Demlik Kapasitesi: 0.7 L; Rezistans: Paslanmaz çelik gizli rezistans; Taban Özelliği: 360° dönebilme özelliği; Emniyet Sistemi: Aşırı ısınma ve susuz çalışmayı önleyen emniyet sistemi.,in stock,new,,https://wa.me/905447217289?text=Merhaba%2C%20Sinbo%20STM-5845%20Elektrikli%20%C3%87ay%20Makinesi%20/%20Electric%20Tea%20Maker%20Inox%20/%20Black%20%C3%BCr%C3%BCn%C3%BC%20hakk%C4%B1nda%20bilgi%20almak%20istiyorum.,https://raw.githubusercontent.com/youlchu/fazilet/catalog-assets/products/sinbo-stm-5845-inox-black/product_hero.png,Sinbo,,,,,,,,,,,,,,,,,,,,"Çay, Kahve ve Su Isıtıcıları",Sinbo,
sinbo-turbo-blender,sinbo Turbo Blender,"sinbo Turbo Blender. Blender ve Mutfak Hazırlık kategorisinde, sıfır ve satışa hazır ürün.",in stock,new,,https://wa.me/905447217289?text=Merhaba%2C%20sinbo%20Turbo%20Blender%20%C3%BCr%C3%BCn%C3%BC%20hakk%C4%B1nda%20bilgi%20almak%20istiyorum.,https://raw.githubusercontent.com/youlchu/fazilet/catalog-assets/products/sinbo-turbo-blender/product_hero.png,sinbo,,,,,,,,,,,,,,,,,,,,Blender ve Mutfak Hazırlık,sinbo,
starger-water-dispenser-hot-normal-cold,starger WATER DISPENSER HOT & NORMAL & COLD,"starger WATER DISPENSER HOT & NORMAL & COLD. Su Sebilleri kategorisinde, sıfır ve satışa hazır ürün.",in stock,new,,https://wa.me/905447217289?text=Merhaba%2C%20starger%20WATER%20DISPENSER%20HOT%20%26%20NORMAL%20%26%20COLD%20%C3%BCr%C3%BCn%C3%BC%20hakk%C4%B1nda%20bilgi%20almak%20istiyorum.,https://raw.githubusercontent.com/youlchu/fazilet/catalog-assets/products/starger-water-dispenser-hot-normal-cold/product_hero.png,starger,,,,,,,,,,,,,,,,,,,,Su Sebilleri,starger,
stilevs-tropix-pro,Stilevs Tropix Pro Kişisel Blender,Stilevs Tropix Pro Kişisel Blender. Güç: 600 W; Bıçak: Paslanmaz çelik blender ve öğütme bıçağı; Buz Kırma Özelliği: Var; Karıştırma Şişeleri: 570 ml ve 400 ml kapasiteli BPA içermeyen şişeler; Sürahi Blender: 1200 ml BPA Free blender sürahisi.,in stock,new,,https://wa.me/905447217289?text=Merhaba%2C%20Stilevs%20Tropix%20Pro%20Ki%C5%9Fisel%20Blender%20%C3%BCr%C3%BCn%C3%BC%20hakk%C4%B1nda%20bilgi%20almak%20istiyorum.,https://raw.githubusercontent.com/youlchu/fazilet/catalog-assets/products/stilevs-tropix-pro/product_hero.png,Stilevs,,,,,,,,,,,,,,,,,,,,Blender ve Mutfak Hazırlık,Stilevs,
sunday-climator-100,Sunday Climator 100 Hava Soğutucu Air Cooler,"Sunday Climator 100 Hava Soğutucu Air Cooler. Ütüler kategorisinde, sıfır ve satışa hazır ürün.",in stock,new,,https://wa.me/905447217289?text=Merhaba%2C%20Sunday%20Climator%20100%20Hava%20So%C4%9Futucu%20Air%20Cooler%20%C3%BCr%C3%BCn%C3%BC%20hakk%C4%B1nda%20bilgi%20almak%20istiyorum.,https://raw.githubusercontent.com/youlchu/fazilet/catalog-assets/products/sunday-climator-100/product_hero.png,Sunday,,,,,,,,,,,,,,,,,,,,Ütüler,Sunday,
sunday-climator-145-10-litre-130w,Sunday Climator 145 Hava Soğutucu Air Cooler 10 Litre / 130W,Sunday Climator 145 Hava Soğutucu Air Cooler 10 Litre / 130W. Hız Kademesi: 3 kademeli (Yavaş / Orta / Yüksek); Tank Kapasitesi: 10 L; Güç: 130 W; Zaman Ayarı: 24 Saat; Ses Seviyesi: 43 desibel.,in stock,new,,https://wa.me/905447217289?text=Merhaba%2C%20Sunday%20Climator%20145%20Hava%20So%C4%9Futucu%20Air%20Cooler%2010%20Litre%20/%20130W%20%C3%BCr%C3%BCn%C3%BC%20hakk%C4%B1nda%20bilgi%20almak%20istiyorum.,https://raw.githubusercontent.com/youlchu/fazilet/catalog-assets/products/sunday-climator-145-10-litre-130w/product_hero.png,Sunday,,,,,,,,,,,,,,,,,,,,Ütüler,Sunday,
sunday-sicak-soguk-su-sebili,Sunday Sıcak & Soğuk Su Sebili,"Sunday Sıcak & Soğuk Su Sebili. Su Sebilleri kategorisinde, sıfır ve satışa hazır ürün.",in stock,new,,https://wa.me/905447217289?text=Merhaba%2C%20Sunday%20S%C4%B1cak%20%26%20So%C4%9Fuk%20Su%20Sebili%20%C3%BCr%C3%BCn%C3%BC%20hakk%C4%B1nda%20bilgi%20almak%20istiyorum.,https://raw.githubusercontent.com/youlchu/fazilet/catalog-assets/products/sunday-sicak-soguk-su-sebili/product_hero.png,Sunday,,,,,,,,,,,,,,,,,,,,Su Sebilleri,Sunday,
tac-barbie-pink-power,TAÇ Barbie Pink Power Nevresim Takımı,TAÇ Barbie Pink Power Nevresim Takımı. Nevresim Ebadı: 160 x 220 cm; Lastikli Çarşaf Ebadı: 100 x 200 cm; Yastık Kılıfı Ebadı: 50 x 70 cm (1 adet); Kumaş Türü: %100 Pamuk.,in stock,new,,https://wa.me/905447217289?text=Merhaba%2C%20TA%C3%87%20Barbie%20Pink%20Power%20Nevresim%20Tak%C4%B1m%C4%B1%20%C3%BCr%C3%BCn%C3%BC%20hakk%C4%B1nda%20bilgi%20almak%20istiyorum.,https://raw.githubusercontent.com/youlchu/fazilet/catalog-assets/products/tac-barbie-pink-power/product_hero.png,TAÇ,,,,,,,,,,,,,,,,,,,,Ev Tekstili,TAÇ,
tac-besiktas-efsane-tek-kisilik-nevresim-takimi,Taç Beşiktaş Efsane Lisanslı Tek Kişilik Nevresim Takımı,"Taç Beşiktaş Efsane Lisanslı Tek Kişilik Nevresim Takımı. Ev Tekstili kategorisinde, sıfır ve satışa hazır ürün.",in stock,new,,https://wa.me/905447217289?text=Merhaba%2C%20Ta%C3%A7%20Be%C5%9Fikta%C5%9F%20Efsane%20Lisansl%C4%B1%20Tek%20Ki%C5%9Filik%20Nevresim%20Tak%C4%B1m%C4%B1%20%C3%BCr%C3%BCn%C3%BC%20hakk%C4%B1nda%20bilgi%20almak%20istiyorum.,https://raw.githubusercontent.com/youlchu/fazilet/catalog-assets/products/tac-besiktas-efsane-tek-kisilik-nevresim-takimi/product_hero.png,Taç,,,,,,,,,,,,,,,,,,,,Ev Tekstili,Taç,
tac-fenerbahce-efsane-tek-kisilik-nevresim-takimi,Taç Fenerbahçe Efsane Lisanslı Tek Kişilik Nevresim Takımı,"Taç Fenerbahçe Efsane Lisanslı Tek Kişilik Nevresim Takımı. Ev Tekstili kategorisinde, sıfır ve satışa hazır ürün.",in stock,new,,https://wa.me/905447217289?text=Merhaba%2C%20Ta%C3%A7%20Fenerbah%C3%A7e%20Efsane%20Lisansl%C4%B1%20Tek%20Ki%C5%9Filik%20Nevresim%20Tak%C4%B1m%C4%B1%20%C3%BCr%C3%BCn%C3%BC%20hakk%C4%B1nda%20bilgi%20almak%20istiyorum.,https://raw.githubusercontent.com/youlchu/fazilet/catalog-assets/products/tac-fenerbahce-efsane-tek-kisilik-nevresim-takimi/product_hero.png,Taç,,,,,,,,,,,,,,,,,,,,Ev Tekstili,Taç,
tac-galatasaray-kirmizi-logo-tek-kisilik-nevresim-takimi,Taç Galatasaray Kırmızı Logo Lisanslı Tek Kişilik Nevresim Takımı,"Taç Galatasaray Kırmızı Logo Lisanslı Tek Kişilik Nevresim Takımı. Ev Tekstili kategorisinde, sıfır ve satışa hazır ürün.",in stock,new,,https://wa.me/905447217289?text=Merhaba%2C%20Ta%C3%A7%20Galatasaray%20K%C4%B1rm%C4%B1z%C4%B1%20Logo%20Lisansl%C4%B1%20Tek%20Ki%C5%9Filik%20Nevresim%20Tak%C4%B1m%C4%B1%20%C3%BCr%C3%BCn%C3%BC%20hakk%C4%B1nda%20bilgi%20almak%20istiyorum.,https://raw.githubusercontent.com/youlchu/fazilet/catalog-assets/products/tac-galatasaray-kirmizi-logo-tek-kisilik-nevresim-takimi/product_hero.png,Taç,,,,,,,,,,,,,,,,,,,,Ev Tekstili,Taç,
tefal-easygliss-plus-fv5770-mavi,Tefal Easygliss Plus FV5770 Easygliss Plus FV5770 Buharlı Ütü Mavi,Tefal Easygliss Plus FV5770 Easygliss Plus FV5770 Buharlı Ütü Mavi. Güç: 2700 W; Sürekli Buhar Çıkışı: 50 g/dk; Şok Buhar Gücü: 240 g/dk; Taban Teknolojisi: Durilium Airglide; Otomatik Kapanma: Var.,in stock,new,,https://wa.me/905447217289?text=Merhaba%2C%20Tefal%20Easygliss%20Plus%20FV5770%20Easygliss%20Plus%20FV5770%20Buharl%C4%B1%20%C3%9Ct%C3%BC%20Mavi%20%C3%BCr%C3%BCn%C3%BC%20hakk%C4%B1nda%20bilgi%20almak%20istiyorum.,https://raw.githubusercontent.com/youlchu/fazilet/catalog-assets/products/tefal-easygliss-plus-fv5770-mavi/product_hero.png,Tefal,,,,,,,,,,,,,,,,,,,,Ütüler,Tefal,
tefal-fv2868-2500-w,Tefal FV2868 Express Steam+ Buharlı Ütü 2500 W,Tefal FV2868 Express Steam+ Buharlı Ütü 2500 W. Güç: 2500 W; Şok Buhar: 160 g/dk; Sürekli Buhar: 45 g/dk; Su Haznesi Kapasitesi: 270 ml; Taban: Seramik.,in stock,new,,https://wa.me/905447217289?text=Merhaba%2C%20Tefal%20FV2868%20Express%20Steam%2B%20Buharl%C4%B1%20%C3%9Ct%C3%BC%202500%20W%20%C3%BCr%C3%BCn%C3%BC%20hakk%C4%B1nda%20bilgi%20almak%20istiyorum.,https://raw.githubusercontent.com/youlchu/fazilet/catalog-assets/products/tefal-fv2868-2500-w/product_hero.png,Tefal,,,,,,,,,,,,,,,,,,,,Ütüler,Tefal,
tefal-fv5770-2700-w,Tefal FV5770 Tefal Easygliss Plus FV5770 Buharlı Ütü 2700 W,Tefal FV5770 Tefal Easygliss Plus FV5770 Buharlı Ütü 2700 W. Güç: 2700 W; Sürekli Buhar Çıkışı: 50 g/dk'ya kadar; Şok Buhar: 240 g/dk; Taban Teknolojisi: Durilium Airglide; Otomatik Kapanma: Var (Auto Off).,in stock,new,,https://wa.me/905447217289?text=Merhaba%2C%20Tefal%20FV5770%20Tefal%20Easygliss%20Plus%20FV5770%20Buharl%C4%B1%20%C3%9Ct%C3%BC%202700%20W%20%C3%BCr%C3%BCn%C3%BC%20hakk%C4%B1nda%20bilgi%20almak%20istiyorum.,https://raw.githubusercontent.com/youlchu/fazilet/catalog-assets/products/tefal-fv5770-2700-w/product_hero.png,Tefal,,,,,,,,,,,,,,,,,,,,Ütüler,Tefal,
tefal-fv8042,Tefal FV8042 Puregliss,Tefal FV8042 Puregliss. Güç: 2900 W; Sürekli Buhar Çıkışı: 50 g/dk; Şok Buhar: 270 g/dk; Taban: Durilium Airglide AutoClean; Otomatik Kapanma: Var.,in stock,new,,https://wa.me/905447217289?text=Merhaba%2C%20Tefal%20FV8042%20Puregliss%20%C3%BCr%C3%BCn%C3%BC%20hakk%C4%B1nda%20bilgi%20almak%20istiyorum.,https://raw.githubusercontent.com/youlchu/fazilet/catalog-assets/products/tefal-fv8042/product_hero.png,Tefal,,,,,,,,,,,,,,,,,,,,Ütüler,Tefal,
tefal-fv8042-2900w-50g-min-270g-boost,Tefal FV8042 Puregliss FV8042 2900W 50g/min 270g boost,Tefal FV8042 Puregliss FV8042 2900W 50g/min 270g boost. Güç: 2900 W; Sürekli Buhar Çıkışı: 50 g/dk; Şok Buhar Gücü: 270 g/dk; Taban Teknolojisi: Durilium Airglide AutoClean; Kireç Filtresi: Micro Calc Filter.,in stock,new,,https://wa.me/905447217289?text=Merhaba%2C%20Tefal%20FV8042%20Puregliss%20FV8042%202900W%2050g/min%20270g%20boost%20%C3%BCr%C3%BCn%C3%BC%20hakk%C4%B1nda%20bilgi%20almak%20istiyorum.,https://raw.githubusercontent.com/youlchu/fazilet/catalog-assets/products/tefal-fv8042-2900w-50g-min-270g-boost/product_hero.png,Tefal,,,,,,,,,,,,,,,,,,,,Ütüler,Tefal,
tefal-fv9e50e0,Tefal FV9E50E0 Ultimate Power Pro,Tefal FV9E50E0 Ultimate Power Pro. Güç: 3200 W; Sürekli Buhar Çıkışı: 85 g/dk; Şok Buhar Gücü: 300 g/dk; Taban Türü: Durilium AirGlide; Su Haznesi Kapasitesi: 350 ml.,in stock,new,,https://wa.me/905447217289?text=Merhaba%2C%20Tefal%20FV9E50E0%20Ultimate%20Power%20Pro%20%C3%BCr%C3%BCn%C3%BC%20hakk%C4%B1nda%20bilgi%20almak%20istiyorum.,https://raw.githubusercontent.com/youlchu/fazilet/catalog-assets/products/tefal-fv9e50e0/product_hero.png,Tefal,,,,,,,,,,,,,,,,,,,,Ütüler,Tefal,
tefal-gv9820-pro-express-vision-buhar-kazanli-utu,Tefal GV9820 Pro Express Vision Buhar Kazanlı Ütü,"Tefal GV9820 Pro Express Vision Buhar Kazanlı Ütü. Ütüler kategorisinde, sıfır ve satışa hazır ürün.",in stock,new,,https://wa.me/905447217289?text=Merhaba%2C%20Tefal%20GV9820%20Pro%20Express%20Vision%20Buhar%20Kazanl%C4%B1%20%C3%9Ct%C3%BC%20%C3%BCr%C3%BCn%C3%BC%20hakk%C4%B1nda%20bilgi%20almak%20istiyorum.,https://raw.githubusercontent.com/youlchu/fazilet/catalog-assets/products/tefal-gv9820-pro-express-vision-buhar-kazanli-utu/product_hero.png,Tefal,,,,,,,,,,,,,,,,,,,,Ütüler,Tefal,
tefal-puregliss-3000-50-280,Tefal Puregliss Steam iron 3000 50 280,"Tefal Puregliss Steam iron 3000 50 280. Ütüler kategorisinde, sıfır ve satışa hazır ürün.",in stock,new,,https://wa.me/905447217289?text=Merhaba%2C%20Tefal%20Puregliss%20Steam%20iron%203000%2050%20280%20%C3%BCr%C3%BCn%C3%BC%20hakk%C4%B1nda%20bilgi%20almak%20istiyorum.,https://raw.githubusercontent.com/youlchu/fazilet/catalog-assets/products/tefal-puregliss-3000-50-280/product_hero.png,Tefal,,,,,,,,,,,,,,,,,,,,Ütüler,Tefal,
tefal-puregliss-fv8042-fv8042,Tefal Puregliss FV8042 Buharlı Ütü FV8042,Tefal Puregliss FV8042 Buharlı Ütü FV8042. Güç: 2900 W; Sürekli buhar çıkışı: 50 g/dk; Şok buhar: 270 g/dk; Taban: Durilium Airglide AutoClean; Otomatik kapanma: Var.,in stock,new,,https://wa.me/905447217289?text=Merhaba%2C%20Tefal%20Puregliss%20FV8042%20Buharl%C4%B1%20%C3%9Ct%C3%BC%20FV8042%20%C3%BCr%C3%BCn%C3%BC%20hakk%C4%B1nda%20bilgi%20almak%20istiyorum.,https://raw.githubusercontent.com/youlchu/fazilet/catalog-assets/products/tefal-puregliss-fv8042-fv8042/product_hero.png,Tefal,,,,,,,,,,,,,,,,,,,,Ütüler,Tefal,
tefal-ultimate-power-pro-fv9e50,Tefal Ultimate Power Pro FV9E50 Buharlı Ütü,Tefal Ultimate Power Pro FV9E50 Buharlı Ütü. Güç: 3200 W; Sürekli Buhar Çıkışı: 85 g/dk; Şok Buhar: 300 g/dk; Taban Teknolojisi: Durilium AirGlide; Otomatik Kapanma: Var.,in stock,new,,https://wa.me/905447217289?text=Merhaba%2C%20Tefal%20Ultimate%20Power%20Pro%20FV9E50%20Buharl%C4%B1%20%C3%9Ct%C3%BC%20%C3%BCr%C3%BCn%C3%BC%20hakk%C4%B1nda%20bilgi%20almak%20istiyorum.,https://raw.githubusercontent.com/youlchu/fazilet/catalog-assets/products/tefal-ultimate-power-pro-fv9e50/product_hero.png,Tefal,,,,,,,,,,,,,,,,,,,,Ütüler,Tefal,
tefal-ultimate-power-pro-fv9e50-3200-85-300,Tefal Ultimate Power Pro FV9E50 Buharlı Ütü 3200 85 300,Tefal Ultimate Power Pro FV9E50 Buharlı Ütü 3200 85 300. Güç: 3200 W; Sürekli Buhar Çıkışı: 85 g/dk; Şok Buhar: 300 g/dk; Taban Teknolojisi: Durilium AirGlide; Su Haznesi Kapasitesi: 350 ml.,in stock,new,,https://wa.me/905447217289?text=Merhaba%2C%20Tefal%20Ultimate%20Power%20Pro%20FV9E50%20Buharl%C4%B1%20%C3%9Ct%C3%BC%203200%2085%20300%20%C3%BCr%C3%BCn%C3%BC%20hakk%C4%B1nda%20bilgi%20almak%20istiyorum.,https://raw.githubusercontent.com/youlchu/fazilet/catalog-assets/products/tefal-ultimate-power-pro-fv9e50-3200-85-300/product_hero.png,Tefal,,,,,,,,,,,,,,,,,,,,Ütüler,Tefal,
tefal-ultimate-pure,Tefal Ultimate Pure,"Tefal Ultimate Pure. Ütüler kategorisinde, sıfır ve satışa hazır ürün.",in stock,new,,https://wa.me/905447217289?text=Merhaba%2C%20Tefal%20Ultimate%20Pure%20%C3%BCr%C3%BCn%C3%BC%20hakk%C4%B1nda%20bilgi%20almak%20istiyorum.,https://raw.githubusercontent.com/youlchu/fazilet/catalog-assets/products/tefal-ultimate-pure/product_hero.png,Tefal,,,,,,,,,,,,,,,,,,,,Ütüler,Tefal,
tefal-ultragliss-anti-calc-plus-2800-w-260-g,Tefal ULTRAGLISS ANTI-CALC PLUS 2800 W / 260 g,"Tefal ULTRAGLISS ANTI-CALC PLUS 2800 W / 260 g. Ütüler kategorisinde, sıfır ve satışa hazır ürün.",in stock,new,,https://wa.me/905447217289?text=Merhaba%2C%20Tefal%20ULTRAGLISS%20ANTI-CALC%20PLUS%202800%20W%20/%20260%20g%20%C3%BCr%C3%BCn%C3%BC%20hakk%C4%B1nda%20bilgi%20almak%20istiyorum.,https://raw.githubusercontent.com/youlchu/fazilet/catalog-assets/products/tefal-ultragliss-anti-calc-plus-2800-w-260-g/product_hero.png,Tefal,,,,,,,,,,,,,,,,,,,,Ütüler,Tefal,
tefal-x-force-flex-9-60-sarjli-dikey-supurge,Tefal X-Force Flex 9.60 100 Air Watt Kablosuz Şarjlı Dikey Süpürge,"Tefal X-Force Flex 9.60 100 Air Watt Kablosuz Şarjlı Dikey Süpürge. Süpürgeler kategorisinde, sıfır ve satışa hazır ürün.",in stock,new,,https://wa.me/905447217289?text=Merhaba%2C%20Tefal%20X-Force%20Flex%209.60%20100%20Air%20Watt%20Kablosuz%20%C5%9Earjl%C4%B1%20Dikey%20S%C3%BCp%C3%BCrge%20%C3%BCr%C3%BCn%C3%BC%20hakk%C4%B1nda%20bilgi%20almak%20istiyorum.,https://raw.githubusercontent.com/youlchu/fazilet/catalog-assets/products/tefal-x-force-flex-9-60-sarjli-dikey-supurge/product_hero.png,Tefal,,,,,,,,,,,,,,,,,,,,Süpürgeler,Tefal,
troya-tr-516-black-with-red-blades,TROYA TR 516 MASA ÜSTÜ VANTİLATÖR Black with red blades,TROYA TR 516 MASA ÜSTÜ VANTİLATÖR Black with red blades. Motor gücü: 40 W; Kanat sayısı: 3 kanatlı pervane; Hız kademesi: 3 kademeli; Pervane boyutu: 9 inç (23 cm); Kullanım tipi: Masaüstü.,in stock,new,,https://wa.me/905447217289?text=Merhaba%2C%20TROYA%20TR%20516%20MASA%20%C3%9CST%C3%9C%20VANT%C4%B0LAT%C3%96R%20Black%20with%20red%20blades%20%C3%BCr%C3%BCn%C3%BC%20hakk%C4%B1nda%20bilgi%20almak%20istiyorum.,https://raw.githubusercontent.com/youlchu/fazilet/catalog-assets/products/troya-tr-516-black-with-red-blades/product_hero.png,TROYA,,,,,,,,,,,,,,,,,,,,İklimlendirme ve Isıtma,TROYA,
zorlu-besiktas-kartal-battaniye-160x220,Zorlu Beşiktaş Kartal Lisanslı Battaniye 160 x 220 cm,"Zorlu Beşiktaş Kartal Lisanslı Battaniye 160 x 220 cm. Ev Tekstili kategorisinde, sıfır ve satışa hazır ürün.",in stock,new,,https://wa.me/905447217289?text=Merhaba%2C%20Zorlu%20Be%C5%9Fikta%C5%9F%20Kartal%20Lisansl%C4%B1%20Battaniye%20160%20x%20220%20cm%20%C3%BCr%C3%BCn%C3%BC%20hakk%C4%B1nda%20bilgi%20almak%20istiyorum.,https://raw.githubusercontent.com/youlchu/fazilet/catalog-assets/products/zorlu-besiktas-kartal-battaniye-160x220/product_hero.png,Zorlu,,,,,,,,,,,,,,,,,,,,Ev Tekstili,Zorlu,
